threat_id,timestamp,threat_name,threat_category,indicator_type,indicator_value,source_name,confidence_score,severity,risk_score,status,first_seen,last_seen,country_or_region_optional,description,mitre_tactic_optional,mitre_technique_optional,cve_id_optional,campaign_id,observation_count
THR-2026-001,2026-09-19T23:27:29+00:00,Synthetic Credential Phishing Campaign,Phishing,DOMAIN,login-check.invalid,Security Vendor,85,HIGH,78,MONITORING,2026-09-04T23:27:29+00:00,2026-09-19T23:27:29+00:00,Global,Synthetic credential-phishing lure domain observed in demo telemetry; mimics a login verification portal. SYNTHETIC / DEMO ONLY - fictional indicator for defensive training. Never visit this domain.,Initial Access,T1566.002 (Phishing: Spearphishing Link),,SYN-CAMP-2026-001,3
THR-2026-002,2026-09-19T23:27:29+00:00,Synthetic Phishing Infrastructure IP,Phishing,IP ADDRESS,198.51.100.25,Security Vendor,85,HIGH,78,MONITORING,2026-09-04T23:27:29+00:00,2026-09-19T23:27:29+00:00,Global,"Synthetic hosting IP observed serving a phishing lure page in demo telemetry. SYNTHETIC / DEMO ONLY - documentation-range address, never contacted.",Initial Access,T1566.002 (Phishing: Spearphishing Link),,SYN-CAMP-2026-001,3
THR-2026-003,2026-09-19T23:27:29+00:00,Synthetic Phishing Payload Hash,Phishing,FILE HASH,a1b2c3d4e5f60718293a4b5c6d7e8f90a1b2c3d4e5f60718293a4b5c6d7e8f90,Research Report,70,HIGH,73,UNDER_REVIEW,2026-09-04T23:27:29+00:00,2026-09-19T23:27:29+00:00,Global,"Synthetic attachment hash observed in a demo phishing document campaign. SYNTHETIC / DEMO ONLY - random synthetic hash, never executed or looked up online.",Initial Access,T1566.001 (Phishing: Spearphishing Attachment),,SYN-CAMP-2026-001,2
THR-2026-004,2026-09-19T23:27:29+00:00,Synthetic Phishing Lure Corroboration,Phishing,DOMAIN,login-check.invalid,Public Threat Feed,70,HIGH,74,MONITORING,2026-09-04T23:27:29+00:00,2026-09-19T23:27:29+00:00,Global,Corroborating observation of the synthetic phishing lure domain from a second demo feed. SYNTHETIC / DEMO ONLY.,Initial Access,T1566.002 (Phishing: Spearphishing Link),,SYN-CAMP-2026-001,4
THR-2026-005,2026-09-19T23:27:29+00:00,Synthetic Phishing Lure Internal Sighting,Phishing,DOMAIN,login-check.invalid,Internal SOC,100,HIGH,87,MONITORING,2026-09-04T23:27:29+00:00,2026-09-19T23:27:29+00:00,Global,Internal demo e-mail gateway sighting of the synthetic phishing lure domain. SYNTHETIC / DEMO ONLY.,Initial Access,T1566.002 (Phishing: Spearphishing Link),,SYN-CAMP-2026-001,5
THR-2026-006,2026-09-19T23:27:29+00:00,Synthetic Phishing Host IP Corroboration,Phishing,IP ADDRESS,198.51.100.25,Internal SOC,100,HIGH,85,MONITORING,2026-09-04T23:27:29+00:00,2026-09-19T23:27:29+00:00,Global,Corroborating internal demo sighting of the synthetic phishing host IP. SYNTHETIC / DEMO ONLY - documentation-range address.,Initial Access,T1566.001 (Phishing: Spearphishing Attachment),,SYN-CAMP-2026-001,4
THR-2026-007,2026-09-19T23:27:29+00:00,Synthetic Phishing Lure URL,Phishing,URL,https://login-check.invalid/verify-account.html,Research Report,70,HIGH,73,NEW,2026-09-04T23:27:29+00:00,2026-09-19T23:27:29+00:00,Global,Synthetic phishing lure URL observed in demo telemetry; link leads to a fake account verification page. SYNTHETIC / DEMO ONLY - never visited or fetched by this application.,Initial Access,T1566.002 (Phishing: Spearphishing Link),,SYN-CAMP-2026-001,2
THR-2026-008,2026-09-19T23:27:29+00:00,Synthetic Phishing Host IP Feed Sighting,Phishing,IP ADDRESS,198.51.100.25,Public Threat Feed,70,HIGH,72,MONITORING,2026-09-04T23:27:29+00:00,2026-09-19T23:27:29+00:00,Global,Third demo feed sighting of the synthetic phishing host IP. SYNTHETIC / DEMO ONLY.,,,,SYN-CAMP-2026-001,3
THR-2026-0009,2026-06-06T23:27:29+00:00,Demo Malware Distribution Observation,Malware,FILE HASH,73bf8a1487ae5b6c7ba7685aaf54c3f816f6ba7155ac0d124c6511a1eacbc7c8,Community Submission,60,MEDIUM,64,MONITORING,2026-06-03T23:27:29+00:00,2026-06-06T23:27:29+00:00,North America,"Synthetic hash observed in demo telemetry. No behavioural report is available, so classification remains general. ",,,,SYN-CAMP-1727-000,11
THR-2026-0010,2026-05-27T23:27:29+00:00,Synthetic Trojan Hash Indicator,Malware,FILE HASH,54fca2cefa1f0e83435b6f6e65d4bf7142ef4773,Security Vendor,75,INFORMATIONAL,57,CLOSED,2026-05-26T23:27:29+00:00,2026-05-27T23:27:29+00:00,Asia-Pacific,Synthetic trojan hash sighted in demo data; associated with credential dumping behaviour in the sandbox report. ,,,,SYN-CAMP-1727-000,9
THR-2026-0011,2026-06-06T23:27:29+00:00,Synthetic Malware Sample Hash,Malware,FILE HASH,825d0a48037b0b10277c4b260db669ca,Community Submission,60,MEDIUM,64,CLOSED,2026-05-31T23:27:29+00:00,2026-06-06T23:27:29+00:00,Europe,"Synthetic hash observed in demo telemetry. No behavioural report is available, so classification remains general. ",,,,SYN-CAMP-1727-000,12
THR-2025-0001,2025-12-24T23:27:29+00:00,Synthetic Backdoor Beacon Observation,Malware,FILE HASH,39d7defc3c83a3cd8c9f458cabc9d2b8062e2659,Security Vendor,70,MEDIUM,61,MONITORING,2025-12-17T23:27:29+00:00,2025-12-24T23:27:29+00:00,Middle East & Africa,Synthetic malware hash observed in demo telemetry; sample behaves as a downloader that executes an obfuscated payload and establishes C2 callback traffic. ,Execution,T1204.002 (User Execution: Malicious File),,SYN-CAMP-4918-001,9
THR-2025-0002,2025-12-28T23:27:29+00:00,Demo Downloader Hash Observation,Malware,FILE HASH,39d7defc3c83a3cd8c9f458cabc9d2b8062e2659,Community Submission,55,MEDIUM,55,FALSE_POSITIVE,2025-12-17T23:27:29+00:00,2025-12-28T23:27:29+00:00,Middle East & Africa,"Synthetic hash observed in demo telemetry. No behavioural report is available, so classification remains general. ",,,,SYN-CAMP-4918-001,9
THR-2026-0012,2026-09-23T23:27:29+00:00,Synthetic Credential Stuffing Observation,Credential Theft,URL,http://mail.invalid/attachment/invoice-2026.zip.html,Research Report,80,HIGH,82,NEW,2026-09-11T23:27:29+00:00,2026-09-23T23:27:29+00:00,Latin America,Synthetic credential-harvesting page observed in demo telemetry; the page mimics a password store sign-in form. ,Credential Access,T1555 (Credentials from Password Stores),,SYN-CAMP-8931-002,8
THR-2026-0013,2026-09-12T23:27:29+00:00,Synthetic Credential Stuffing Observation,Credential Theft,IP ADDRESS,203.0.113.70,Public Threat Feed,75,HIGH,78,NEW,2026-09-10T23:27:29+00:00,2026-09-12T23:27:29+00:00,Latin America,Synthetic credential stuffing activity observed in demo telemetry; high volume of brute force attempts against login endpoints from shared infrastructure. ,Credential Access,T1110 (Brute Force),,SYN-CAMP-8931-002,12
THR-2026-0014,2026-09-15T23:27:29+00:00,Demo Brute Force Activity,Credential Theft,IP ADDRESS,203.0.113.70,Security Vendor,90,HIGH,84,NEW,2026-09-05T23:27:29+00:00,2026-09-15T23:27:29+00:00,Unknown,Synthetic credential stuffing activity observed in demo telemetry; high volume of brute force attempts against login endpoints from shared infrastructure. ,Credential Access,T1110 (Brute Force),,SYN-CAMP-8931-002,12
THR-2026-0015,2026-09-19T23:27:29+00:00,Synthetic Credential Harvester Sighting,Credential Theft,URL,http://mail.invalid/attachment/invoice-2026.zip.html,Public Threat Feed,65,CRITICAL,83,UNDER_REVIEW,2026-09-09T23:27:29+00:00,2026-09-19T23:27:29+00:00,Middle East & Africa,Synthetic credential-harvesting page observed in demo telemetry; the page mimics a password store sign-in form. ,Credential Access,T1555 (Credentials from Password Stores),,SYN-CAMP-8931-002,8
THR-2026-0016,2026-09-09T23:27:29+00:00,Synthetic Credential Stuffing Observation,Credential Theft,IP ADDRESS,203.0.113.70,Research Report,90,HIGH,84,CLOSED,2026-09-08T23:27:29+00:00,2026-09-09T23:27:29+00:00,Unknown,Synthetic credential stuffing activity observed in demo telemetry; high volume of brute force attempts against login endpoints from shared infrastructure. ,Credential Access,T1110 (Brute Force),,SYN-CAMP-8931-002,9
THR-2026-0017,2026-09-21T23:27:29+00:00,Demo Password Spray Observation,Credential Theft,IP ADDRESS,203.0.113.70,Community Submission,75,MEDIUM,72,MONITORING,2026-09-09T23:27:29+00:00,2026-09-21T23:27:29+00:00,Unknown,Synthetic credential stuffing activity observed in demo telemetry; high volume of brute force attempts against login endpoints from shared infrastructure. ,Credential Access,T1110 (Brute Force),,SYN-CAMP-8931-002,7
THR-2025-0003,2025-05-17T23:27:29+00:00,Demo Phishing Campaign Indicator,Phishing,DOMAIN,billing.updates.invalid,Internal SOC,75,LOW,59,FALSE_POSITIVE,2025-05-05T23:27:29+00:00,2025-05-17T23:27:29+00:00,Global,Synthetic phishing lure domain observed in demo telemetry; the domain mimics a login verification portal. Indicator is analysed as data only - never visited. ,Initial Access,T1566.002 (Phishing: Spearphishing Link),,SYN-CAMP-1178-003,11
THR-2025-0004,2025-04-30T23:27:29+00:00,Synthetic Phishing Infrastructure Sighting,Phishing,DOMAIN,service.login.invalid,Security Vendor,55,CRITICAL,64,CLOSED,2025-04-26T23:27:29+00:00,2025-04-30T23:27:29+00:00,Latin America,Synthetic credential-phishing URL observed sending users to a fake account verification page in demo logs. ,Initial Access,T1566.002 (Phishing: Spearphishing Link),,SYN-CAMP-1178-003,2
THR-2025-0005,2025-05-10T23:27:29+00:00,Synthetic Lookalike Domain Alert,Phishing,DOMAIN,billing.updates.invalid,Internal SOC,75,MEDIUM,65,NEW,2025-05-05T23:27:29+00:00,2025-05-10T23:27:29+00:00,Middle East & Africa,Synthetic phishing lure domain observed in demo telemetry; the domain mimics a login verification portal. Indicator is analysed as data only - never visited. ,Initial Access,T1566.002 (Phishing: Spearphishing Link),,SYN-CAMP-1178-003,7
THR-2025-0006,2025-05-05T23:27:29+00:00,Synthetic Fake Portal Domain,Phishing,DOMAIN,portal.auth.invalid,Security Vendor,55,MEDIUM,58,UNDER_REVIEW,2025-04-30T23:27:29+00:00,2025-05-05T23:27:29+00:00,Europe,Synthetic credential-phishing URL observed sending users to a fake account verification page in demo logs. ,Initial Access,T1566.002 (Phishing: Spearphishing Link),,SYN-CAMP-1178-003,10
THR-2025-0007,2025-05-12T23:27:29+00:00,Demo Credential Phishing Observation,Phishing,DOMAIN,service.login.invalid,Internal SOC,75,INFORMATIONAL,53,MONITORING,2025-05-06T23:27:29+00:00,2025-05-12T23:27:29+00:00,Asia-Pacific,Synthetic e-mail attachment campaign observed in demo telemetry distributing phishing documents with credential harvest links. ,Initial Access,T1566.002 (Phishing: Spearphishing Link),,SYN-CAMP-1178-003,10
THR-2025-0008,2025-05-07T23:27:29+00:00,Demo Credential Phishing Observation,Phishing,DOMAIN,billing.updates.invalid,Public Threat Feed,45,MEDIUM,52,FALSE_POSITIVE,2025-04-28T23:27:29+00:00,2025-05-07T23:27:29+00:00,Asia-Pacific,Synthetic phishing lure domain observed in demo telemetry; the domain mimics a login verification portal. Indicator is analysed as data only - never visited. ,Initial Access,T1566.002 (Phishing: Spearphishing Link),,SYN-CAMP-1178-003,5
THR-2025-0009,2025-12-10T23:27:29+00:00,Demo Ransomware C2 Observation,Ransomware,FILE HASH,716cbdcd441c34078cf45f8213dbacfbf7d45bdb9b629f55f98c5cdee608b42b,Community Submission,50,LOW,52,CLOSED,2025-11-30T23:27:29+00:00,2025-12-10T23:27:29+00:00,Unknown,Synthetic indicator tentatively associated with ransomware activity in demo data. Behavioural context is not yet available. ,,,,SYN-CAMP-3703-004,8
THR-2025-0010,2025-12-07T23:27:29+00:00,Synthetic Ransomware Note Indicator,Ransomware,FILE HASH,7697b8ceaa3bd06019d70071b1372d6e28aaf0956e31c72a224412f473293b11,Internal SOC,80,MEDIUM,70,CLOSED,2025-11-30T23:27:29+00:00,2025-12-07T23:27:29+00:00,Middle East & Africa,Synthetic ransomware sample observed in demo telemetry; the sample attempts file encryption of user documents and inhibits system recovery options. ,Impact,T1486 (Data Encrypted for Impact),,SYN-CAMP-3703-004,9
THR-2025-0011,2025-12-02T23:27:29+00:00,Synthetic Ransomware Note Indicator,Ransomware,DOMAIN,billing.invalid,Public Threat Feed,50,MEDIUM,58,UNDER_REVIEW,2025-11-30T23:27:29+00:00,2025-12-02T23:27:29+00:00,North America,Synthetic ransomware indicator observed in demo data; associated with service stop behaviour prior to encryption and data extortion staging. ,Impact,T1486 (Data Encrypted for Impact),,SYN-CAMP-3703-004,9
THR-2025-0012,2025-11-23T23:27:29+00:00,Demo Unpatched Service Indicator,Vulnerability Exposure,DOMAIN,payment.mail.invalid,Research Report,75,MEDIUM,66,CLOSED,2025-11-12T23:27:29+00:00,2025-11-23T23:27:29+00:00,North America,Synthetic exploitable service observation; demo scanning metadata indicates exposure requiring patch review. ,Initial Access,T1190 (Exploit Public-Facing Application),CVE-2026-900019,SYN-CAMP-5589-005,12
THR-2025-0013,2025-11-15T23:27:29+00:00,Demo Unpatched Service Indicator,Vulnerability Exposure,DOMAIN,payment.mail.invalid,Public Threat Feed,60,HIGH,66,UNDER_REVIEW,2025-11-06T23:27:29+00:00,2025-11-15T23:27:29+00:00,,Synthetic vulnerability-related indicator from demo asset review. Detailed context pending. ,,,CVE-2025-900012,SYN-CAMP-5589-005,8
THR-2025-0014,2025-11-16T23:27:29+00:00,Synthetic Exploitable Service Observation,Vulnerability Exposure,DOMAIN,payment.mail.invalid,Internal SOC,90,MEDIUM,68,MONITORING,2025-11-14T23:27:29+00:00,2025-11-16T23:27:29+00:00,North America,Synthetic exploitable service observation; demo scanning metadata indicates exposure requiring patch review. ,Initial Access,T1190 (Exploit Public-Facing Application),CVE-2025-900029,SYN-CAMP-5589-005,4
THR-2025-0015,2025-11-15T23:27:29+00:00,Synthetic Exploitable Service Observation,Vulnerability Exposure,CVE ID,CVE-2025-900027,Public Threat Feed,55,INFORMATIONAL,42,UNDER_REVIEW,2025-11-06T23:27:29+00:00,2025-11-15T23:27:29+00:00,,Synthetic vulnerability exposure record; demo asset inventory shows an unpatched public-facing service with a known exploit path. Defensive awareness only. ,Initial Access,T1190 (Exploit Public-Facing Application),CVE-2025-900027,SYN-CAMP-5589-005,3
THR-2025-0016,2025-11-25T23:27:29+00:00,Synthetic Exploitable Service Observation,Vulnerability Exposure,DOMAIN,payment.mail.invalid,Internal SOC,90,MEDIUM,67,NEW,2025-11-13T23:27:29+00:00,2025-11-25T23:27:29+00:00,Europe,Synthetic vulnerability exposure record; demo asset inventory shows an unpatched public-facing service with a known exploit path. Defensive awareness only. ,Initial Access,T1190 (Exploit Public-Facing Application),CVE-2024-900017,SYN-CAMP-5589-005,3
THR-2025-0017,2025-02-02T23:27:29+00:00,Synthetic Fraudulent Account Creation Indicator,Account Security,EMAIL DOMAIN,verify.demo.invalid,Internal SOC,75,HIGH,71,MONITORING,2025-02-01T23:27:29+00:00,2025-02-02T23:27:29+00:00,,Synthetic fraudulent account creation observed in demo telemetry; a new account was created outside standard process. ,Persistence,T1136 (Create Account),,SYN-CAMP-9949-006,12
THR-2025-0018,2025-02-07T23:27:29+00:00,Demo Abnormal Login Pattern Observation,Account Security,EMAIL DOMAIN,verify.demo.invalid,Security Vendor,60,INFORMATIONAL,42,MONITORING,2025-01-30T23:27:29+00:00,2025-02-07T23:27:29+00:00,North America,Synthetic fraudulent account creation observed in demo telemetry; a new account was created outside standard process. ,Persistence,T1136 (Create Account),,SYN-CAMP-9949-006,3
THR-2025-0019,2025-02-11T23:27:29+00:00,Demo Abnormal Login Pattern Observation,Account Security,EMAIL DOMAIN,service.example.net,Internal SOC,70,LOW,56,FALSE_POSITIVE,2025-02-06T23:27:29+00:00,2025-02-11T23:27:29+00:00,Middle East & Africa,Synthetic account takeover risk indicator; demo telemetry shows compromised valid accounts used from unusual locations. ,Persistence,T1136 (Create Account),,SYN-CAMP-9949-006,5
THR-2025-0020,2025-02-13T23:27:29+00:00,Demo Abnormal Login Pattern Observation,Account Security,EMAIL DOMAIN,verify.demo.invalid,Internal SOC,75,LOW,59,MONITORING,2025-02-05T23:27:29+00:00,2025-02-13T23:27:29+00:00,Asia-Pacific,Synthetic account takeover risk indicator; demo telemetry shows compromised valid accounts used from unusual locations. ,Persistence,T1136 (Create Account),,SYN-CAMP-9949-006,11
THR-2025-0021,2025-12-08T23:27:29+00:00,Synthetic Vulnerability Exposure Record,Vulnerability Exposure,URL,http://verify.secure.invalid/auth/check,Public Threat Feed,55,LOW,47,MONITORING,2025-12-07T23:27:29+00:00,2025-12-08T23:27:29+00:00,Global,Synthetic vulnerability exposure record; demo asset inventory shows an unpatched public-facing service with a known exploit path. Defensive awareness only. ,Initial Access,T1190 (Exploit Public-Facing Application),CVE-2025-900024,SYN-CAMP-8772-007,5
THR-2025-0022,2025-12-14T23:27:29+00:00,Synthetic Exploitable Service Observation,Vulnerability Exposure,URL,http://verify.secure.invalid/auth/check,Internal SOC,85,CRITICAL,79,UNDER_REVIEW,2025-12-11T23:27:29+00:00,2025-12-14T23:27:29+00:00,North America,Synthetic vulnerability exposure record; demo asset inventory shows an unpatched public-facing service with a known exploit path. Defensive awareness only. ,Initial Access,T1190 (Exploit Public-Facing Application),CVE-2026-900014,SYN-CAMP-8772-007,7
THR-2025-0023,2025-12-03T23:27:29+00:00,Synthetic Vulnerability Exposure Record,Vulnerability Exposure,URL,http://verify.secure.invalid/auth/check,Internal SOC,80,CRITICAL,72,UNDER_REVIEW,2025-12-03T23:27:29+00:00,2025-12-03T23:27:29+00:00,North America,Synthetic vulnerability-related indicator from demo asset review. Detailed context pending. ,,,CVE-2024-900029,SYN-CAMP-8772-007,2
THR-2025-0024,2025-02-26T23:27:29+00:00,Demo Drive-by Download Serving Domain,Web Threats,DOMAIN,cloud-backup.login.invalid,Research Report,55,INFORMATIONAL,46,CLOSED,2025-02-25T23:27:29+00:00,2025-02-26T23:27:29+00:00,North America,Synthetic drive-by domain observed in demo data; client browser exploitation behaviour was simulated. ,Initial Access,T1190 (Exploit Public-Facing Application),,SYN-CAMP-9134-008,6
THR-2025-0025,2025-03-09T23:27:29+00:00,Demo SQL Injection Attempt Indicator,Web Threats,URL,http://cloud-backup.support.invalid/update-password,Community Submission,40,LOW,46,UNDER_REVIEW,2025-03-01T23:27:29+00:00,2025-03-09T23:27:29+00:00,North America,Synthetic web attack indicator observed in demo telemetry; exploitation attempts against a public-facing application were recorded in demo logs. ,Initial Access,T1190 (Exploit Public-Facing Application),,SYN-CAMP-9134-008,11
THR-2025-0026,2025-02-28T23:27:29+00:00,Demo SQL Injection Attempt Indicator,Web Threats,URL,http://mail.invalid/invoice/view.html,Research Report,55,CRITICAL,71,CLOSED,2025-02-25T23:27:29+00:00,2025-02-28T23:27:29+00:00,Global,Synthetic web attack indicator observed in demo telemetry; exploitation attempts against a public-facing application were recorded in demo logs. ,Initial Access,T1190 (Exploit Public-Facing Application),,SYN-CAMP-9134-008,9
THR-2026-0018,2026-08-02T23:27:29+00:00,Demo Ransomware Payload Hash,Ransomware,FILE HASH,a0059a80f945132993b879531228e1e02ac5d2a9,Security Vendor,75,MEDIUM,72,MONITORING,2026-07-26T23:27:29+00:00,2026-08-02T23:27:29+00:00,Unknown,Synthetic ransomware sample observed in demo telemetry; the sample attempts file encryption of user documents and inhibits system recovery options. ,Impact,T1486 (Data Encrypted for Impact),,SYN-CAMP-7995-009,11
THR-2026-0019,2026-08-09T23:27:29+00:00,Synthetic Ransomware Sample,Ransomware,FILE HASH,0b41b83978f9e833001218ac516a3923,Internal SOC,90,LOW,72,CLOSED,2026-07-30T23:27:29+00:00,2026-08-09T23:27:29+00:00,Unknown,Synthetic ransomware indicator observed in demo data; associated with service stop behaviour prior to encryption and data extortion staging. ,Impact,T1486 (Data Encrypted for Impact),,SYN-CAMP-7995-009,10
THR-2026-0020,2026-09-22T23:27:29+00:00,Synthetic Impersonation Attempt,Social Engineering,DOMAIN,example.org,Public Threat Feed,65,LOW,62,UNDER_REVIEW,2026-09-16T23:27:29+00:00,2026-09-22T23:27:29+00:00,Middle East & Africa,Synthetic voice-phishing (vishing) attempt observed in demo telemetry; impersonation of the IT helpdesk was reported. ,Initial Access,T1566.003 (Phishing: Spearphishing Voice),,SYN-CAMP-2764-010,5
THR-2026-0021,2026-09-27T23:27:29+00:00,Synthetic Impersonation Attempt,Social Engineering,DOMAIN,example.org,Security Vendor,80,HIGH,84,MONITORING,2026-09-17T23:27:29+00:00,2026-09-27T23:27:29+00:00,North America,Synthetic voice-phishing (vishing) attempt observed in demo telemetry; impersonation of the IT helpdesk was reported. ,Initial Access,T1566.003 (Phishing: Spearphishing Voice),,SYN-CAMP-2764-010,8
THR-2026-0022,2026-09-22T23:27:29+00:00,Demo SMiShing Sender Observation,Social Engineering,EMAIL DOMAIN,account.example.org,Public Threat Feed,60,MEDIUM,65,MONITORING,2026-09-19T23:27:29+00:00,2026-09-22T23:27:29+00:00,Unknown,Synthetic SMiShing campaign indicator observed in demo data; messages impersonate a delivery service with a QR code lure. ,Initial Access,T1566.003 (Phishing: Spearphishing Voice),,SYN-CAMP-2764-010,4
THR-2024-0001,2024-11-09T23:27:29+00:00,Synthetic Phishing Lure Domain,Phishing,DOMAIN,secure.support.invalid,Research Report,65,LOW,51,MONITORING,2024-11-07T23:27:29+00:00,2024-11-09T23:27:29+00:00,Asia-Pacific,Synthetic credential-phishing URL observed sending users to a fake account verification page in demo logs. ,Initial Access,T1566.002 (Phishing: Spearphishing Link),,SYN-CAMP-8932-011,10
THR-2024-0002,2024-11-12T23:27:29+00:00,Synthetic Lookalike Domain Alert,Phishing,DOMAIN,secure.support.invalid,Public Threat Feed,50,INFORMATIONAL,39,MONITORING,2024-11-02T23:27:29+00:00,2024-11-12T23:27:29+00:00,,Synthetic credential-phishing URL observed sending users to a fake account verification page in demo logs. ,Initial Access,T1566.002 (Phishing: Spearphishing Link),,SYN-CAMP-8932-011,9
THR-2024-0003,2024-11-15T23:27:29+00:00,Demo Phishing Campaign Indicator,Phishing,DOMAIN,secure.support.invalid,Security Vendor,65,INFORMATIONAL,45,UNDER_REVIEW,2024-11-07T23:27:29+00:00,2024-11-15T23:27:29+00:00,Latin America,Synthetic e-mail attachment campaign observed in demo telemetry distributing phishing documents with credential harvest links. ,Initial Access,T1566.002 (Phishing: Spearphishing Link),,SYN-CAMP-8932-011,9
THR-2024-0004,2024-11-24T23:27:29+00:00,Synthetic Malware Sample Hash,Malware,FILE HASH,ea90e3cbd1b209cd3368f8c08dea4d65d077c62c,Community Submission,45,LOW,46,UNDER_REVIEW,2024-11-13T23:27:29+00:00,2024-11-24T23:27:29+00:00,North America,Synthetic trojan hash sighted in demo data; associated with credential dumping behaviour in the sandbox report. ,,,,SYN-CAMP-6402-012,5
THR-2024-0005,2024-11-25T23:27:29+00:00,Synthetic Loader Hash Sighting,Malware,FILE HASH,ea90e3cbd1b209cd3368f8c08dea4d65d077c62c,Research Report,60,MEDIUM,60,UNDER_REVIEW,2024-11-17T23:27:29+00:00,2024-11-25T23:27:29+00:00,Unknown,"Synthetic hash observed in demo telemetry. No behavioural report is available, so classification remains general. ",,,,SYN-CAMP-6402-012,8
THR-2024-0006,2024-11-12T23:27:29+00:00,Synthetic Loader Hash Sighting,Malware,DOMAIN,update.login.invalid,Security Vendor,55,MEDIUM,58,MONITORING,2024-11-12T23:27:29+00:00,2024-11-12T23:27:29+00:00,,"Synthetic hash observed in demo telemetry. No behavioural report is available, so classification remains general. ",,,,SYN-CAMP-6402-012,12
THR-2025-0027,2025-12-22T23:27:29+00:00,Demo Credential Phishing Observation,Phishing,URL,https://support.mail.invalid/verify-account.html,Research Report,70,MEDIUM,58,NEW,2025-12-10T23:27:29+00:00,2025-12-22T23:27:29+00:00,Latin America,Synthetic e-mail attachment campaign observed in demo telemetry distributing phishing documents with credential harvest links. ,Initial Access,T1566.002 (Phishing: Spearphishing Link),,SYN-CAMP-2383-013,2
THR-2025-0028,2025-12-14T23:27:29+00:00,Synthetic Fake Portal Domain,Phishing,EMAIL DOMAIN,team-share.mail.invalid,Community Submission,55,CRITICAL,72,NEW,2025-12-08T23:27:29+00:00,2025-12-14T23:27:29+00:00,North America,Synthetic e-mail attachment campaign observed in demo telemetry distributing phishing documents with credential harvest links. ,Initial Access,T1566.002 (Phishing: Spearphishing Link),,SYN-CAMP-2383-013,11
THR-2025-0029,2025-12-26T23:27:29+00:00,Demo Phishing Campaign Indicator,Phishing,URL,https://support.mail.invalid/verify-account.html,Security Vendor,75,HIGH,70,UNDER_REVIEW,2025-12-16T23:27:29+00:00,2025-12-26T23:27:29+00:00,Asia-Pacific,Synthetic phishing lure domain observed in demo telemetry; the domain mimics a login verification portal. Indicator is analysed as data only - never visited. ,Initial Access,T1566.002 (Phishing: Spearphishing Link),,SYN-CAMP-2383-013,5
THR-2025-0030,2025-12-15T23:27:29+00:00,Demo Phishing Campaign Indicator,Phishing,EMAIL DOMAIN,team-share.mail.invalid,Research Report,65,MEDIUM,56,FALSE_POSITIVE,2025-12-07T23:27:29+00:00,2025-12-15T23:27:29+00:00,North America,Synthetic credential-phishing URL observed sending users to a fake account verification page in demo logs. ,Initial Access,T1566.002 (Phishing: Spearphishing Link),,SYN-CAMP-2383-013,1
THR-2025-0031,2025-12-22T23:27:29+00:00,Synthetic Lookalike Domain Alert,Phishing,URL,https://support.mail.invalid/verify-account.html,Security Vendor,75,MEDIUM,61,MONITORING,2025-12-14T23:27:29+00:00,2025-12-22T23:27:29+00:00,Latin America,Synthetic phishing lure domain observed in demo telemetry; the domain mimics a login verification portal. Indicator is analysed as data only - never visited. ,Initial Access,T1566.002 (Phishing: Spearphishing Link),,SYN-CAMP-2383-013,3
THR-2025-0032,2025-12-19T23:27:29+00:00,Synthetic Lookalike Domain Alert,Phishing,URL,https://support.mail.invalid/verify-account.html,Internal SOC,90,INFORMATIONAL,60,MONITORING,2025-12-14T23:27:29+00:00,2025-12-19T23:27:29+00:00,Asia-Pacific,Synthetic e-mail attachment campaign observed in demo telemetry distributing phishing documents with credential harvest links. ,Initial Access,T1566.002 (Phishing: Spearphishing Link),,SYN-CAMP-2383-013,12
THR-2025-0033,2025-11-25T23:27:29+00:00,Demo Ransomware C2 Observation,Ransomware,FILE HASH,b1f8c949c2ab75d77d21875af50dfb55499134a5d8982692105fd9895563f820,Security Vendor,70,LOW,59,MONITORING,2025-11-21T23:27:29+00:00,2025-11-25T23:27:29+00:00,Europe,Synthetic ransomware sample observed in demo telemetry; the sample attempts file encryption of user documents and inhibits system recovery options. ,Impact,T1486 (Data Encrypted for Impact),,SYN-CAMP-7328-014,9
THR-2025-0034,2025-11-29T23:27:29+00:00,Demo Ransomware Payload Hash,Ransomware,FILE HASH,b1f8c949c2ab75d77d21875af50dfb55499134a5d8982692105fd9895563f820,Security Vendor,70,CRITICAL,78,CLOSED,2025-11-21T23:27:29+00:00,2025-11-29T23:27:29+00:00,North America,Synthetic ransomware indicator observed in demo data; associated with service stop behaviour prior to encryption and data extortion staging. ,Impact,T1486 (Data Encrypted for Impact),,SYN-CAMP-7328-014,12
THR-2025-0035,2025-11-23T23:27:29+00:00,Demo Ransomware C2 Observation,Ransomware,FILE HASH,b1f8c949c2ab75d77d21875af50dfb55499134a5d8982692105fd9895563f820,Security Vendor,70,HIGH,71,FALSE_POSITIVE,2025-11-22T23:27:29+00:00,2025-11-23T23:27:29+00:00,,Synthetic indicator tentatively associated with ransomware activity in demo data. Behavioural context is not yet available. ,,,,SYN-CAMP-7328-014,9
THR-2025-0036,2025-11-30T23:27:29+00:00,Synthetic Ransomware Sample,Ransomware,FILE HASH,b1f8c949c2ab75d77d21875af50dfb55499134a5d8982692105fd9895563f820,Security Vendor,70,LOW,54,NEW,2025-11-24T23:27:29+00:00,2025-11-30T23:27:29+00:00,Unknown,Synthetic ransomware indicator observed in demo data; associated with service stop behaviour prior to encryption and data extortion staging. ,Impact,T1486 (Data Encrypted for Impact),,SYN-CAMP-7328-014,3
THR-2025-0037,2025-12-05T23:27:29+00:00,Synthetic Ransomware Sample,Ransomware,DOMAIN,login.login.invalid,Research Report,65,LOW,57,CLOSED,2025-11-25T23:27:29+00:00,2025-12-05T23:27:29+00:00,Europe,Synthetic indicator tentatively associated with ransomware activity in demo data. Behavioural context is not yet available. ,,,,SYN-CAMP-7328-014,6
THR-2025-0038,2025-11-29T23:27:29+00:00,Demo Ransomware Payload Hash,Ransomware,FILE HASH,b1f8c949c2ab75d77d21875af50dfb55499134a5d8982692105fd9895563f820,Internal SOC,85,MEDIUM,71,CLOSED,2025-11-28T23:27:29+00:00,2025-11-29T23:27:29+00:00,Unknown,Synthetic ransomware sample observed in demo telemetry; the sample attempts file encryption of user documents and inhibits system recovery options. ,Impact,T1486 (Data Encrypted for Impact),,SYN-CAMP-7328-014,11
THR-2026-0023,2026-07-27T23:27:29+00:00,Synthetic Credential Harvester Sighting,Credential Theft,IP ADDRESS,203.0.113.130,Security Vendor,80,CRITICAL,82,UNDER_REVIEW,2026-07-17T23:27:29+00:00,2026-07-27T23:27:29+00:00,Asia-Pacific,Synthetic credential-harvesting page observed in demo telemetry; the page mimics a password store sign-in form. ,Credential Access,T1555 (Credentials from Password Stores),,SYN-CAMP-8683-015,8
THR-2026-0024,2026-07-13T23:27:29+00:00,Demo Brute Force Activity,Credential Theft,IP ADDRESS,203.0.113.130,Public Threat Feed,65,LOW,56,MONITORING,2026-07-13T23:27:29+00:00,2026-07-13T23:27:29+00:00,Europe,Synthetic credential stuffing activity observed in demo telemetry; high volume of brute force attempts against login endpoints from shared infrastructure. ,Credential Access,T1110 (Brute Force),,SYN-CAMP-8683-015,5
THR-2026-0025,2026-07-28T23:27:29+00:00,Demo Brute Force Activity,Credential Theft,IP ADDRESS,203.0.113.130,Public Threat Feed,60,HIGH,60,UNDER_REVIEW,2026-07-21T23:27:29+00:00,2026-07-28T23:27:29+00:00,North America,Synthetic credential-harvesting page observed in demo telemetry; the page mimics a password store sign-in form. ,Credential Access,T1555 (Credentials from Password Stores),,SYN-CAMP-8683-015,1
THR-2026-0026,2026-07-16T23:27:29+00:00,Demo Brute Force Activity,Credential Theft,IP ADDRESS,203.0.113.130,Public Threat Feed,65,CRITICAL,76,MONITORING,2026-07-15T23:27:29+00:00,2026-07-16T23:27:29+00:00,North America,Synthetic credential stuffing activity observed in demo telemetry; high volume of brute force attempts against login endpoints from shared infrastructure. ,Credential Access,T1110 (Brute Force),,SYN-CAMP-8683-015,8
THR-2025-0039,2025-08-21T23:27:29+00:00,Synthetic Data Leak Observation,Data Exposure,DOMAIN,auth.invalid,Security Vendor,60,LOW,54,FALSE_POSITIVE,2025-08-11T23:27:29+00:00,2025-08-21T23:27:29+00:00,Asia-Pacific,Synthetic exfiltration observation in demo telemetry; large outbound transfer attempts to an external endpoint were recorded. ,Exfiltration,T1048 (Exfiltration Over Alternative Protocol),,SYN-CAMP-8232-016,8
THR-2025-0040,2025-08-12T23:27:29+00:00,Synthetic Data Leak Observation,Data Exposure,URL,http://portal.invalid/update-password,Research Report,60,MEDIUM,60,MONITORING,2025-08-07T23:27:29+00:00,2025-08-12T23:27:29+00:00,Latin America,Synthetic e-mail collection behaviour observed in demo data; mailbox export activity was simulated. ,Collection,T1114 (Email Collection),,SYN-CAMP-8232-016,7
THR-2025-0041,2025-08-08T23:27:29+00:00,Demo Exfiltration Endpoint Indicator,Data Exposure,URL,http://portal.invalid/update-password,Research Report,60,HIGH,60,MONITORING,2025-08-05T23:27:29+00:00,2025-08-08T23:27:29+00:00,,Synthetic e-mail collection behaviour observed in demo data; mailbox export activity was simulated. ,Collection,T1114 (Email Collection),,SYN-CAMP-8232-016,3
THR-2025-0042,2025-08-11T23:27:29+00:00,Demo Exfiltration Endpoint Indicator,Data Exposure,DOMAIN,auth.invalid,Security Vendor,60,HIGH,66,MONITORING,2025-08-04T23:27:29+00:00,2025-08-11T23:27:29+00:00,Unknown,Synthetic indicator associated with possible data-exposure monitoring in demo data. Context is limited. ,,,,SYN-CAMP-8232-016,10
THR-2025-0043,2025-08-15T23:27:29+00:00,Demo Exfiltration Endpoint Indicator,Data Exposure,URL,http://portal.invalid/update-password,Community Submission,45,CRITICAL,66,NEW,2025-08-05T23:27:29+00:00,2025-08-15T23:27:29+00:00,Latin America,Synthetic e-mail collection behaviour observed in demo data; mailbox export activity was simulated. ,Collection,T1114 (Email Collection),,SYN-CAMP-8232-016,10
THR-2025-0044,2025-08-08T23:27:29+00:00,Synthetic Data Leak Observation,Data Exposure,DOMAIN,auth.invalid,Community Submission,45,INFORMATIONAL,42,CLOSED,2025-08-07T23:27:29+00:00,2025-08-08T23:27:29+00:00,Global,Synthetic exfiltration observation in demo telemetry; large outbound transfer attempts to an external endpoint were recorded. ,Exfiltration,T1048 (Exfiltration Over Alternative Protocol),,SYN-CAMP-8232-016,10
THR-2025-0045,2025-06-02T23:27:29+00:00,Synthetic Backdoor Beacon Observation,Malware,FILE HASH,626d8d4f5b13497db17714b415a45be6,Security Vendor,60,LOW,54,UNDER_REVIEW,2025-06-01T23:27:29+00:00,2025-06-02T23:27:29+00:00,Global,"Synthetic hash observed in demo telemetry. No behavioural report is available, so classification remains general. ",,,,SYN-CAMP-3902-017,12
THR-2025-0046,2025-06-15T23:27:29+00:00,Synthetic Loader Hash Sighting,Malware,URL,https://support.login.invalid/login,Unknown Source,25,INFORMATIONAL,31,NEW,2025-06-09T23:27:29+00:00,2025-06-15T23:27:29+00:00,Asia-Pacific,Synthetic malware hash observed in demo telemetry; sample behaves as a downloader that executes an obfuscated payload and establishes C2 callback traffic. ,Execution,T1204.002 (User Execution: Malicious File),,SYN-CAMP-3902-017,4
THR-2025-0047,2025-06-11T23:27:29+00:00,Synthetic Trojan Hash Indicator,Malware,URL,https://support.login.invalid/login,Research Report,65,MEDIUM,61,MONITORING,2025-06-06T23:27:29+00:00,2025-06-11T23:27:29+00:00,,Synthetic malware hash observed in demo telemetry; sample behaves as a downloader that executes an obfuscated payload and establishes C2 callback traffic. ,Execution,T1204.002 (User Execution: Malicious File),,SYN-CAMP-3902-017,8
THR-2025-0048,2025-06-13T23:27:29+00:00,Synthetic Backdoor Beacon Observation,Malware,URL,https://support.login.invalid/login,Internal SOC,80,HIGH,72,UNDER_REVIEW,2025-06-09T23:27:29+00:00,2025-06-13T23:27:29+00:00,,Synthetic malware hash observed in demo telemetry; sample behaves as a downloader that executes an obfuscated payload and establishes C2 callback traffic. ,Execution,T1204.002 (User Execution: Malicious File),CVE-2026-900003,SYN-CAMP-3902-017,10
THR-2025-0049,2025-06-10T23:27:29+00:00,Synthetic Loader Hash Sighting,Malware,FILE HASH,626d8d4f5b13497db17714b415a45be6,Unknown Source,20,MEDIUM,46,FALSE_POSITIVE,2025-06-06T23:27:29+00:00,2025-06-10T23:27:29+00:00,,Synthetic malware hash observed in demo telemetry; sample behaves as a downloader that executes an obfuscated payload and establishes C2 callback traffic. ,Execution,T1204.002 (User Execution: Malicious File),,SYN-CAMP-3902-017,11
THR-2026-0027,2026-02-17T23:27:29+00:00,Demo Abnormal Login Pattern Observation,Account Security,IP ADDRESS,198.51.100.208,Research Report,75,INFORMATIONAL,54,NEW,2026-02-15T23:27:29+00:00,2026-02-17T23:27:29+00:00,Asia-Pacific,Synthetic fraudulent account creation observed in demo telemetry; a new account was created outside standard process. ,Persistence,T1136 (Create Account),,SYN-CAMP-6981-018,12
THR-2026-0028,2026-02-27T23:27:29+00:00,Demo Abnormal Login Pattern Observation,Account Security,IP ADDRESS,192.0.2.165,Unknown Source,25,MEDIUM,50,UNDER_REVIEW,2026-02-15T23:27:29+00:00,2026-02-27T23:27:29+00:00,Global,Synthetic account takeover risk indicator; demo telemetry shows compromised valid accounts used from unusual locations. ,Persistence,T1136 (Create Account),,SYN-CAMP-6981-018,10
THR-2026-0029,2026-02-28T23:27:29+00:00,Synthetic Fraudulent Account Creation Indicator,Account Security,IP ADDRESS,198.51.100.208,Internal SOC,90,LOW,66,CLOSED,2026-02-16T23:27:29+00:00,2026-02-28T23:27:29+00:00,Europe,Synthetic indicator from demo account-monitoring telemetry. Context is limited. ,Persistence,T1136 (Create Account),,SYN-CAMP-6981-018,10
THR-2026-0030,2026-02-22T23:27:29+00:00,Synthetic Fraudulent Account Creation Indicator,Account Security,IP ADDRESS,198.51.100.208,Security Vendor,75,MEDIUM,66,NEW,2026-02-15T23:27:29+00:00,2026-02-22T23:27:29+00:00,Asia-Pacific,Synthetic account takeover risk indicator; demo telemetry shows compromised valid accounts used from unusual locations. ,Persistence,T1136 (Create Account),,SYN-CAMP-6981-018,7
THR-2025-0050,2025-07-17T23:27:29+00:00,Demo Ransomware Payload Hash,Ransomware,FILE HASH,096726c894cf3f7f1ee4196ae18f356b8f5e98dd,Security Vendor,60,INFORMATIONAL,48,UNDER_REVIEW,2025-07-15T23:27:29+00:00,2025-07-17T23:27:29+00:00,Europe,Synthetic ransomware indicator observed in demo data; associated with service stop behaviour prior to encryption and data extortion staging. ,Impact,T1486 (Data Encrypted for Impact),,SYN-CAMP-3947-019,8
THR-2025-0051,2025-07-29T23:27:29+00:00,Demo Ransomware Payload Hash,Ransomware,FILE HASH,4000d6631151bc461f20e5ae5095da1933670fbb,Internal SOC,75,LOW,51,CLOSED,2025-07-18T23:27:29+00:00,2025-07-29T23:27:29+00:00,Latin America,Synthetic ransomware indicator observed in demo data; associated with service stop behaviour prior to encryption and data extortion staging. ,Impact,T1486 (Data Encrypted for Impact),,SYN-CAMP-3947-019,1
THR-2025-0052,2025-07-16T23:27:29+00:00,Synthetic Ransomware Sample,Ransomware,FILE HASH,4000d6631151bc461f20e5ae5095da1933670fbb,Community Submission,50,HIGH,56,CLOSED,2025-07-16T23:27:29+00:00,2025-07-16T23:27:29+00:00,Global,Synthetic ransomware indicator observed in demo data; associated with service stop behaviour prior to encryption and data extortion staging. ,Impact,T1486 (Data Encrypted for Impact),,SYN-CAMP-3947-019,3
THR-2025-0053,2025-07-17T23:27:29+00:00,Synthetic Ransomware Note Indicator,Ransomware,FILE HASH,096726c894cf3f7f1ee4196ae18f356b8f5e98dd,Public Threat Feed,45,LOW,43,NEW,2025-07-17T23:27:29+00:00,2025-07-17T23:27:29+00:00,Latin America,Synthetic ransomware indicator observed in demo data; associated with service stop behaviour prior to encryption and data extortion staging. ,Impact,T1486 (Data Encrypted for Impact),,SYN-CAMP-3947-019,3
THR-2025-0054,2025-07-27T23:27:29+00:00,Demo Ransomware Payload Hash,Ransomware,FILE HASH,4000d6631151bc461f20e5ae5095da1933670fbb,Security Vendor,65,MEDIUM,59,NEW,2025-07-17T23:27:29+00:00,2025-07-27T23:27:29+00:00,Middle East & Africa,Synthetic ransomware sample observed in demo telemetry; the sample attempts file encryption of user documents and inhibits system recovery options. ,Impact,T1486 (Data Encrypted for Impact),,SYN-CAMP-3947-019,5
THR-2025-0055,2025-07-27T23:27:29+00:00,Demo Ransomware Payload Hash,Ransomware,FILE HASH,096726c894cf3f7f1ee4196ae18f356b8f5e98dd,Security Vendor,55,LOW,46,NEW,2025-07-20T23:27:29+00:00,2025-07-27T23:27:29+00:00,Asia-Pacific,Synthetic ransomware indicator observed in demo data; associated with service stop behaviour prior to encryption and data extortion staging. ,Impact,T1486 (Data Encrypted for Impact),,SYN-CAMP-3947-019,2
THR-2025-0056,2025-07-17T23:27:29+00:00,Synthetic Exploitable Service Observation,Vulnerability Exposure,DOMAIN,notify.example.com,Research Report,55,MEDIUM,49,NEW,2025-07-08T23:27:29+00:00,2025-07-17T23:27:29+00:00,,Synthetic exploitable service observation; demo scanning metadata indicates exposure requiring patch review. ,Initial Access,T1190 (Exploit Public-Facing Application),CVE-2025-900017,SYN-CAMP-1701-020,3
THR-2025-0057,2025-07-15T23:27:29+00:00,Demo Unpatched Service Indicator,Vulnerability Exposure,DOMAIN,notify.example.com,Research Report,55,HIGH,58,CLOSED,2025-07-09T23:27:29+00:00,2025-07-15T23:27:29+00:00,,Synthetic vulnerability exposure record; demo asset inventory shows an unpatched public-facing service with a known exploit path. Defensive awareness only. ,Initial Access,T1190 (Exploit Public-Facing Application),CVE-2025-900028,SYN-CAMP-1701-020,5
THR-2025-0058,2025-01-26T23:27:29+00:00,Synthetic Exploitable Service Observation,Vulnerability Exposure,URL,https://support.example.com/attachment/invoice-2026.zip.html,Security Vendor,60,CRITICAL,63,CLOSED,2025-01-25T23:27:29+00:00,2025-01-26T23:27:29+00:00,Global,Synthetic vulnerability-related indicator from demo asset review. Detailed context pending. ,,,CVE-2025-900004,SYN-CAMP-8383-021,3
THR-2025-0059,2025-01-24T23:27:29+00:00,Synthetic Exploitable Service Observation,Vulnerability Exposure,URL,https://support.example.com/attachment/invoice-2026.zip.html,Research Report,55,HIGH,52,CLOSED,2025-01-22T23:27:29+00:00,2025-01-24T23:27:29+00:00,Europe,Synthetic vulnerability exposure record; demo asset inventory shows an unpatched public-facing service with a known exploit path. Defensive awareness only. ,Initial Access,T1190 (Exploit Public-Facing Application),CVE-2024-900028,SYN-CAMP-8383-021,1
THR-2026-0031,2026-02-27T23:27:29+00:00,Demo Tor Proxy Exit Observation,Network Threats,URL,https://service.mail.invalid/auth/check,Security Vendor,65,HIGH,68,MONITORING,2026-02-17T23:27:29+00:00,2026-02-27T23:27:29+00:00,Latin America,Synthetic network indicator recorded in demo telemetry. Limited contextual evidence. ,,,,SYN-CAMP-6384-022,5
THR-2026-0032,2026-02-25T23:27:29+00:00,Synthetic Beaconing Host Indicator,Network Threats,IP ADDRESS,2001:db8:2b7:::5940,Public Threat Feed,55,CRITICAL,72,FALSE_POSITIVE,2026-02-14T23:27:29+00:00,2026-02-25T23:27:29+00:00,Middle East & Africa,Synthetic scanning behaviour observed in demo data; network service scan attempts were logged from this address. ,Discovery,T1046 (Network Service Discovery),,SYN-CAMP-6384-022,11
THR-2026-0033,2026-02-14T23:27:29+00:00,Synthetic C2 Callback Observation,Network Threats,IP ADDRESS,2001:db8:2b7:::5940,Security Vendor,70,LOW,59,FALSE_POSITIVE,2026-02-07T23:27:29+00:00,2026-02-14T23:27:29+00:00,North America,Synthetic command-and-control channel observed in demo telemetry; host beacon traffic to a C2 endpoint was recorded. ,Command and Control,T1071 (Application Layer Protocol),,SYN-CAMP-6384-022,8
THR-2026-0034,2026-02-12T23:27:29+00:00,Demo Tor Proxy Exit Observation,Network Threats,IP ADDRESS,2001:db8:2b7:::5940,Public Threat Feed,55,LOW,53,MONITORING,2026-02-08T23:27:29+00:00,2026-02-12T23:27:29+00:00,Middle East & Africa,Synthetic scanning behaviour observed in demo data; network service scan attempts were logged from this address. ,Discovery,T1046 (Network Service Discovery),,SYN-CAMP-6384-022,10
THR-2026-0035,2026-08-05T23:27:29+00:00,Demo Credential Phishing Observation,Phishing,IP ADDRESS,198.51.100.2,Community Submission,60,LOW,60,MONITORING,2026-07-28T23:27:29+00:00,2026-08-05T23:27:29+00:00,Middle East & Africa,Synthetic credential-phishing URL observed sending users to a fake account verification page in demo logs. ,Initial Access,T1566.002 (Phishing: Spearphishing Link),,SYN-CAMP-5137-023,11
THR-2026-0036,2026-08-07T23:27:29+00:00,Synthetic Phishing Infrastructure Sighting,Phishing,URL,http://portal-verify.login.invalid/account/confirm,Internal SOC,95,MEDIUM,77,NEW,2026-07-27T23:27:29+00:00,2026-08-07T23:27:29+00:00,North America,Synthetic indicator of possible phishing relevance observed in demo telemetry. Insufficient behavioural context for further classification. ,,,,SYN-CAMP-5137-023,5
THR-2026-0037,2026-08-12T23:27:29+00:00,Synthetic Phishing Lure Domain,Phishing,IP ADDRESS,198.51.100.2,Community Submission,60,MEDIUM,66,FALSE_POSITIVE,2026-07-31T23:27:29+00:00,2026-08-12T23:27:29+00:00,Middle East & Africa,Synthetic e-mail attachment campaign observed in demo telemetry distributing phishing documents with credential harvest links. ,Initial Access,T1566.002 (Phishing: Spearphishing Link),,SYN-CAMP-5137-023,7
THR-2026-0038,2026-08-06T23:27:29+00:00,Synthetic Lookalike Domain Alert,Phishing,URL,http://portal-verify.login.invalid/account/confirm,Public Threat Feed,60,MEDIUM,60,UNDER_REVIEW,2026-08-01T23:27:29+00:00,2026-08-06T23:27:29+00:00,Europe,Synthetic e-mail attachment campaign observed in demo telemetry distributing phishing documents with credential harvest links. ,Initial Access,T1566.002 (Phishing: Spearphishing Link),,SYN-CAMP-5137-023,2
THR-2025-0060,2025-05-08T23:27:29+00:00,Synthetic Trojan Hash Indicator,Malware,FILE HASH,d0cdd6cdf5732ae0362f9245ee4b8b4a,Community Submission,40,HIGH,58,NEW,2025-05-01T23:27:29+00:00,2025-05-08T23:27:29+00:00,Unknown,Synthetic trojan hash sighted in demo data; associated with credential dumping behaviour in the sandbox report. ,,,,SYN-CAMP-8657-024,6
THR-2025-0061,2025-05-12T23:27:29+00:00,Synthetic Backdoor Beacon Observation,Malware,IP ADDRESS,198.51.100.130,Internal SOC,85,LOW,62,MONITORING,2025-05-03T23:27:29+00:00,2025-05-12T23:27:29+00:00,Latin America,Synthetic malware hash observed in demo telemetry; sample behaves as a downloader that executes an obfuscated payload and establishes C2 callback traffic. ,Execution,T1204.002 (User Execution: Malicious File),CVE-2024-900025,SYN-CAMP-8657-024,12
THR-2025-0062,2025-05-01T23:27:29+00:00,Synthetic Malware Sample Hash,Malware,FILE HASH,323dbddcb6cd54216dc0cd764586347290b9931f,Security Vendor,55,MEDIUM,58,CLOSED,2025-05-01T23:27:29+00:00,2025-05-01T23:27:29+00:00,North America,Synthetic malware hash observed in demo telemetry; sample behaves as a downloader that executes an obfuscated payload and establishes C2 callback traffic. ,Execution,T1204.002 (User Execution: Malicious File),,SYN-CAMP-8657-024,12
THR-2025-0063,2025-05-04T23:27:29+00:00,Synthetic Trojan Hash Indicator,Malware,IP ADDRESS,198.51.100.130,Research Report,70,MEDIUM,57,UNDER_REVIEW,2025-04-26T23:27:29+00:00,2025-05-04T23:27:29+00:00,Unknown,Synthetic trojan hash sighted in demo data; associated with credential dumping behaviour in the sandbox report. ,,,,SYN-CAMP-8657-024,3
THR-2026-0039,2026-03-02T23:27:29+00:00,Synthetic Credential Harvester Sighting,Credential Theft,DOMAIN,billing.billing.invalid,Community Submission,55,HIGH,61,MONITORING,2026-02-25T23:27:29+00:00,2026-03-02T23:27:29+00:00,,Synthetic credential-harvesting page observed in demo telemetry; the page mimics a password store sign-in form. ,Credential Access,T1555 (Credentials from Password Stores),,SYN-CAMP-7109-025,8
THR-2026-0040,2026-03-04T23:27:29+00:00,Demo Password Spray Observation,Credential Theft,DOMAIN,billing.billing.invalid,Public Threat Feed,50,HIGH,54,UNDER_REVIEW,2026-02-22T23:27:29+00:00,2026-03-04T23:27:29+00:00,Europe,Synthetic credential stuffing activity observed in demo telemetry; high volume of brute force attempts against login endpoints from shared infrastructure. ,Credential Access,T1110 (Brute Force),,SYN-CAMP-7109-025,2
THR-2026-0041,2026-06-26T23:27:29+00:00,Synthetic Loader Hash Sighting,Malware,DOMAIN,example.com,Security Vendor,85,LOW,66,FALSE_POSITIVE,2026-06-23T23:27:29+00:00,2026-06-26T23:27:29+00:00,Europe,Synthetic malware hash observed in demo telemetry; sample behaves as a downloader that executes an obfuscated payload and establishes C2 callback traffic. ,Execution,T1204.002 (User Execution: Malicious File),,SYN-CAMP-2704-026,9
THR-2026-0042,2026-06-27T23:27:29+00:00,Synthetic Malware Sample Hash,Malware,DOMAIN,example.com,Security Vendor,80,LOW,56,CLOSED,2026-06-24T23:27:29+00:00,2026-06-27T23:27:29+00:00,Europe,Synthetic trojan hash sighted in demo data; associated with credential dumping behaviour in the sandbox report. ,,,,SYN-CAMP-2704-026,1
THR-2026-0043,2026-07-03T23:27:29+00:00,Synthetic Backdoor Beacon Observation,Malware,FILE HASH,aa1d9244b018dd2e3d26b88a0e20fe06477a6528,Community Submission,65,HIGH,71,MONITORING,2026-06-24T23:27:29+00:00,2026-07-03T23:27:29+00:00,,Synthetic trojan hash sighted in demo data; associated with credential dumping behaviour in the sandbox report. ,,,,SYN-CAMP-2704-026,9
THR-2026-0044,2026-06-23T23:27:29+00:00,Synthetic Loader Hash Sighting,Malware,FILE HASH,aa1d9244b018dd2e3d26b88a0e20fe06477a6528,Internal SOC,95,CRITICAL,88,FALSE_POSITIVE,2026-06-20T23:27:29+00:00,2026-06-23T23:27:29+00:00,Global,Synthetic trojan hash sighted in demo data; associated with credential dumping behaviour in the sandbox report. ,,,,SYN-CAMP-2704-026,6
THR-2026-0045,2026-06-17T23:27:29+00:00,Demo Malware Distribution Observation,Malware,DOMAIN,example.com,Internal SOC,100,LOW,72,MONITORING,2026-06-17T23:27:29+00:00,2026-06-17T23:27:29+00:00,Global,Synthetic trojan hash sighted in demo data; associated with credential dumping behaviour in the sandbox report. ,,,,SYN-CAMP-2704-026,7
THR-2026-0046,2026-06-17T23:27:29+00:00,Synthetic Trojan Hash Indicator,Malware,DOMAIN,example.com,Community Submission,70,LOW,60,CLOSED,2026-06-16T23:27:29+00:00,2026-06-17T23:27:29+00:00,Middle East & Africa,Synthetic malware hash observed in demo telemetry; sample behaves as a downloader that executes an obfuscated payload and establishes C2 callback traffic. ,Execution,T1204.002 (User Execution: Malicious File),,SYN-CAMP-2704-026,9
THR-2025-0064,2026-01-11T23:27:29+00:00,Synthetic Data Leak Observation,Data Exposure,DOMAIN,example.net,Public Threat Feed,60,MEDIUM,56,NEW,2025-12-30T23:27:29+00:00,2026-01-11T23:27:29+00:00,,Synthetic exfiltration observation in demo telemetry; large outbound transfer attempts to an external endpoint were recorded. ,Exfiltration,T1048 (Exfiltration Over Alternative Protocol),,SYN-CAMP-3488-027,9
THR-2025-0065,2026-01-01T23:27:29+00:00,Synthetic Data Leak Observation,Data Exposure,DOMAIN,example.net,Community Submission,60,CRITICAL,67,MONITORING,2025-12-31T23:27:29+00:00,2026-01-01T23:27:29+00:00,Unknown,Synthetic exfiltration observation in demo telemetry; large outbound transfer attempts to an external endpoint were recorded. ,Exfiltration,T1048 (Exfiltration Over Alternative Protocol),,SYN-CAMP-3488-027,5
THR-2025-0066,2026-01-04T23:27:29+00:00,Demo Exfiltration Endpoint Indicator,Data Exposure,DOMAIN,example.net,Unknown Source,35,MEDIUM,48,MONITORING,2025-12-31T23:27:29+00:00,2026-01-04T23:27:29+00:00,Unknown,Synthetic indicator associated with possible data-exposure monitoring in demo data. Context is limited. ,,,,SYN-CAMP-3488-027,12
THR-2025-0067,2026-01-07T23:27:29+00:00,Synthetic Public Leak Domain Sighting,Data Exposure,DOMAIN,example.net,Public Threat Feed,60,HIGH,62,CLOSED,2025-12-28T23:27:29+00:00,2026-01-07T23:27:29+00:00,Asia-Pacific,Synthetic indicator associated with possible data-exposure monitoring in demo data. Context is limited. ,,,,SYN-CAMP-3488-027,6
THR-2025-0068,2026-01-05T23:27:29+00:00,Demo Exfiltration Endpoint Indicator,Data Exposure,DOMAIN,example.net,Public Threat Feed,60,HIGH,62,MONITORING,2025-12-24T23:27:29+00:00,2026-01-05T23:27:29+00:00,North America,Synthetic e-mail collection behaviour observed in demo data; mailbox export activity was simulated. ,Collection,T1114 (Email Collection),,SYN-CAMP-3488-027,11
THR-2025-0069,2025-05-25T23:27:29+00:00,Synthetic Exploit Kit Domain,Web Threats,URL,https://secure.demo.invalid/verify-account.html,Unknown Source,20,CRITICAL,54,NEW,2025-05-21T23:27:29+00:00,2025-05-25T23:27:29+00:00,Latin America,Synthetic drive-by domain observed in demo data; client browser exploitation behaviour was simulated. ,Initial Access,T1190 (Exploit Public-Facing Application),,SYN-CAMP-4037-028,9
THR-2025-0070,2025-05-30T23:27:29+00:00,Demo Drive-by Download Serving Domain,Web Threats,URL,https://secure.demo.invalid/verify-account.html,Public Threat Feed,45,LOW,40,FALSE_POSITIVE,2025-05-20T23:27:29+00:00,2025-05-30T23:27:29+00:00,North America,Synthetic indicator observed in web-monitoring demo data. No specific technique context available. ,,,,SYN-CAMP-4037-028,4
THR-2026-0047,2026-09-17T23:27:29+00:00,Synthetic Account Takeover Risk Indicator,Account Security,IP ADDRESS,203.0.113.168,Public Threat Feed,75,LOW,62,FALSE_POSITIVE,2026-09-17T23:27:29+00:00,2026-09-17T23:27:29+00:00,,Synthetic fraudulent account creation observed in demo telemetry; a new account was created outside standard process. ,Persistence,T1136 (Create Account),,SYN-CAMP-4207-029,7
THR-2026-0048,2026-09-28T23:27:29+00:00,Synthetic Fraudulent Account Creation Indicator,Account Security,IP ADDRESS,203.0.113.168,Public Threat Feed,75,CRITICAL,83,NEW,2026-09-19T23:27:29+00:00,2026-09-28T23:27:29+00:00,Global,Synthetic account takeover risk indicator; demo telemetry shows compromised valid accounts used from unusual locations. ,Persistence,T1136 (Create Account),,SYN-CAMP-4207-029,7
THR-2026-0049,2026-09-20T23:27:29+00:00,Demo Abnormal Login Pattern Observation,Account Security,IP ADDRESS,203.0.113.168,Community Submission,75,HIGH,72,CLOSED,2026-09-15T23:27:29+00:00,2026-09-20T23:27:29+00:00,Unknown,Synthetic fraudulent account creation observed in demo telemetry; a new account was created outside standard process. ,Persistence,T1136 (Create Account),,SYN-CAMP-4207-029,5
THR-2026-0050,2026-09-19T23:27:29+00:00,Synthetic Account Takeover Risk Indicator,Account Security,IP ADDRESS,203.0.113.168,Public Threat Feed,75,MEDIUM,66,MONITORING,2026-09-15T23:27:29+00:00,2026-09-19T23:27:29+00:00,Unknown,Synthetic indicator from demo account-monitoring telemetry. Context is limited. ,Persistence,T1136 (Create Account),,SYN-CAMP-4207-029,5
THR-2026-0051,2026-10-01T23:27:29+00:00,Demo Abnormal Login Pattern Observation,Account Security,IP ADDRESS,203.0.113.168,Security Vendor,90,INFORMATIONAL,61,MONITORING,2026-09-23T23:27:29+00:00,2026-10-01T23:27:29+00:00,Middle East & Africa,Synthetic indicator from demo account-monitoring telemetry. Context is limited. ,Persistence,T1136 (Create Account),,SYN-CAMP-4207-029,4
THR-2026-0052,2026-09-26T23:27:29+00:00,Synthetic Account Takeover Risk Indicator,Account Security,IP ADDRESS,203.0.113.168,Research Report,90,HIGH,75,NEW,2026-09-16T23:27:29+00:00,2026-09-26T23:27:29+00:00,Latin America,Synthetic indicator from demo account-monitoring telemetry. Context is limited. ,Persistence,T1136 (Create Account),,SYN-CAMP-4207-029,3
THR-2026-0053,2026-07-06T23:27:29+00:00,Synthetic Fake Portal Domain,Phishing,URL,https://demo.invalid/update-password,Internal SOC,100,MEDIUM,76,UNDER_REVIEW,2026-06-29T23:27:29+00:00,2026-07-06T23:27:29+00:00,Global,Synthetic phishing lure domain observed in demo telemetry; the domain mimics a login verification portal. Indicator is analysed as data only - never visited. ,Initial Access,T1566.002 (Phishing: Spearphishing Link),,SYN-CAMP-2805-030,12
THR-2026-0054,2026-07-07T23:27:29+00:00,Demo Credential Phishing Observation,Phishing,URL,https://demo.invalid/update-password,Public Threat Feed,70,CRITICAL,76,UNDER_REVIEW,2026-07-01T23:27:29+00:00,2026-07-07T23:27:29+00:00,Asia-Pacific,Synthetic credential-phishing URL observed sending users to a fake account verification page in demo logs. ,Initial Access,T1566.002 (Phishing: Spearphishing Link),,SYN-CAMP-2805-030,5
THR-2026-0055,2026-07-05T23:27:29+00:00,Synthetic Fake Portal Domain,Phishing,URL,https://demo.invalid/update-password,Internal SOC,95,LOW,60,UNDER_REVIEW,2026-07-01T23:27:29+00:00,2026-07-05T23:27:29+00:00,Latin America,Synthetic phishing lure domain observed in demo telemetry; the domain mimics a login verification portal. Indicator is analysed as data only - never visited. ,Initial Access,T1566.002 (Phishing: Spearphishing Link),,SYN-CAMP-2805-030,2
THR-2026-0056,2026-07-07T23:27:29+00:00,Synthetic Lookalike Domain Alert,Phishing,URL,https://demo.invalid/update-password,Security Vendor,85,LOW,65,CLOSED,2026-07-07T23:27:29+00:00,2026-07-07T23:27:29+00:00,Unknown,Synthetic indicator of possible phishing relevance observed in demo telemetry. Insufficient behavioural context for further classification. ,,,,SYN-CAMP-2805-030,11
THR-2026-0057,2026-07-18T23:27:29+00:00,Synthetic Lookalike Domain Alert,Phishing,URL,https://demo.invalid/update-password,Security Vendor,85,HIGH,77,MONITORING,2026-07-06T23:27:29+00:00,2026-07-18T23:27:29+00:00,North America,Synthetic e-mail attachment campaign observed in demo telemetry distributing phishing documents with credential harvest links. ,Initial Access,T1566.002 (Phishing: Spearphishing Link),,SYN-CAMP-2805-030,8
THR-2026-0058,2026-04-12T23:27:29+00:00,Demo Abnormal Login Pattern Observation,Account Security,IP ADDRESS,198.51.100.30,Unknown Source,40,CRITICAL,69,CLOSED,2026-04-03T23:27:29+00:00,2026-04-12T23:27:29+00:00,North America,Synthetic indicator from demo account-monitoring telemetry. Context is limited. ,Persistence,T1136 (Create Account),,SYN-CAMP-5108-031,8
THR-2026-0059,2026-03-26T23:27:29+00:00,Synthetic Account Takeover Risk Indicator,Account Security,IP ADDRESS,203.0.113.48,Public Threat Feed,55,MEDIUM,59,CLOSED,2026-03-25T23:27:29+00:00,2026-03-26T23:27:29+00:00,Middle East & Africa,Synthetic indicator from demo account-monitoring telemetry. Context is limited. ,Persistence,T1136 (Create Account),,SYN-CAMP-5108-031,6
THR-2025-0071,2025-10-30T23:27:29+00:00,Demo Phishing Campaign Indicator,Phishing,EMAIL DOMAIN,payment.example.com,Internal SOC,85,MEDIUM,71,NEW,2025-10-26T23:27:29+00:00,2025-10-30T23:27:29+00:00,Global,Synthetic e-mail attachment campaign observed in demo telemetry distributing phishing documents with credential harvest links. ,Initial Access,T1566.002 (Phishing: Spearphishing Link),,SYN-CAMP-2569-032,8
THR-2025-0072,2025-11-08T23:27:29+00:00,Demo Phishing Campaign Indicator,Phishing,DOMAIN,secure.invalid,Research Report,75,MEDIUM,66,UNDER_REVIEW,2025-10-30T23:27:29+00:00,2025-11-08T23:27:29+00:00,North America,Synthetic indicator of possible phishing relevance observed in demo telemetry. Insufficient behavioural context for further classification. ,,,,SYN-CAMP-2569-032,11
THR-2025-0073,2025-10-25T23:27:29+00:00,Synthetic Lookalike Domain Alert,Phishing,DOMAIN,secure.invalid,Security Vendor,75,MEDIUM,66,MONITORING,2025-10-25T23:27:29+00:00,2025-10-25T23:27:29+00:00,Asia-Pacific,Synthetic e-mail attachment campaign observed in demo telemetry distributing phishing documents with credential harvest links. ,Initial Access,T1566.002 (Phishing: Spearphishing Link),,SYN-CAMP-2569-032,6
THR-2025-0074,2025-11-05T23:27:29+00:00,Synthetic Phishing Lure Domain,Phishing,EMAIL DOMAIN,payment.example.com,Internal SOC,85,HIGH,72,CLOSED,2025-10-30T23:27:29+00:00,2025-11-05T23:27:29+00:00,,Synthetic phishing lure domain observed in demo telemetry; the domain mimics a login verification portal. Indicator is analysed as data only - never visited. ,Initial Access,T1566.002 (Phishing: Spearphishing Link),,SYN-CAMP-2569-032,3
THR-2025-0075,2025-11-01T23:27:29+00:00,Demo Credential Phishing Observation,Phishing,EMAIL DOMAIN,payment.example.com,Public Threat Feed,55,LOW,53,MONITORING,2025-10-25T23:27:29+00:00,2025-11-01T23:27:29+00:00,Unknown,Synthetic e-mail attachment campaign observed in demo telemetry distributing phishing documents with credential harvest links. ,Initial Access,T1566.002 (Phishing: Spearphishing Link),,SYN-CAMP-2569-032,6
THR-2025-0076,2025-11-02T23:27:29+00:00,Synthetic Fake Portal Domain,Phishing,DOMAIN,secure.invalid,Unknown Source,35,HIGH,58,NEW,2025-10-27T23:27:29+00:00,2025-11-02T23:27:29+00:00,,Synthetic phishing lure domain observed in demo telemetry; the domain mimics a login verification portal. Indicator is analysed as data only - never visited. ,Initial Access,T1566.002 (Phishing: Spearphishing Link),,SYN-CAMP-2569-032,7
THR-2024-0007,2024-12-05T23:27:29+00:00,Synthetic Credential Stuffing Observation,Credential Theft,URL,https://secure.billing.invalid/password-reset/verify,Security Vendor,50,HIGH,56,MONITORING,2024-11-29T23:27:29+00:00,2024-12-05T23:27:29+00:00,North America,Synthetic credential stuffing activity observed in demo telemetry; high volume of brute force attempts against login endpoints from shared infrastructure. ,Credential Access,T1110 (Brute Force),,SYN-CAMP-5834-033,2
THR-2024-0008,2024-12-02T23:27:29+00:00,Demo Password Spray Observation,Credential Theft,IP ADDRESS,192.0.2.201,Internal SOC,75,HIGH,71,MONITORING,2024-12-02T23:27:29+00:00,2024-12-02T23:27:29+00:00,Europe,Synthetic credential stuffing activity observed in demo telemetry; high volume of brute force attempts against login endpoints from shared infrastructure. ,Credential Access,T1110 (Brute Force),,SYN-CAMP-5834-033,8
THR-2024-0009,2024-11-30T23:27:29+00:00,Demo Password Spray Observation,Credential Theft,IP ADDRESS,192.0.2.201,Security Vendor,60,LOW,54,NEW,2024-11-29T23:27:29+00:00,2024-11-30T23:27:29+00:00,Europe,Synthetic credential stuffing activity observed in demo telemetry; high volume of brute force attempts against login endpoints from shared infrastructure. ,Credential Access,T1110 (Brute Force),,SYN-CAMP-5834-033,8
THR-2024-0010,2024-12-04T23:27:29+00:00,Demo Password Spray Observation,Credential Theft,IP ADDRESS,192.0.2.201,Security Vendor,60,HIGH,60,CLOSED,2024-11-27T23:27:29+00:00,2024-12-04T23:27:29+00:00,Unknown,Synthetic credential stuffing activity observed in demo telemetry; high volume of brute force attempts against login endpoints from shared infrastructure. ,Credential Access,T1110 (Brute Force),,SYN-CAMP-5834-033,3
THR-2024-0011,2024-12-08T23:27:29+00:00,Demo Password Spray Observation,Credential Theft,DOMAIN,portal.secure.invalid,Internal SOC,70,LOW,58,MONITORING,2024-11-30T23:27:29+00:00,2024-12-08T23:27:29+00:00,Asia-Pacific,Synthetic credential stuffing activity observed in demo telemetry; high volume of brute force attempts against login endpoints from shared infrastructure. ,Credential Access,T1110 (Brute Force),,SYN-CAMP-5834-033,6
THR-2026-0060,2026-06-21T23:27:29+00:00,Synthetic Credential Stuffing Observation,Credential Theft,IP ADDRESS,203.0.113.51,Security Vendor,75,MEDIUM,61,FALSE_POSITIVE,2026-06-15T23:27:29+00:00,2026-06-21T23:27:29+00:00,Middle East & Africa,Synthetic credential stuffing activity observed in demo telemetry; high volume of brute force attempts against login endpoints from shared infrastructure. ,Credential Access,T1110 (Brute Force),,SYN-CAMP-4923-034,1
THR-2026-0061,2026-06-17T23:27:29+00:00,Synthetic Credential Stuffing Observation,Credential Theft,URL,http://docusign-view.mail.invalid/attachment/invoice-2026.zip.html,Internal SOC,90,INFORMATIONAL,63,UNDER_REVIEW,2026-06-12T23:27:29+00:00,2026-06-17T23:27:29+00:00,Middle East & Africa,Synthetic indicator observed during credential-abuse monitoring in demo telemetry. Context is limited. ,,,,SYN-CAMP-4923-034,8
THR-2026-0062,2026-07-01T23:27:29+00:00,Demo Password Spray Observation,Credential Theft,IP ADDRESS,192.0.2.41,Research Report,80,INFORMATIONAL,58,MONITORING,2026-06-21T23:27:29+00:00,2026-07-01T23:27:29+00:00,Asia-Pacific,Synthetic indicator observed during credential-abuse monitoring in demo telemetry. Context is limited. ,,,,SYN-CAMP-4923-034,10
THR-2026-0063,2026-06-26T23:27:29+00:00,Demo Brute Force Activity,Credential Theft,IP ADDRESS,192.0.2.41,Security Vendor,80,INFORMATIONAL,58,UNDER_REVIEW,2026-06-20T23:27:29+00:00,2026-06-26T23:27:29+00:00,,Synthetic indicator observed during credential-abuse monitoring in demo telemetry. Context is limited. ,,,,SYN-CAMP-4923-034,10
THR-2026-0064,2026-06-01T23:27:29+00:00,Demo Unpatched Service Indicator,Vulnerability Exposure,CVE ID,CVE-2026-900005,Security Vendor,90,HIGH,74,CLOSED,2026-05-26T23:27:29+00:00,2026-06-01T23:27:29+00:00,Global,Synthetic vulnerability exposure record; demo asset inventory shows an unpatched public-facing service with a known exploit path. Defensive awareness only. ,Initial Access,T1190 (Exploit Public-Facing Application),CVE-2026-900005,SYN-CAMP-4653-035,6
THR-2026-0065,2026-06-02T23:27:29+00:00,Demo Unpatched Service Indicator,Vulnerability Exposure,CVE ID,CVE-2026-900005,Community Submission,75,INFORMATIONAL,51,FALSE_POSITIVE,2026-06-02T23:27:29+00:00,2026-06-02T23:27:29+00:00,Global,Synthetic exploitable service observation; demo scanning metadata indicates exposure requiring patch review. ,Initial Access,T1190 (Exploit Public-Facing Application),CVE-2026-900005,SYN-CAMP-4653-035,8
THR-2026-0066,2026-06-04T23:27:29+00:00,Synthetic Vulnerability Exposure Record,Vulnerability Exposure,CVE ID,CVE-2026-900005,Internal SOC,100,HIGH,73,MONITORING,2026-05-28T23:27:29+00:00,2026-06-04T23:27:29+00:00,Global,Synthetic exploitable service observation; demo scanning metadata indicates exposure requiring patch review. ,Initial Access,T1190 (Exploit Public-Facing Application),CVE-2026-900005,SYN-CAMP-4653-035,2
THR-2026-0067,2026-06-03T23:27:29+00:00,Demo Unpatched Service Indicator,Vulnerability Exposure,CVE ID,CVE-2026-900005,Unknown Source,50,CRITICAL,68,MONITORING,2026-05-28T23:27:29+00:00,2026-06-03T23:27:29+00:00,Asia-Pacific,Synthetic vulnerability exposure record; demo asset inventory shows an unpatched public-facing service with a known exploit path. Defensive awareness only. ,Initial Access,T1190 (Exploit Public-Facing Application),CVE-2026-900005,SYN-CAMP-4653-035,8
THR-2026-0068,2026-05-30T23:27:29+00:00,Synthetic Exploitable Service Observation,Vulnerability Exposure,CVE ID,CVE-2026-900005,Internal SOC,100,LOW,67,NEW,2026-05-30T23:27:29+00:00,2026-05-30T23:27:29+00:00,Europe,Synthetic vulnerability exposure record; demo asset inventory shows an unpatched public-facing service with a known exploit path. Defensive awareness only. ,Initial Access,T1190 (Exploit Public-Facing Application),CVE-2026-900005,SYN-CAMP-4653-035,6
THR-2026-0069,2026-06-04T23:27:29+00:00,Demo Unpatched Service Indicator,Vulnerability Exposure,CVE ID,CVE-2026-900005,Community Submission,75,HIGH,69,UNDER_REVIEW,2026-05-26T23:27:29+00:00,2026-06-04T23:27:29+00:00,Europe,Synthetic vulnerability exposure record; demo asset inventory shows an unpatched public-facing service with a known exploit path. Defensive awareness only. ,Initial Access,T1190 (Exploit Public-Facing Application),CVE-2026-900005,SYN-CAMP-4653-035,9
THR-2026-0070,2026-04-19T23:27:29+00:00,Synthetic Fraudulent Account Creation Indicator,Account Security,EMAIL DOMAIN,signin.example.org,Security Vendor,80,LOW,64,UNDER_REVIEW,2026-04-15T23:27:29+00:00,2026-04-19T23:27:29+00:00,Latin America,Synthetic fraudulent account creation observed in demo telemetry; a new account was created outside standard process. ,Persistence,T1136 (Create Account),,SYN-CAMP-7320-036,12
THR-2026-0071,2026-04-17T23:27:29+00:00,Demo Abnormal Login Pattern Observation,Account Security,EMAIL DOMAIN,signin.example.org,Research Report,80,MEDIUM,68,MONITORING,2026-04-16T23:27:29+00:00,2026-04-17T23:27:29+00:00,North America,Synthetic fraudulent account creation observed in demo telemetry; a new account was created outside standard process. ,Persistence,T1136 (Create Account),,SYN-CAMP-7320-036,5
THR-2026-0072,2026-04-27T23:27:29+00:00,Synthetic Account Takeover Risk Indicator,Account Security,IP ADDRESS,192.0.2.254,Security Vendor,80,HIGH,76,UNDER_REVIEW,2026-04-20T23:27:29+00:00,2026-04-27T23:27:29+00:00,Europe,Synthetic account takeover risk indicator; demo telemetry shows compromised valid accounts used from unusual locations. ,Persistence,T1136 (Create Account),,SYN-CAMP-7320-036,8
THR-2026-0073,2026-04-21T23:27:29+00:00,Demo Abnormal Login Pattern Observation,Account Security,IP ADDRESS,198.51.100.3,Public Threat Feed,65,HIGH,66,MONITORING,2026-04-21T23:27:29+00:00,2026-04-21T23:27:29+00:00,Europe,Synthetic account takeover risk indicator; demo telemetry shows compromised valid accounts used from unusual locations. ,Persistence,T1136 (Create Account),,SYN-CAMP-7320-036,3
THR-2026-0074,2026-04-25T23:27:29+00:00,Synthetic Fraudulent Account Creation Indicator,Account Security,EMAIL DOMAIN,signin.example.org,Research Report,80,MEDIUM,70,FALSE_POSITIVE,2026-04-16T23:27:29+00:00,2026-04-25T23:27:29+00:00,Global,Synthetic indicator from demo account-monitoring telemetry. Context is limited. ,Persistence,T1136 (Create Account),,SYN-CAMP-7320-036,6
THR-2026-0075,2026-04-29T23:27:29+00:00,Synthetic Account Takeover Risk Indicator,Account Security,IP ADDRESS,192.0.2.254,Internal SOC,95,INFORMATIONAL,61,MONITORING,2026-04-21T23:27:29+00:00,2026-04-29T23:27:29+00:00,Asia-Pacific,Synthetic fraudulent account creation observed in demo telemetry; a new account was created outside standard process. ,Persistence,T1136 (Create Account),,SYN-CAMP-7320-036,4
THR-2025-0077,2025-01-30T23:27:29+00:00,Synthetic Fake Portal Domain,Phishing,URL,http://verify.updates.invalid/attachment/invoice-2026.zip.html,Internal SOC,70,CRITICAL,75,NEW,2025-01-25T23:27:29+00:00,2025-01-30T23:27:29+00:00,,Synthetic e-mail attachment campaign observed in demo telemetry distributing phishing documents with credential harvest links. ,Initial Access,T1566.002 (Phishing: Spearphishing Link),,SYN-CAMP-7519-037,5
THR-2025-0078,2025-01-27T23:27:29+00:00,Synthetic Lookalike Domain Alert,Phishing,DOMAIN,secure.example.org,Public Threat Feed,40,MEDIUM,52,NEW,2025-01-17T23:27:29+00:00,2025-01-27T23:27:29+00:00,Middle East & Africa,Synthetic phishing lure domain observed in demo telemetry; the domain mimics a login verification portal. Indicator is analysed as data only - never visited. ,Initial Access,T1566.002 (Phishing: Spearphishing Link),,SYN-CAMP-7519-037,10
THR-2025-0079,2025-01-24T23:27:29+00:00,Synthetic Lookalike Domain Alert,Phishing,DOMAIN,secure.example.org,Public Threat Feed,40,LOW,46,CLOSED,2025-01-22T23:27:29+00:00,2025-01-24T23:27:29+00:00,Latin America,Synthetic credential-phishing URL observed sending users to a fake account verification page in demo logs. ,Initial Access,T1566.002 (Phishing: Spearphishing Link),,SYN-CAMP-7519-037,7
THR-2025-0080,2025-02-03T23:27:29+00:00,Demo Credential Phishing Observation,Phishing,URL,http://verify.updates.invalid/attachment/invoice-2026.zip.html,Internal SOC,70,MEDIUM,60,UNDER_REVIEW,2025-01-23T23:27:29+00:00,2025-02-03T23:27:29+00:00,Unknown,Synthetic indicator of possible phishing relevance observed in demo telemetry. Insufficient behavioural context for further classification. ,,,,SYN-CAMP-7519-037,4
THR-2024-0012,2024-12-12T23:27:29+00:00,Demo Phishing Campaign Indicator,Phishing,DOMAIN,portal.updates.invalid,Security Vendor,65,LOW,51,NEW,2024-12-03T23:27:29+00:00,2024-12-12T23:27:29+00:00,Unknown,Synthetic phishing lure domain observed in demo telemetry; the domain mimics a login verification portal. Indicator is analysed as data only - never visited. ,Initial Access,T1566.002 (Phishing: Spearphishing Link),,SYN-CAMP-4721-038,8
THR-2024-0013,2024-12-10T23:27:29+00:00,Synthetic Phishing Lure Domain,Phishing,DOMAIN,portal.updates.invalid,Community Submission,50,LOW,45,UNDER_REVIEW,2024-12-03T23:27:29+00:00,2024-12-10T23:27:29+00:00,Europe,Synthetic e-mail attachment campaign observed in demo telemetry distributing phishing documents with credential harvest links. ,Initial Access,T1566.002 (Phishing: Spearphishing Link),,SYN-CAMP-4721-038,10
THR-2024-0014,2024-12-07T23:27:29+00:00,Synthetic Fake Portal Domain,Phishing,DOMAIN,portal.updates.invalid,Public Threat Feed,50,LOW,45,NEW,2024-12-02T23:27:29+00:00,2024-12-07T23:27:29+00:00,North America,Synthetic credential-phishing URL observed sending users to a fake account verification page in demo logs. ,Initial Access,T1566.002 (Phishing: Spearphishing Link),,SYN-CAMP-4721-038,11
THR-2024-0015,2024-12-05T23:27:29+00:00,Demo Credential Phishing Observation,Phishing,DOMAIN,portal.updates.invalid,Community Submission,50,HIGH,56,MONITORING,2024-12-02T23:27:29+00:00,2024-12-05T23:27:29+00:00,Global,Synthetic indicator of possible phishing relevance observed in demo telemetry. Insufficient behavioural context for further classification. ,,,,SYN-CAMP-4721-038,6
THR-2026-0076,2026-07-23T23:27:29+00:00,Synthetic Phishing Lure Domain,Phishing,FILE HASH,c23d0f5b92f80cfa15531dd8ad7faf9dd26207e1,Internal SOC,95,HIGH,85,MONITORING,2026-07-12T23:27:29+00:00,2026-07-23T23:27:29+00:00,Unknown,Synthetic e-mail attachment campaign observed in demo telemetry distributing phishing documents with credential harvest links. ,Initial Access,T1566.002 (Phishing: Spearphishing Link),,SYN-CAMP-5311-039,6
THR-2026-0077,2026-07-23T23:27:29+00:00,Synthetic Phishing Lure Domain,Phishing,DOMAIN,updates.invalid,Community Submission,60,MEDIUM,66,MONITORING,2026-07-15T23:27:29+00:00,2026-07-23T23:27:29+00:00,,Synthetic phishing lure domain observed in demo telemetry; the domain mimics a login verification portal. Indicator is analysed as data only - never visited. ,Initial Access,T1566.002 (Phishing: Spearphishing Link),,SYN-CAMP-5311-039,12
THR-2026-0078,2026-07-08T23:27:29+00:00,Synthetic Lookalike Domain Alert,Phishing,FILE HASH,c23d0f5b92f80cfa15531dd8ad7faf9dd26207e1,Internal SOC,90,HIGH,78,MONITORING,2026-07-08T23:27:29+00:00,2026-07-08T23:27:29+00:00,Latin America,Synthetic e-mail attachment campaign observed in demo telemetry distributing phishing documents with credential harvest links. ,Initial Access,T1566.002 (Phishing: Spearphishing Link),,SYN-CAMP-5311-039,2
THR-2026-0079,2026-07-19T23:27:29+00:00,Synthetic Phishing Lure Domain,Phishing,FILE HASH,c23d0f5b92f80cfa15531dd8ad7faf9dd26207e1,Internal SOC,90,HIGH,76,MONITORING,2026-07-09T23:27:29+00:00,2026-07-19T23:27:29+00:00,Asia-Pacific,Synthetic indicator of possible phishing relevance observed in demo telemetry. Insufficient behavioural context for further classification. ,,,,SYN-CAMP-5311-039,1
THR-2026-0080,2026-07-22T23:27:29+00:00,Demo Phishing Campaign Indicator,Phishing,FILE HASH,c23d0f5b92f80cfa15531dd8ad7faf9dd26207e1,Unknown Source,40,INFORMATIONAL,42,FALSE_POSITIVE,2026-07-18T23:27:29+00:00,2026-07-22T23:27:29+00:00,Asia-Pacific,Synthetic credential-phishing URL observed sending users to a fake account verification page in demo logs. ,Initial Access,T1566.002 (Phishing: Spearphishing Link),,SYN-CAMP-5311-039,3
THR-2025-0081,2025-03-15T23:27:29+00:00,Demo Abnormal Login Pattern Observation,Account Security,IP ADDRESS,203.0.113.48,Internal SOC,75,MEDIUM,65,MONITORING,2025-03-15T23:27:29+00:00,2025-03-15T23:27:29+00:00,Asia-Pacific,Synthetic fraudulent account creation observed in demo telemetry; a new account was created outside standard process. ,Persistence,T1136 (Create Account),,SYN-CAMP-5610-040,11
THR-2025-0082,2025-03-22T23:27:29+00:00,Demo Abnormal Login Pattern Observation,Account Security,IP ADDRESS,203.0.113.205,Unknown Source,20,MEDIUM,42,FALSE_POSITIVE,2025-03-15T23:27:29+00:00,2025-03-22T23:27:29+00:00,North America,Synthetic account takeover risk indicator; demo telemetry shows compromised valid accounts used from unusual locations. ,Persistence,T1136 (Create Account),,SYN-CAMP-5610-040,4
THR-2025-0083,2025-03-14T23:27:29+00:00,Synthetic Fraudulent Account Creation Indicator,Account Security,IP ADDRESS,203.0.113.18,Security Vendor,65,LOW,55,FALSE_POSITIVE,2025-03-12T23:27:29+00:00,2025-03-14T23:27:29+00:00,,Synthetic indicator from demo account-monitoring telemetry. Context is limited. ,Persistence,T1136 (Create Account),,SYN-CAMP-5610-040,11
THR-2025-0084,2025-03-19T23:27:29+00:00,Synthetic Fraudulent Account Creation Indicator,Account Security,IP ADDRESS,203.0.113.205,Unknown Source,20,HIGH,52,MONITORING,2025-03-14T23:27:29+00:00,2025-03-19T23:27:29+00:00,Unknown,Synthetic account takeover risk indicator; demo telemetry shows compromised valid accounts used from unusual locations. ,Persistence,T1136 (Create Account),,SYN-CAMP-5610-040,7
THR-2025-0085,2025-03-09T23:27:29+00:00,Synthetic Account Takeover Risk Indicator,Account Security,IP ADDRESS,203.0.113.18,Public Threat Feed,50,CRITICAL,63,NEW,2025-03-07T23:27:29+00:00,2025-03-09T23:27:29+00:00,Global,Synthetic account takeover risk indicator; demo telemetry shows compromised valid accounts used from unusual locations. ,Persistence,T1136 (Create Account),,SYN-CAMP-5610-040,3
THR-2026-0081,2026-05-05T23:27:29+00:00,Synthetic Credential Harvester Sighting,Credential Theft,IP ADDRESS,192.0.2.28,Community Submission,65,MEDIUM,65,UNDER_REVIEW,2026-05-02T23:27:29+00:00,2026-05-05T23:27:29+00:00,Europe,Synthetic credential stuffing activity observed in demo telemetry; high volume of brute force attempts against login endpoints from shared infrastructure. ,Credential Access,T1110 (Brute Force),,SYN-CAMP-1503-041,9
THR-2026-0082,2026-05-13T23:27:29+00:00,Synthetic Credential Harvester Sighting,Credential Theft,IP ADDRESS,192.0.2.28,Internal SOC,90,MEDIUM,67,FALSE_POSITIVE,2026-05-03T23:27:29+00:00,2026-05-13T23:27:29+00:00,Latin America,Synthetic credential stuffing activity observed in demo telemetry; high volume of brute force attempts against login endpoints from shared infrastructure. ,Credential Access,T1110 (Brute Force),,SYN-CAMP-1503-041,1
THR-2026-0083,2026-05-14T23:27:29+00:00,Synthetic Credential Stuffing Observation,Credential Theft,IP ADDRESS,198.51.100.51,Public Threat Feed,70,INFORMATIONAL,54,MONITORING,2026-05-03T23:27:29+00:00,2026-05-14T23:27:29+00:00,North America,Synthetic credential-harvesting page observed in demo telemetry; the page mimics a password store sign-in form. ,Credential Access,T1555 (Credentials from Password Stores),,SYN-CAMP-1503-041,11
THR-2026-0084,2026-05-03T23:27:29+00:00,Demo Brute Force Activity,Credential Theft,IP ADDRESS,198.51.100.51,Unknown Source,45,HIGH,64,CLOSED,2026-05-01T23:27:29+00:00,2026-05-03T23:27:29+00:00,Middle East & Africa,Synthetic credential-harvesting page observed in demo telemetry; the page mimics a password store sign-in form. ,Credential Access,T1555 (Credentials from Password Stores),,SYN-CAMP-1503-041,10
THR-2026-0085,2026-05-06T23:27:29+00:00,Synthetic Phishing Infrastructure Sighting,Phishing,EMAIL DOMAIN,helpdesk.portal.invalid,Internal SOC,95,CRITICAL,85,CLOSED,2026-05-06T23:27:29+00:00,2026-05-06T23:27:29+00:00,North America,Synthetic phishing lure domain observed in demo telemetry; the domain mimics a login verification portal. Indicator is analysed as data only - never visited. ,Initial Access,T1566.002 (Phishing: Spearphishing Link),,SYN-CAMP-5660-042,7
THR-2026-0086,2026-05-16T23:27:29+00:00,Synthetic Phishing Infrastructure Sighting,Phishing,EMAIL DOMAIN,helpdesk.portal.invalid,Security Vendor,75,HIGH,65,CLOSED,2026-05-04T23:27:29+00:00,2026-05-16T23:27:29+00:00,Global,Synthetic credential-phishing URL observed sending users to a fake account verification page in demo logs. ,Initial Access,T1566.002 (Phishing: Spearphishing Link),,SYN-CAMP-5660-042,2
THR-2026-0087,2026-05-15T23:27:29+00:00,Synthetic Fake Portal Domain,Phishing,EMAIL DOMAIN,helpdesk.portal.invalid,Internal SOC,95,CRITICAL,85,FALSE_POSITIVE,2026-05-04T23:27:29+00:00,2026-05-15T23:27:29+00:00,Asia-Pacific,Synthetic e-mail attachment campaign observed in demo telemetry distributing phishing documents with credential harvest links. ,Initial Access,T1566.002 (Phishing: Spearphishing Link),,SYN-CAMP-5660-042,9
THR-2026-0088,2026-08-30T23:27:29+00:00,Demo Brute Force Activity,Credential Theft,IP ADDRESS,198.51.100.12,Public Threat Feed,70,HIGH,71,MONITORING,2026-08-25T23:27:29+00:00,2026-08-30T23:27:29+00:00,,Synthetic credential stuffing activity observed in demo telemetry; high volume of brute force attempts against login endpoints from shared infrastructure. ,Credential Access,T1110 (Brute Force),,SYN-CAMP-7857-043,11
THR-2026-0089,2026-08-23T23:27:29+00:00,Demo Brute Force Activity,Credential Theft,IP ADDRESS,198.51.100.12,Public Threat Feed,65,INFORMATIONAL,45,CLOSED,2026-08-17T23:27:29+00:00,2026-08-23T23:27:29+00:00,,Synthetic credential-harvesting page observed in demo telemetry; the page mimics a password store sign-in form. ,Credential Access,T1555 (Credentials from Password Stores),,SYN-CAMP-7857-043,2
THR-2026-0090,2026-08-19T23:27:29+00:00,Synthetic Credential Harvester Sighting,Credential Theft,IP ADDRESS,198.51.100.12,Public Threat Feed,70,CRITICAL,78,FALSE_POSITIVE,2026-08-19T23:27:29+00:00,2026-08-19T23:27:29+00:00,North America,Synthetic credential-harvesting page observed in demo telemetry; the page mimics a password store sign-in form. ,Credential Access,T1555 (Credentials from Password Stores),,SYN-CAMP-7857-043,8
THR-2026-0091,2026-08-22T23:27:29+00:00,Synthetic Credential Harvester Sighting,Credential Theft,IP ADDRESS,198.51.100.12,Internal SOC,95,HIGH,75,NEW,2026-08-17T23:27:29+00:00,2026-08-22T23:27:29+00:00,Middle East & Africa,Synthetic credential-harvesting page observed in demo telemetry; the page mimics a password store sign-in form. ,Credential Access,T1555 (Credentials from Password Stores),,SYN-CAMP-7857-043,2
THR-2026-0092,2026-08-25T23:27:29+00:00,Demo Password Spray Observation,Credential Theft,IP ADDRESS,198.51.100.12,Security Vendor,85,LOW,64,NEW,2026-08-19T23:27:29+00:00,2026-08-25T23:27:29+00:00,North America,Synthetic credential-harvesting page observed in demo telemetry; the page mimics a password store sign-in form. ,Credential Access,T1555 (Credentials from Password Stores),,SYN-CAMP-7857-043,6
THR-2026-0093,2026-02-17T23:27:29+00:00,Synthetic C2 Callback Observation,Network Threats,DOMAIN,mail.support.invalid,Public Threat Feed,50,MEDIUM,58,NEW,2026-02-08T23:27:29+00:00,2026-02-17T23:27:29+00:00,Middle East & Africa,Synthetic scanning behaviour observed in demo data; network service scan attempts were logged from this address. ,Discovery,T1046 (Network Service Discovery),,SYN-CAMP-3941-044,8
THR-2026-0094,2026-02-17T23:27:29+00:00,Demo Port Scan Activity Indicator,Network Threats,IP ADDRESS,198.51.100.232,Public Threat Feed,50,MEDIUM,58,MONITORING,2026-02-14T23:27:29+00:00,2026-02-17T23:27:29+00:00,Unknown,Synthetic command-and-control channel observed in demo telemetry; host beacon traffic to a C2 endpoint was recorded. ,Command and Control,T1071 (Application Layer Protocol),,SYN-CAMP-3941-044,7
THR-2025-0086,2025-12-09T23:27:29+00:00,Demo Downloader Hash Observation,Malware,FILE HASH,03013bbf1b5205b29face1500869503e9257d256,Community Submission,45,HIGH,56,UNDER_REVIEW,2025-11-30T23:27:29+00:00,2025-12-09T23:27:29+00:00,Latin America,Synthetic trojan hash sighted in demo data; associated with credential dumping behaviour in the sandbox report. ,,,,SYN-CAMP-4006-045,2
THR-2025-0087,2025-12-03T23:27:29+00:00,Synthetic Backdoor Beacon Observation,Malware,IP ADDRESS,203.0.113.153,Community Submission,50,INFORMATIONAL,46,MONITORING,2025-11-23T23:27:29+00:00,2025-12-03T23:27:29+00:00,Global,Synthetic malware hash observed in demo telemetry; sample behaves as a downloader that executes an obfuscated payload and establishes C2 callback traffic. ,Execution,T1204.002 (User Execution: Malicious File),,SYN-CAMP-4006-045,6
THR-2026-0095,2026-05-24T23:27:29+00:00,Demo Unpatched Service Indicator,Vulnerability Exposure,URL,http://auth.invalid/secure/login,Internal SOC,90,CRITICAL,88,NEW,2026-05-13T23:27:29+00:00,2026-05-24T23:27:29+00:00,Latin America,Synthetic vulnerability exposure record; demo asset inventory shows an unpatched public-facing service with a known exploit path. Defensive awareness only. ,Initial Access,T1190 (Exploit Public-Facing Application),CVE-2026-900013,SYN-CAMP-3481-046,8
THR-2026-0096,2026-05-17T23:27:29+00:00,Synthetic Vulnerability Exposure Record,Vulnerability Exposure,CVE ID,CVE-2025-900030,Research Report,80,LOW,60,FALSE_POSITIVE,2026-05-12T23:27:29+00:00,2026-05-17T23:27:29+00:00,Asia-Pacific,Synthetic exploitable service observation; demo scanning metadata indicates exposure requiring patch review. ,Initial Access,T1190 (Exploit Public-Facing Application),CVE-2025-900030,SYN-CAMP-3481-046,3
THR-2025-0088,2025-07-14T23:27:29+00:00,Synthetic Malware Sample Hash,Malware,FILE HASH,29b46eab2be433f57a12d62123ae71c9066d58b8d8d6a04e4c6d9c76abe78843,Public Threat Feed,40,MEDIUM,46,MONITORING,2025-07-07T23:27:29+00:00,2025-07-14T23:27:29+00:00,Global,Synthetic trojan hash sighted in demo data; associated with credential dumping behaviour in the sandbox report. ,,,,SYN-CAMP-7670-047,2
THR-2025-0089,2025-07-21T23:27:29+00:00,Synthetic Backdoor Beacon Observation,Malware,FILE HASH,165cd6c310a370d0b96491edc194d7ba9ae2ce6cf9fd80831fa082ea01520f96,Internal SOC,70,HIGH,65,MONITORING,2025-07-10T23:27:29+00:00,2025-07-21T23:27:29+00:00,Asia-Pacific,Synthetic trojan hash sighted in demo data; associated with credential dumping behaviour in the sandbox report. ,,,,SYN-CAMP-7670-047,3
THR-2025-0090,2025-07-26T23:27:29+00:00,Synthetic Loader Hash Sighting,Malware,FILE HASH,29b46eab2be433f57a12d62123ae71c9066d58b8d8d6a04e4c6d9c76abe78843,Internal SOC,75,MEDIUM,65,CLOSED,2025-07-17T23:27:29+00:00,2025-07-26T23:27:29+00:00,Unknown,Synthetic malware hash observed in demo telemetry; sample behaves as a downloader that executes an obfuscated payload and establishes C2 callback traffic. ,Execution,T1204.002 (User Execution: Malicious File),,SYN-CAMP-7670-047,7
THR-2025-0091,2025-05-13T23:27:29+00:00,Demo Ransomware C2 Observation,Ransomware,IP ADDRESS,192.0.2.245,Public Threat Feed,50,MEDIUM,46,NEW,2025-05-07T23:27:29+00:00,2025-05-13T23:27:29+00:00,,Synthetic indicator tentatively associated with ransomware activity in demo data. Behavioural context is not yet available. ,,,,SYN-CAMP-3170-048,3
THR-2025-0092,2025-05-16T23:27:29+00:00,Synthetic Ransomware Sample,Ransomware,IP ADDRESS,192.0.2.245,Security Vendor,65,MEDIUM,57,UNDER_REVIEW,2025-05-10T23:27:29+00:00,2025-05-16T23:27:29+00:00,Global,Synthetic ransomware sample observed in demo telemetry; the sample attempts file encryption of user documents and inhibits system recovery options. ,Impact,T1486 (Data Encrypted for Impact),,SYN-CAMP-3170-048,9
THR-2025-0093,2025-05-16T23:27:29+00:00,Demo Ransomware C2 Observation,Ransomware,IP ADDRESS,192.0.2.245,Public Threat Feed,50,HIGH,57,FALSE_POSITIVE,2025-05-04T23:27:29+00:00,2025-05-16T23:27:29+00:00,Middle East & Africa,Synthetic ransomware indicator observed in demo data; associated with service stop behaviour prior to encryption and data extortion staging. ,Impact,T1486 (Data Encrypted for Impact),,SYN-CAMP-3170-048,8
THR-2025-0094,2025-05-15T23:27:29+00:00,Demo Ransomware Payload Hash,Ransomware,IP ADDRESS,192.0.2.245,Public Threat Feed,50,LOW,45,CLOSED,2025-05-05T23:27:29+00:00,2025-05-15T23:27:29+00:00,Asia-Pacific,Synthetic indicator tentatively associated with ransomware activity in demo data. Behavioural context is not yet available. ,,,,SYN-CAMP-3170-048,10
THR-2025-0095,2025-05-17T23:27:29+00:00,Demo Ransomware Payload Hash,Ransomware,IP ADDRESS,192.0.2.245,Public Threat Feed,50,CRITICAL,62,FALSE_POSITIVE,2025-05-10T23:27:29+00:00,2025-05-17T23:27:29+00:00,Asia-Pacific,Synthetic ransomware sample observed in demo telemetry; the sample attempts file encryption of user documents and inhibits system recovery options. ,Impact,T1486 (Data Encrypted for Impact),,SYN-CAMP-3170-048,5
THR-2025-0096,2025-05-16T23:27:29+00:00,Synthetic Ransomware Sample,Ransomware,IP ADDRESS,192.0.2.245,Security Vendor,65,INFORMATIONAL,40,MONITORING,2025-05-12T23:27:29+00:00,2025-05-16T23:27:29+00:00,Middle East & Africa,Synthetic ransomware indicator observed in demo data; associated with service stop behaviour prior to encryption and data extortion staging. ,Impact,T1486 (Data Encrypted for Impact),,SYN-CAMP-3170-048,3
THR-2025-0097,2025-01-27T23:27:29+00:00,Synthetic Malware Sample Hash,Malware,IP ADDRESS,198.51.100.137,Security Vendor,65,LOW,51,MONITORING,2025-01-26T23:27:29+00:00,2025-01-27T23:27:29+00:00,Middle East & Africa,Synthetic trojan hash sighted in demo data; associated with credential dumping behaviour in the sandbox report. ,,,,SYN-CAMP-5421-049,9
THR-2025-0098,2025-01-26T23:27:29+00:00,Synthetic Trojan Hash Indicator,Malware,IP ADDRESS,198.51.100.137,Security Vendor,65,INFORMATIONAL,45,CLOSED,2025-01-22T23:27:29+00:00,2025-01-26T23:27:29+00:00,North America,Synthetic trojan hash sighted in demo data; associated with credential dumping behaviour in the sandbox report. ,,,,SYN-CAMP-5421-049,9
THR-2025-0099,2025-02-05T23:27:29+00:00,Synthetic Backdoor Beacon Observation,Malware,IP ADDRESS,198.51.100.137,Public Threat Feed,45,LOW,37,FALSE_POSITIVE,2025-01-28T23:27:29+00:00,2025-02-05T23:27:29+00:00,Europe,Synthetic malware hash observed in demo telemetry; sample behaves as a downloader that executes an obfuscated payload and establishes C2 callback traffic. ,Execution,T1204.002 (User Execution: Malicious File),CVE-2024-900011,SYN-CAMP-5421-049,2
THR-2025-0100,2025-01-30T23:27:29+00:00,Demo Malware Distribution Observation,Malware,IP ADDRESS,198.51.100.137,Internal SOC,80,LOW,56,UNDER_REVIEW,2025-01-23T23:27:29+00:00,2025-01-30T23:27:29+00:00,Middle East & Africa,Synthetic malware hash observed in demo telemetry; sample behaves as a downloader that executes an obfuscated payload and establishes C2 callback traffic. ,Execution,T1204.002 (User Execution: Malicious File),,SYN-CAMP-5421-049,9
THR-2025-0101,2025-01-28T23:27:29+00:00,Demo Downloader Hash Observation,Malware,IP ADDRESS,198.51.100.137,Internal SOC,80,INFORMATIONAL,50,UNDER_REVIEW,2025-01-22T23:27:29+00:00,2025-01-28T23:27:29+00:00,,Synthetic malware hash observed in demo telemetry; sample behaves as a downloader that executes an obfuscated payload and establishes C2 callback traffic. ,Execution,T1204.002 (User Execution: Malicious File),,SYN-CAMP-5421-049,11
THR-2025-0102,2025-02-12T23:27:29+00:00,Synthetic Trojan Hash Indicator,Malware,IP ADDRESS,198.51.100.137,Public Threat Feed,50,CRITICAL,63,MONITORING,2025-02-01T23:27:29+00:00,2025-02-12T23:27:29+00:00,North America,Synthetic malware hash observed in demo telemetry; sample behaves as a downloader that executes an obfuscated payload and establishes C2 callback traffic. ,Execution,T1204.002 (User Execution: Malicious File),,SYN-CAMP-5421-049,6
THR-2025-0103,2025-07-20T23:27:29+00:00,Demo Port Scan Activity Indicator,Network Threats,IP ADDRESS,192.0.2.202,Security Vendor,60,INFORMATIONAL,44,MONITORING,2025-07-20T23:27:29+00:00,2025-07-20T23:27:29+00:00,Unknown,Synthetic network indicator recorded in demo telemetry. Limited contextual evidence. ,,,,SYN-CAMP-9887-050,12
THR-2025-0104,2025-07-21T23:27:29+00:00,Synthetic C2 Callback Observation,Network Threats,IP ADDRESS,192.0.2.202,Community Submission,40,MEDIUM,40,MONITORING,2025-07-21T23:27:29+00:00,2025-07-21T23:27:29+00:00,Middle East & Africa,Synthetic command-and-control channel observed in demo telemetry; host beacon traffic to a C2 endpoint was recorded. ,Command and Control,T1071 (Application Layer Protocol),,SYN-CAMP-9887-050,1
THR-2025-0105,2025-07-21T23:27:29+00:00,Demo Port Scan Activity Indicator,Network Threats,IP ADDRESS,192.0.2.202,Community Submission,45,LOW,42,MONITORING,2025-07-12T23:27:29+00:00,2025-07-21T23:27:29+00:00,Latin America,Synthetic network indicator recorded in demo telemetry. Limited contextual evidence. ,,,,SYN-CAMP-9887-050,5
THR-2025-0106,2025-07-29T23:27:29+00:00,Synthetic Beaconing Host Indicator,Network Threats,IP ADDRESS,192.0.2.202,Security Vendor,60,MEDIUM,56,MONITORING,2025-07-17T23:27:29+00:00,2025-07-29T23:27:29+00:00,Global,Synthetic scanning behaviour observed in demo data; network service scan attempts were logged from this address. ,Discovery,T1046 (Network Service Discovery),,SYN-CAMP-9887-050,10
THR-2025-0107,2025-08-11T23:27:29+00:00,Synthetic Vulnerability Exposure Record,Vulnerability Exposure,DOMAIN,support.invalid,Unknown Source,20,HIGH,48,CLOSED,2025-08-05T23:27:29+00:00,2025-08-11T23:27:29+00:00,Global,Synthetic vulnerability-related indicator from demo asset review. Detailed context pending. ,,,CVE-2026-900028,SYN-CAMP-3463-051,12
THR-2025-0108,2025-08-04T23:27:29+00:00,Demo Unpatched Service Indicator,Vulnerability Exposure,DOMAIN,support.invalid,Public Threat Feed,45,HIGH,54,FALSE_POSITIVE,2025-07-31T23:27:29+00:00,2025-08-04T23:27:29+00:00,North America,Synthetic vulnerability exposure record; demo asset inventory shows an unpatched public-facing service with a known exploit path. Defensive awareness only. ,Initial Access,T1190 (Exploit Public-Facing Application),CVE-2025-900008,SYN-CAMP-3463-051,5
THR-2025-0109,2025-08-07T23:27:29+00:00,Synthetic Phishing Lure Domain,Phishing,DOMAIN,hr-notice.billing.invalid,Unknown Source,25,HIGH,47,UNDER_REVIEW,2025-08-07T23:27:29+00:00,2025-08-07T23:27:29+00:00,Unknown,Synthetic credential-phishing URL observed sending users to a fake account verification page in demo logs. ,Initial Access,T1566.002 (Phishing: Spearphishing Link),,SYN-CAMP-9084-052,5
THR-2025-0110,2025-08-17T23:27:29+00:00,Synthetic Fake Portal Domain,Phishing,DOMAIN,hr-notice.billing.invalid,Community Submission,50,MEDIUM,49,MONITORING,2025-08-08T23:27:29+00:00,2025-08-17T23:27:29+00:00,Latin America,Synthetic indicator of possible phishing relevance observed in demo telemetry. Insufficient behavioural context for further classification. ,,,,SYN-CAMP-9084-052,5
THR-2025-0111,2025-08-07T23:27:29+00:00,Synthetic Fake Portal Domain,Phishing,DOMAIN,hr-notice.billing.invalid,Research Report,60,CRITICAL,62,FALSE_POSITIVE,2025-08-07T23:27:29+00:00,2025-08-07T23:27:29+00:00,Europe,Synthetic indicator of possible phishing relevance observed in demo telemetry. Insufficient behavioural context for further classification. ,,,,SYN-CAMP-9084-052,2
THR-2026-0097,2026-06-10T23:27:29+00:00,Demo Unpatched Service Indicator,Vulnerability Exposure,CVE ID,CVE-2025-900001,Security Vendor,75,MEDIUM,69,FALSE_POSITIVE,2026-06-08T23:27:29+00:00,2026-06-10T23:27:29+00:00,Latin America,Synthetic vulnerability exposure record; demo asset inventory shows an unpatched public-facing service with a known exploit path. Defensive awareness only. ,Initial Access,T1190 (Exploit Public-Facing Application),CVE-2025-900001,SYN-CAMP-3890-053,10
THR-2026-0098,2026-06-16T23:27:29+00:00,Demo Unpatched Service Indicator,Vulnerability Exposure,DOMAIN,portal.demo.invalid,Public Threat Feed,60,MEDIUM,64,MONITORING,2026-06-12T23:27:29+00:00,2026-06-16T23:27:29+00:00,Unknown,Synthetic exploitable service observation; demo scanning metadata indicates exposure requiring patch review. ,Initial Access,T1190 (Exploit Public-Facing Application),CVE-2026-900015,SYN-CAMP-3890-053,8
THR-2025-0112,2025-08-13T23:27:29+00:00,Demo Downloader Hash Observation,Malware,FILE HASH,fde8baa29d665440393218e4bdf74be73bfe78208b0267438c9d3e4e90b908ea,Community Submission,35,LOW,37,MONITORING,2025-08-03T23:27:29+00:00,2025-08-13T23:27:29+00:00,Europe,Synthetic trojan hash sighted in demo data; associated with credential dumping behaviour in the sandbox report. ,,,,SYN-CAMP-3049-054,1
THR-2025-0113,2025-08-03T23:27:29+00:00,Demo Malware Distribution Observation,Malware,FILE HASH,bcfabf469075e6fc399cf92f76af7d74fd38a0c3706e8e123520740e6a0c4a47,Security Vendor,55,MEDIUM,58,MONITORING,2025-07-29T23:27:29+00:00,2025-08-03T23:27:29+00:00,Latin America,Synthetic trojan hash sighted in demo data; associated with credential dumping behaviour in the sandbox report. ,,,CVE-2024-900008,SYN-CAMP-3049-054,6
THR-2026-0099,2026-06-18T23:27:29+00:00,Demo Credential Phishing Observation,Phishing,IP ADDRESS,203.0.113.94,Community Submission,70,CRITICAL,79,MONITORING,2026-06-13T23:27:29+00:00,2026-06-18T23:27:29+00:00,Global,Synthetic indicator of possible phishing relevance observed in demo telemetry. Insufficient behavioural context for further classification. ,,,,SYN-CAMP-2072-055,10
THR-2026-0100,2026-06-26T23:27:29+00:00,Synthetic Phishing Infrastructure Sighting,Phishing,URL,https://account.example.org/document.html,Public Threat Feed,65,MEDIUM,63,MONITORING,2026-06-16T23:27:29+00:00,2026-06-26T23:27:29+00:00,,Synthetic phishing lure domain observed in demo telemetry; the domain mimics a login verification portal. Indicator is analysed as data only - never visited. ,Initial Access,T1566.002 (Phishing: Spearphishing Link),,SYN-CAMP-2072-055,5
THR-2026-0101,2026-06-12T23:27:29+00:00,Synthetic Fake Portal Domain,Phishing,EMAIL DOMAIN,team-share.portal.invalid,Security Vendor,75,MEDIUM,69,NEW,2026-06-12T23:27:29+00:00,2026-06-12T23:27:29+00:00,Global,Synthetic e-mail attachment campaign observed in demo telemetry distributing phishing documents with credential harvest links. ,Initial Access,T1566.002 (Phishing: Spearphishing Link),,SYN-CAMP-2072-055,6
THR-2026-0102,2026-06-26T23:27:29+00:00,Synthetic Lookalike Domain Alert,Phishing,URL,https://account.example.org/document.html,Internal SOC,90,MEDIUM,67,FALSE_POSITIVE,2026-06-19T23:27:29+00:00,2026-06-26T23:27:29+00:00,North America,Synthetic credential-phishing URL observed sending users to a fake account verification page in demo logs. ,Initial Access,T1566.002 (Phishing: Spearphishing Link),,SYN-CAMP-2072-055,1
THR-2026-0103,2026-06-20T23:27:29+00:00,Synthetic Phishing Infrastructure Sighting,Phishing,IP ADDRESS,203.0.113.94,Security Vendor,85,HIGH,74,UNDER_REVIEW,2026-06-18T23:27:29+00:00,2026-06-20T23:27:29+00:00,Latin America,Synthetic indicator of possible phishing relevance observed in demo telemetry. Insufficient behavioural context for further classification. ,,,,SYN-CAMP-2072-055,4
THR-2026-0104,2026-06-24T23:27:29+00:00,Synthetic Fake Portal Domain,Phishing,EMAIL DOMAIN,team-share.portal.invalid,Security Vendor,75,LOW,63,MONITORING,2026-06-15T23:27:29+00:00,2026-06-24T23:27:29+00:00,,Synthetic credential-phishing URL observed sending users to a fake account verification page in demo logs. ,Initial Access,T1566.002 (Phishing: Spearphishing Link),,SYN-CAMP-2072-055,12
THR-2026-0105,2026-08-29T23:27:29+00:00,Demo Drive-by Download Serving Domain,Web Threats,IP ADDRESS,192.0.2.18,Community Submission,70,CRITICAL,82,MONITORING,2026-08-26T23:27:29+00:00,2026-08-29T23:27:29+00:00,Asia-Pacific,Synthetic indicator observed in web-monitoring demo data. No specific technique context available. ,,,,SYN-CAMP-5392-056,9
THR-2026-0106,2026-09-04T23:27:29+00:00,Synthetic Exploit Kit Domain,Web Threats,IP ADDRESS,192.0.2.18,Research Report,85,HIGH,81,CLOSED,2026-08-31T23:27:29+00:00,2026-09-04T23:27:29+00:00,Asia-Pacific,Synthetic drive-by domain observed in demo data; client browser exploitation behaviour was simulated. ,Initial Access,T1190 (Exploit Public-Facing Application),CVE-2026-900021,SYN-CAMP-5392-056,5
THR-2026-0107,2026-08-28T23:27:29+00:00,Synthetic Exploit Kit Domain,Web Threats,IP ADDRESS,192.0.2.18,Public Threat Feed,70,MEDIUM,66,NEW,2026-08-23T23:27:29+00:00,2026-08-28T23:27:29+00:00,Europe,Synthetic drive-by domain observed in demo data; client browser exploitation behaviour was simulated. ,Initial Access,T1190 (Exploit Public-Facing Application),CVE-2025-900024,SYN-CAMP-5392-056,4
THR-2026-0108,2026-09-04T23:27:29+00:00,Demo Drive-by Download Serving Domain,Web Threats,IP ADDRESS,192.0.2.6,Research Report,80,MEDIUM,76,NEW,2026-08-28T23:27:29+00:00,2026-09-04T23:27:29+00:00,,Synthetic indicator observed in web-monitoring demo data. No specific technique context available. ,,,,SYN-CAMP-5392-056,10
THR-2026-0109,2026-09-01T23:27:29+00:00,Synthetic Exploit Kit Domain,Web Threats,IP ADDRESS,192.0.2.6,Community Submission,65,MEDIUM,64,MONITORING,2026-08-29T23:27:29+00:00,2026-09-01T23:27:29+00:00,North America,Synthetic drive-by domain observed in demo data; client browser exploitation behaviour was simulated. ,Initial Access,T1190 (Exploit Public-Facing Application),,SYN-CAMP-5392-056,4
THR-2026-0110,2026-08-24T23:27:29+00:00,Demo SQL Injection Attempt Indicator,Web Threats,IP ADDRESS,192.0.2.18,Public Threat Feed,70,CRITICAL,77,CLOSED,2026-08-22T23:27:29+00:00,2026-08-24T23:27:29+00:00,Latin America,Synthetic indicator observed in web-monitoring demo data. No specific technique context available. ,,,,SYN-CAMP-5392-056,3
THR-2025-0114,2025-07-28T23:27:29+00:00,Demo Port Scan Activity Indicator,Network Threats,IP ADDRESS,198.51.100.51,Public Threat Feed,50,HIGH,60,CLOSED,2025-07-20T23:27:29+00:00,2025-07-28T23:27:29+00:00,Europe,Synthetic network indicator recorded in demo telemetry. Limited contextual evidence. ,,,,SYN-CAMP-7346-057,6
THR-2025-0115,2025-08-04T23:27:29+00:00,Synthetic Beaconing Host Indicator,Network Threats,IP ADDRESS,203.0.113.161,Research Report,65,MEDIUM,61,CLOSED,2025-07-26T23:27:29+00:00,2025-08-04T23:27:29+00:00,,Synthetic network indicator recorded in demo telemetry. Limited contextual evidence. ,,,,SYN-CAMP-7346-057,9
THR-2025-0116,2025-08-06T23:27:29+00:00,Demo Tor Proxy Exit Observation,Network Threats,IP ADDRESS,198.51.100.51,Community Submission,50,LOW,49,CLOSED,2025-07-25T23:27:29+00:00,2025-08-06T23:27:29+00:00,North America,Synthetic scanning behaviour observed in demo data; network service scan attempts were logged from this address. ,Discovery,T1046 (Network Service Discovery),,SYN-CAMP-7346-057,8
THR-2025-0117,2025-07-22T23:27:29+00:00,Synthetic Beaconing Host Indicator,Network Threats,IP ADDRESS,203.0.113.161,Public Threat Feed,45,HIGH,53,CLOSED,2025-07-20T23:27:29+00:00,2025-07-22T23:27:29+00:00,Latin America,Synthetic scanning behaviour observed in demo data; network service scan attempts were logged from this address. ,Discovery,T1046 (Network Service Discovery),,SYN-CAMP-7346-057,2
THR-2025-0118,2025-10-25T23:27:29+00:00,Synthetic Loader Hash Sighting,Malware,URL,http://invoice.mail.invalid/document.html,Public Threat Feed,50,CRITICAL,64,MONITORING,2025-10-14T23:27:29+00:00,2025-10-25T23:27:29+00:00,North America,Synthetic malware hash observed in demo telemetry; sample behaves as a downloader that executes an obfuscated payload and establishes C2 callback traffic. ,Execution,T1204.002 (User Execution: Malicious File),,SYN-CAMP-6102-058,2
THR-2025-0119,2025-10-23T23:27:29+00:00,Synthetic Loader Hash Sighting,Malware,FILE HASH,5943817c37e64c86ad44057cfee1301a3e92d25858b5a02840ff740e248184ce,Internal SOC,85,HIGH,77,MONITORING,2025-10-18T23:27:29+00:00,2025-10-23T23:27:29+00:00,,Synthetic trojan hash sighted in demo data; associated with credential dumping behaviour in the sandbox report. ,,,,SYN-CAMP-6102-058,8
THR-2025-0120,2025-10-10T23:27:29+00:00,Synthetic Backdoor Beacon Observation,Malware,FILE HASH,5943817c37e64c86ad44057cfee1301a3e92d25858b5a02840ff740e248184ce,Internal SOC,85,MEDIUM,70,MONITORING,2025-10-10T23:27:29+00:00,2025-10-10T23:27:29+00:00,,Synthetic malware hash observed in demo telemetry; sample behaves as a downloader that executes an obfuscated payload and establishes C2 callback traffic. ,Execution,T1204.002 (User Execution: Malicious File),,SYN-CAMP-6102-058,6
THR-2025-0121,2025-10-19T23:27:29+00:00,Demo Downloader Hash Observation,Malware,URL,http://invoice.mail.invalid/document.html,Security Vendor,70,HIGH,71,NEW,2025-10-13T23:27:29+00:00,2025-10-19T23:27:29+00:00,Latin America,Synthetic malware hash observed in demo telemetry; sample behaves as a downloader that executes an obfuscated payload and establishes C2 callback traffic. ,Execution,T1204.002 (User Execution: Malicious File),,SYN-CAMP-6102-058,10
THR-2025-0122,2025-10-22T23:27:29+00:00,Synthetic Backdoor Beacon Observation,Malware,FILE HASH,5943817c37e64c86ad44057cfee1301a3e92d25858b5a02840ff740e248184ce,Security Vendor,70,MEDIUM,65,CLOSED,2025-10-15T23:27:29+00:00,2025-10-22T23:27:29+00:00,Asia-Pacific,Synthetic trojan hash sighted in demo data; associated with credential dumping behaviour in the sandbox report. ,,,,SYN-CAMP-6102-058,11
THR-2025-0123,2025-10-01T23:27:29+00:00,Synthetic Phishing Lure Domain,Phishing,URL,https://billing.billing.invalid/verify-account.html,Security Vendor,55,MEDIUM,58,MONITORING,2025-10-01T23:27:29+00:00,2025-10-01T23:27:29+00:00,Unknown,Synthetic credential-phishing URL observed sending users to a fake account verification page in demo logs. ,Initial Access,T1566.002 (Phishing: Spearphishing Link),,SYN-CAMP-5708-059,10
THR-2025-0124,2025-10-11T23:27:29+00:00,Demo Credential Phishing Observation,Phishing,DOMAIN,docusign-view.mail.invalid,Security Vendor,65,MEDIUM,62,FALSE_POSITIVE,2025-10-06T23:27:29+00:00,2025-10-11T23:27:29+00:00,Global,Synthetic indicator of possible phishing relevance observed in demo telemetry. Insufficient behavioural context for further classification. ,,,,SYN-CAMP-5708-059,5
THR-2026-0111,2026-01-29T23:27:29+00:00,Demo Malware Distribution Observation,Malware,FILE HASH,6d0d0a0b3487042f9ebef203d82002e677818b35,Security Vendor,60,MEDIUM,56,MONITORING,2026-01-19T23:27:29+00:00,2026-01-29T23:27:29+00:00,Unknown,Synthetic malware hash observed in demo telemetry; sample behaves as a downloader that executes an obfuscated payload and establishes C2 callback traffic. ,Execution,T1204.002 (User Execution: Malicious File),CVE-2026-900001,SYN-CAMP-1863-060,2
THR-2026-0112,2026-01-31T23:27:29+00:00,Synthetic Loader Hash Sighting,Malware,FILE HASH,b198126c9ad4255659d15c82d6afa335578dcd52,Community Submission,45,LOW,43,MONITORING,2026-01-22T23:27:29+00:00,2026-01-31T23:27:29+00:00,North America,Synthetic trojan hash sighted in demo data; associated with credential dumping behaviour in the sandbox report. ,,,,SYN-CAMP-1863-060,1
THR-2026-0113,2026-03-29T23:27:29+00:00,Demo Credential Phishing Observation,Phishing,EMAIL DOMAIN,support.auth.invalid,Community Submission,60,MEDIUM,48,NEW,2026-03-19T23:27:29+00:00,2026-03-29T23:27:29+00:00,Global,Synthetic credential-phishing URL observed sending users to a fake account verification page in demo logs. ,Initial Access,T1566.002 (Phishing: Spearphishing Link),,SYN-CAMP-5778-061,1
THR-2026-0114,2026-03-27T23:27:29+00:00,Synthetic Phishing Lure Domain,Phishing,EMAIL DOMAIN,support.auth.invalid,Internal SOC,95,MEDIUM,64,NEW,2026-03-16T23:27:29+00:00,2026-03-27T23:27:29+00:00,Latin America,Synthetic phishing lure domain observed in demo telemetry; the domain mimics a login verification portal. Indicator is analysed as data only - never visited. ,Initial Access,T1566.002 (Phishing: Spearphishing Link),,SYN-CAMP-5778-061,3
THR-2026-0115,2026-03-18T23:27:29+00:00,Demo Phishing Campaign Indicator,Phishing,EMAIL DOMAIN,support.auth.invalid,Internal SOC,95,CRITICAL,81,CLOSED,2026-03-11T23:27:29+00:00,2026-03-18T23:27:29+00:00,Asia-Pacific,Synthetic credential-phishing URL observed sending users to a fake account verification page in demo logs. ,Initial Access,T1566.002 (Phishing: Spearphishing Link),,SYN-CAMP-5778-061,6
THR-2026-0116,2026-03-13T23:27:29+00:00,Demo Phishing Campaign Indicator,Phishing,EMAIL DOMAIN,support.auth.invalid,Research Report,75,LOW,50,MONITORING,2026-03-11T23:27:29+00:00,2026-03-13T23:27:29+00:00,Unknown,Synthetic indicator of possible phishing relevance observed in demo telemetry. Insufficient behavioural context for further classification. ,,,,SYN-CAMP-5778-061,2
THR-2026-0117,2026-03-30T23:27:29+00:00,Synthetic Phishing Infrastructure Sighting,Phishing,EMAIL DOMAIN,support.auth.invalid,Public Threat Feed,65,LOW,52,UNDER_REVIEW,2026-03-18T23:27:29+00:00,2026-03-30T23:27:29+00:00,Asia-Pacific,Synthetic indicator of possible phishing relevance observed in demo telemetry. Insufficient behavioural context for further classification. ,,,,SYN-CAMP-5778-061,11
THR-2026-0118,2026-08-07T23:27:29+00:00,Demo Ransomware C2 Observation,Ransomware,FILE HASH,8f39fb1b5a9fb111fd3d7ae74c10d747,Public Threat Feed,65,HIGH,66,CLOSED,2026-07-27T23:27:29+00:00,2026-08-07T23:27:29+00:00,Global,Synthetic ransomware sample observed in demo telemetry; the sample attempts file encryption of user documents and inhibits system recovery options. ,Impact,T1486 (Data Encrypted for Impact),,SYN-CAMP-4072-062,4
THR-2026-0119,2026-08-08T23:27:29+00:00,Synthetic Ransomware Note Indicator,Ransomware,FILE HASH,8f39fb1b5a9fb111fd3d7ae74c10d747,Security Vendor,80,MEDIUM,70,CLOSED,2026-08-01T23:27:29+00:00,2026-08-08T23:27:29+00:00,,Synthetic ransomware sample observed in demo telemetry; the sample attempts file encryption of user documents and inhibits system recovery options. ,Impact,T1486 (Data Encrypted for Impact),,SYN-CAMP-4072-062,12
THR-2024-0016,2024-12-07T23:27:29+00:00,Demo Malware Distribution Observation,Malware,FILE HASH,6991a9a8e2b72fe658e5aa3a4eb6e8c5ec8c4d78cb81115886b42f1571206396,Security Vendor,60,LOW,50,UNDER_REVIEW,2024-11-28T23:27:29+00:00,2024-12-07T23:27:29+00:00,,Synthetic malware hash observed in demo telemetry; sample behaves as a downloader that executes an obfuscated payload and establishes C2 callback traffic. ,Execution,T1204.002 (User Execution: Malicious File),,SYN-CAMP-2781-063,4
THR-2024-0017,2024-12-08T23:27:29+00:00,Synthetic Trojan Hash Indicator,Malware,FILE HASH,6991a9a8e2b72fe658e5aa3a4eb6e8c5ec8c4d78cb81115886b42f1571206396,Internal SOC,75,CRITICAL,78,MONITORING,2024-12-03T23:27:29+00:00,2024-12-08T23:27:29+00:00,Latin America,Synthetic malware hash observed in demo telemetry; sample behaves as a downloader that executes an obfuscated payload and establishes C2 callback traffic. ,Execution,T1204.002 (User Execution: Malicious File),,SYN-CAMP-2781-063,12
THR-2024-0018,2024-11-29T23:27:29+00:00,Synthetic Trojan Hash Indicator,Malware,FILE HASH,64a9be0b70179c5c6d9293bb787ab4e66718932b,Research Report,50,MEDIUM,49,FALSE_POSITIVE,2024-11-28T23:27:29+00:00,2024-11-29T23:27:29+00:00,Europe,Synthetic malware hash observed in demo telemetry; sample behaves as a downloader that executes an obfuscated payload and establishes C2 callback traffic. ,Execution,T1204.002 (User Execution: Malicious File),,SYN-CAMP-2781-063,1
THR-2024-0019,2024-11-29T23:27:29+00:00,Demo Downloader Hash Observation,Malware,FILE HASH,6d42a63d6a1132f4cfda468fb68d58c4eab542a8768fd3a5f55c27ac927fca21,Public Threat Feed,45,INFORMATIONAL,42,MONITORING,2024-11-29T23:27:29+00:00,2024-11-29T23:27:29+00:00,Unknown,Synthetic malware hash observed in demo telemetry; sample behaves as a downloader that executes an obfuscated payload and establishes C2 callback traffic. ,Execution,T1204.002 (User Execution: Malicious File),CVE-2025-900008,SYN-CAMP-2781-063,7
THR-2024-0020,2024-12-13T23:27:29+00:00,Demo Downloader Hash Observation,Malware,FILE HASH,6d42a63d6a1132f4cfda468fb68d58c4eab542a8768fd3a5f55c27ac927fca21,Security Vendor,60,LOW,54,FALSE_POSITIVE,2024-12-04T23:27:29+00:00,2024-12-13T23:27:29+00:00,Europe,Synthetic malware hash observed in demo telemetry; sample behaves as a downloader that executes an obfuscated payload and establishes C2 callback traffic. ,Execution,T1204.002 (User Execution: Malicious File),,SYN-CAMP-2781-063,9
THR-2024-0021,2024-11-28T23:27:29+00:00,Demo Exfiltration Endpoint Indicator,Data Exposure,DOMAIN,document.example.com,Public Threat Feed,45,HIGH,55,MONITORING,2024-11-20T23:27:29+00:00,2024-11-28T23:27:29+00:00,Global,Synthetic e-mail collection behaviour observed in demo data; mailbox export activity was simulated. ,Collection,T1114 (Email Collection),,SYN-CAMP-6108-064,6
THR-2024-0022,2024-11-29T23:27:29+00:00,Demo Exfiltration Endpoint Indicator,Data Exposure,DOMAIN,document.example.com,Internal SOC,75,CRITICAL,72,NEW,2024-11-27T23:27:29+00:00,2024-11-29T23:27:29+00:00,Middle East & Africa,Synthetic exfiltration observation in demo telemetry; large outbound transfer attempts to an external endpoint were recorded. ,Exfiltration,T1048 (Exfiltration Over Alternative Protocol),,SYN-CAMP-6108-064,5
THR-2024-0023,2024-11-22T23:27:29+00:00,Synthetic Data Leak Observation,Data Exposure,DOMAIN,document.example.com,Internal SOC,70,INFORMATIONAL,42,CLOSED,2024-11-19T23:27:29+00:00,2024-11-22T23:27:29+00:00,Asia-Pacific,Synthetic e-mail collection behaviour observed in demo data; mailbox export activity was simulated. ,Collection,T1114 (Email Collection),,SYN-CAMP-6108-064,2
THR-2024-0024,2024-11-30T23:27:29+00:00,Synthetic Public Leak Domain Sighting,Data Exposure,DOMAIN,document.example.com,Internal SOC,75,CRITICAL,74,UNDER_REVIEW,2024-11-25T23:27:29+00:00,2024-11-30T23:27:29+00:00,Europe,Synthetic e-mail collection behaviour observed in demo data; mailbox export activity was simulated. ,Collection,T1114 (Email Collection),,SYN-CAMP-6108-064,10
THR-2026-0120,2026-04-20T23:27:29+00:00,Synthetic Account Takeover Risk Indicator,Account Security,IP ADDRESS,198.51.100.180,Internal SOC,100,MEDIUM,74,CLOSED,2026-04-12T23:27:29+00:00,2026-04-20T23:27:29+00:00,Unknown,Synthetic fraudulent account creation observed in demo telemetry; a new account was created outside standard process. ,Persistence,T1136 (Create Account),,SYN-CAMP-9554-065,12
THR-2026-0121,2026-04-18T23:27:29+00:00,Synthetic Account Takeover Risk Indicator,Account Security,IP ADDRESS,198.51.100.180,Community Submission,70,MEDIUM,62,UNDER_REVIEW,2026-04-14T23:27:29+00:00,2026-04-18T23:27:29+00:00,Unknown,Synthetic account takeover risk indicator; demo telemetry shows compromised valid accounts used from unusual locations. ,Persistence,T1136 (Create Account),,SYN-CAMP-9554-065,9
THR-2026-0122,2026-04-24T23:27:29+00:00,Synthetic Fraudulent Account Creation Indicator,Account Security,IP ADDRESS,198.51.100.180,Public Threat Feed,70,HIGH,68,MONITORING,2026-04-14T23:27:29+00:00,2026-04-24T23:27:29+00:00,Asia-Pacific,Synthetic fraudulent account creation observed in demo telemetry; a new account was created outside standard process. ,Persistence,T1136 (Create Account),,SYN-CAMP-9554-065,9
THR-2026-0123,2026-04-25T23:27:29+00:00,Synthetic Fraudulent Account Creation Indicator,Account Security,IP ADDRESS,198.51.100.180,Internal SOC,100,MEDIUM,68,MONITORING,2026-04-17T23:27:29+00:00,2026-04-25T23:27:29+00:00,Unknown,Synthetic fraudulent account creation observed in demo telemetry; a new account was created outside standard process. ,Persistence,T1136 (Create Account),,SYN-CAMP-9554-065,3
THR-2026-0124,2026-04-21T23:27:29+00:00,Demo Abnormal Login Pattern Observation,Account Security,IP ADDRESS,198.51.100.180,Community Submission,70,CRITICAL,73,UNDER_REVIEW,2026-04-13T23:27:29+00:00,2026-04-21T23:27:29+00:00,Asia-Pacific,Synthetic account takeover risk indicator; demo telemetry shows compromised valid accounts used from unusual locations. ,Persistence,T1136 (Create Account),,SYN-CAMP-9554-065,5
THR-2026-0125,2026-04-24T23:27:29+00:00,Demo Abnormal Login Pattern Observation,Account Security,IP ADDRESS,198.51.100.180,Community Submission,70,INFORMATIONAL,45,MONITORING,2026-04-17T23:27:29+00:00,2026-04-24T23:27:29+00:00,Middle East & Africa,Synthetic account takeover risk indicator; demo telemetry shows compromised valid accounts used from unusual locations. ,Persistence,T1136 (Create Account),,SYN-CAMP-9554-065,3
THR-2026-0126,2026-05-05T23:27:29+00:00,Demo Unpatched Service Indicator,Vulnerability Exposure,CVE ID,CVE-2026-900008,Public Threat Feed,75,HIGH,73,MONITORING,2026-04-27T23:27:29+00:00,2026-05-05T23:27:29+00:00,Asia-Pacific,Synthetic vulnerability exposure record; demo asset inventory shows an unpatched public-facing service with a known exploit path. Defensive awareness only. ,Initial Access,T1190 (Exploit Public-Facing Application),CVE-2026-900008,SYN-CAMP-5947-066,7
THR-2026-0127,2026-04-29T23:27:29+00:00,Synthetic Vulnerability Exposure Record,Vulnerability Exposure,CVE ID,CVE-2026-900008,Research Report,90,MEDIUM,73,NEW,2026-04-26T23:27:29+00:00,2026-04-29T23:27:29+00:00,North America,Synthetic vulnerability-related indicator from demo asset review. Detailed context pending. ,,,CVE-2026-900008,SYN-CAMP-5947-066,8
THR-2026-0128,2026-04-25T23:27:29+00:00,Demo Unpatched Service Indicator,Vulnerability Exposure,CVE ID,CVE-2026-900008,Community Submission,75,MEDIUM,67,CLOSED,2026-04-21T23:27:29+00:00,2026-04-25T23:27:29+00:00,Asia-Pacific,Synthetic vulnerability-related indicator from demo asset review. Detailed context pending. ,,,CVE-2026-900008,SYN-CAMP-5947-066,10
THR-2026-0129,2026-05-01T23:27:29+00:00,Demo Unpatched Service Indicator,Vulnerability Exposure,CVE ID,CVE-2024-900001,Public Threat Feed,60,CRITICAL,76,MONITORING,2026-04-25T23:27:29+00:00,2026-05-01T23:27:29+00:00,Global,Synthetic vulnerability exposure record; demo asset inventory shows an unpatched public-facing service with a known exploit path. Defensive awareness only. ,Initial Access,T1190 (Exploit Public-Facing Application),CVE-2024-900001,SYN-CAMP-5947-066,12
THR-2026-0130,2026-06-22T23:27:29+00:00,Demo Exfiltration Endpoint Indicator,Data Exposure,DOMAIN,cloud-backup.example.com,Community Submission,60,HIGH,63,MONITORING,2026-06-11T23:27:29+00:00,2026-06-22T23:27:29+00:00,Global,Synthetic exfiltration observation in demo telemetry; large outbound transfer attempts to an external endpoint were recorded. ,Exfiltration,T1048 (Exfiltration Over Alternative Protocol),,SYN-CAMP-7576-067,2
THR-2026-0131,2026-06-12T23:27:29+00:00,Synthetic Data Leak Observation,Data Exposure,DOMAIN,cloud-backup.example.com,Research Report,80,CRITICAL,83,NEW,2026-06-08T23:27:29+00:00,2026-06-12T23:27:29+00:00,Global,Synthetic indicator associated with possible data-exposure monitoring in demo data. Context is limited. ,,,,SYN-CAMP-7576-067,8
THR-2026-0132,2026-06-18T23:27:29+00:00,Synthetic Data Leak Observation,Data Exposure,IP ADDRESS,198.51.100.11,Security Vendor,90,MEDIUM,70,MONITORING,2026-06-08T23:27:29+00:00,2026-06-18T23:27:29+00:00,Unknown,Synthetic exfiltration observation in demo telemetry; large outbound transfer attempts to an external endpoint were recorded. ,Exfiltration,T1048 (Exfiltration Over Alternative Protocol),,SYN-CAMP-7576-067,4
THR-2026-0133,2026-06-13T23:27:29+00:00,Demo Exfiltration Endpoint Indicator,Data Exposure,IP ADDRESS,198.51.100.11,Security Vendor,90,CRITICAL,81,NEW,2026-06-04T23:27:29+00:00,2026-06-13T23:27:29+00:00,,Synthetic exfiltration observation in demo telemetry; large outbound transfer attempts to an external endpoint were recorded. ,Exfiltration,T1048 (Exfiltration Over Alternative Protocol),,SYN-CAMP-7576-067,3
THR-2026-0134,2026-06-16T23:27:29+00:00,Demo Exfiltration Endpoint Indicator,Data Exposure,IP ADDRESS,198.51.100.11,Unknown Source,50,MEDIUM,57,CLOSED,2026-06-11T23:27:29+00:00,2026-06-16T23:27:29+00:00,Unknown,Synthetic indicator associated with possible data-exposure monitoring in demo data. Context is limited. ,,,,SYN-CAMP-7576-067,5
THR-2026-0135,2026-06-17T23:27:29+00:00,Synthetic Public Leak Domain Sighting,Data Exposure,IP ADDRESS,198.51.100.11,Research Report,85,CRITICAL,78,NEW,2026-06-09T23:27:29+00:00,2026-06-17T23:27:29+00:00,Europe,Synthetic exfiltration observation in demo telemetry; large outbound transfer attempts to an external endpoint were recorded. ,Exfiltration,T1048 (Exfiltration Over Alternative Protocol),,SYN-CAMP-7576-067,2
THR-2026-0136,2026-04-29T23:27:29+00:00,Synthetic Vulnerability Exposure Record,Vulnerability Exposure,URL,http://signin.portal.invalid/password-reset/verify,Security Vendor,75,MEDIUM,69,CLOSED,2026-04-21T23:27:29+00:00,2026-04-29T23:27:29+00:00,North America,Synthetic exploitable service observation; demo scanning metadata indicates exposure requiring patch review. ,Initial Access,T1190 (Exploit Public-Facing Application),CVE-2026-900007,SYN-CAMP-3372-068,8
THR-2026-0137,2026-04-20T23:27:29+00:00,Synthetic Exploitable Service Observation,Vulnerability Exposure,URL,http://signin.portal.invalid/password-reset/verify,Security Vendor,75,HIGH,70,MONITORING,2026-04-17T23:27:29+00:00,2026-04-20T23:27:29+00:00,Unknown,Synthetic vulnerability-related indicator from demo asset review. Detailed context pending. ,,,CVE-2024-900005,SYN-CAMP-3372-068,3
THR-2026-0138,2026-04-27T23:27:29+00:00,Synthetic Vulnerability Exposure Record,Vulnerability Exposure,DOMAIN,portal.support.invalid,Security Vendor,70,MEDIUM,60,NEW,2026-04-24T23:27:29+00:00,2026-04-27T23:27:29+00:00,,Synthetic vulnerability exposure record; demo asset inventory shows an unpatched public-facing service with a known exploit path. Defensive awareness only. ,Initial Access,T1190 (Exploit Public-Facing Application),CVE-2024-900017,SYN-CAMP-3372-068,1
THR-2025-0125,2025-12-25T23:27:29+00:00,Demo Drive-by Download Serving Domain,Web Threats,URL,https://service.login.invalid/update-password,Security Vendor,70,MEDIUM,61,CLOSED,2025-12-21T23:27:29+00:00,2025-12-25T23:27:29+00:00,Unknown,Synthetic drive-by domain observed in demo data; client browser exploitation behaviour was simulated. ,Initial Access,T1190 (Exploit Public-Facing Application),,SYN-CAMP-5445-069,8
THR-2025-0126,2026-01-07T23:27:29+00:00,Synthetic Exploit Kit Domain,Web Threats,URL,https://service.login.invalid/update-password,Research Report,70,INFORMATIONAL,49,CLOSED,2025-12-26T23:27:29+00:00,2026-01-07T23:27:29+00:00,Asia-Pacific,Synthetic web attack indicator observed in demo telemetry; exploitation attempts against a public-facing application were recorded in demo logs. ,Initial Access,T1190 (Exploit Public-Facing Application),,SYN-CAMP-5445-069,9
THR-2026-0139,2026-09-30T23:27:29+00:00,Demo Credential Phishing Observation,Phishing,URL,http://secure.portal.invalid/auth/check,Research Report,85,HIGH,81,MONITORING,2026-09-18T23:27:29+00:00,2026-09-30T23:27:29+00:00,,Synthetic phishing lure domain observed in demo telemetry; the domain mimics a login verification portal. Indicator is analysed as data only - never visited. ,Initial Access,T1566.002 (Phishing: Spearphishing Link),,SYN-CAMP-8845-070,8
THR-2026-0140,2026-09-24T23:27:29+00:00,Synthetic Phishing Lure Domain,Phishing,URL,http://secure.portal.invalid/auth/check,Community Submission,65,MEDIUM,58,UNDER_REVIEW,2026-09-20T23:27:29+00:00,2026-09-24T23:27:29+00:00,Asia-Pacific,Synthetic phishing lure domain observed in demo telemetry; the domain mimics a login verification portal. Indicator is analysed as data only - never visited. ,Initial Access,T1566.002 (Phishing: Spearphishing Link),,SYN-CAMP-8845-070,1
THR-2026-0141,2026-09-15T23:27:29+00:00,Demo Credential Phishing Observation,Phishing,URL,http://secure.portal.invalid/auth/check,Public Threat Feed,70,MEDIUM,62,NEW,2026-09-13T23:27:29+00:00,2026-09-15T23:27:29+00:00,Global,Synthetic e-mail attachment campaign observed in demo telemetry distributing phishing documents with credential harvest links. ,Initial Access,T1566.002 (Phishing: Spearphishing Link),,SYN-CAMP-8845-070,3
THR-2026-0142,2026-08-06T23:27:29+00:00,Synthetic Backdoor Beacon Observation,Malware,FILE HASH,350438279dcd88225b94eb83c158e5b8465def02,Community Submission,65,INFORMATIONAL,52,MONITORING,2026-07-31T23:27:29+00:00,2026-08-06T23:27:29+00:00,Middle East & Africa,Synthetic trojan hash sighted in demo data; associated with credential dumping behaviour in the sandbox report. ,,,,SYN-CAMP-7061-071,9
THR-2026-0143,2026-08-08T23:27:29+00:00,Synthetic Trojan Hash Indicator,Malware,FILE HASH,350438279dcd88225b94eb83c158e5b8465def02,Security Vendor,80,HIGH,76,CLOSED,2026-08-02T23:27:29+00:00,2026-08-08T23:27:29+00:00,Unknown,Synthetic malware hash observed in demo telemetry; sample behaves as a downloader that executes an obfuscated payload and establishes C2 callback traffic. ,Execution,T1204.002 (User Execution: Malicious File),CVE-2025-900019,SYN-CAMP-7061-071,10
THR-2025-0127,2025-10-16T23:27:29+00:00,Synthetic Vulnerability Exposure Record,Vulnerability Exposure,CVE ID,CVE-2025-900025,Research Report,75,MEDIUM,62,UNDER_REVIEW,2025-10-05T23:27:29+00:00,2025-10-16T23:27:29+00:00,North America,Synthetic exploitable service observation; demo scanning metadata indicates exposure requiring patch review. ,Initial Access,T1190 (Exploit Public-Facing Application),CVE-2025-900025,SYN-CAMP-1176-072,7
THR-2025-0128,2025-10-10T23:27:29+00:00,Synthetic Exploitable Service Observation,Vulnerability Exposure,CVE ID,CVE-2025-900025,Internal SOC,85,HIGH,66,UNDER_REVIEW,2025-10-07T23:27:29+00:00,2025-10-10T23:27:29+00:00,Latin America,Synthetic vulnerability exposure record; demo asset inventory shows an unpatched public-facing service with a known exploit path. Defensive awareness only. ,Initial Access,T1190 (Exploit Public-Facing Application),CVE-2025-900025,SYN-CAMP-1176-072,2
THR-2025-0129,2025-10-05T23:27:29+00:00,Synthetic Exploitable Service Observation,Vulnerability Exposure,CVE ID,CVE-2025-900025,Internal SOC,90,INFORMATIONAL,56,UNDER_REVIEW,2025-10-03T23:27:29+00:00,2025-10-05T23:27:29+00:00,Middle East & Africa,Synthetic vulnerability exposure record; demo asset inventory shows an unpatched public-facing service with a known exploit path. Defensive awareness only. ,Initial Access,T1190 (Exploit Public-Facing Application),CVE-2025-900025,SYN-CAMP-1176-072,9
THR-2025-0130,2025-10-15T23:27:29+00:00,Demo Unpatched Service Indicator,Vulnerability Exposure,CVE ID,CVE-2025-900025,Community Submission,60,HIGH,62,FALSE_POSITIVE,2025-10-07T23:27:29+00:00,2025-10-15T23:27:29+00:00,Asia-Pacific,Synthetic exploitable service observation; demo scanning metadata indicates exposure requiring patch review. ,Initial Access,T1190 (Exploit Public-Facing Application),CVE-2025-900025,SYN-CAMP-1176-072,11
THR-2025-0131,2025-04-13T23:27:29+00:00,Synthetic Credential Stuffing Observation,Credential Theft,DOMAIN,wire-transfer.billing.invalid,Unknown Source,20,LOW,38,MONITORING,2025-04-05T23:27:29+00:00,2025-04-13T23:27:29+00:00,Global,Synthetic credential stuffing activity observed in demo telemetry; high volume of brute force attempts against login endpoints from shared infrastructure. ,Credential Access,T1110 (Brute Force),,SYN-CAMP-8186-073,5
THR-2025-0132,2025-04-07T23:27:29+00:00,Demo Password Spray Observation,Credential Theft,DOMAIN,signin.demo.invalid,Unknown Source,20,MEDIUM,46,NEW,2025-03-26T23:27:29+00:00,2025-04-07T23:27:29+00:00,North America,Synthetic credential stuffing activity observed in demo telemetry; high volume of brute force attempts against login endpoints from shared infrastructure. ,Credential Access,T1110 (Brute Force),,SYN-CAMP-8186-073,10
THR-2025-0133,2025-04-03T23:27:29+00:00,Synthetic Credential Stuffing Observation,Credential Theft,DOMAIN,wire-transfer.billing.invalid,Community Submission,45,MEDIUM,54,MONITORING,2025-04-03T23:27:29+00:00,2025-04-03T23:27:29+00:00,Global,Synthetic credential-harvesting page observed in demo telemetry; the page mimics a password store sign-in form. ,Credential Access,T1555 (Credentials from Password Stores),,SYN-CAMP-8186-073,10
THR-2025-0134,2025-04-09T23:27:29+00:00,Demo Password Spray Observation,Credential Theft,DOMAIN,support.portal.invalid,Public Threat Feed,40,INFORMATIONAL,32,MONITORING,2025-03-31T23:27:29+00:00,2025-04-09T23:27:29+00:00,Middle East & Africa,Synthetic credential-harvesting page observed in demo telemetry; the page mimics a password store sign-in form. ,Credential Access,T1555 (Credentials from Password Stores),,SYN-CAMP-8186-073,1
THR-2025-0135,2025-04-01T23:27:29+00:00,Synthetic Credential Harvester Sighting,Credential Theft,DOMAIN,signin.demo.invalid,Community Submission,40,MEDIUM,46,NEW,2025-04-01T23:27:29+00:00,2025-04-01T23:27:29+00:00,Latin America,Synthetic credential stuffing activity observed in demo telemetry; high volume of brute force attempts against login endpoints from shared infrastructure. ,Credential Access,T1110 (Brute Force),,SYN-CAMP-8186-073,2
THR-2025-0136,2025-03-26T23:27:29+00:00,Demo Brute Force Activity,Credential Theft,DOMAIN,support.portal.invalid,Internal SOC,75,LOW,59,UNDER_REVIEW,2025-03-26T23:27:29+00:00,2025-03-26T23:27:29+00:00,Middle East & Africa,Synthetic credential stuffing activity observed in demo telemetry; high volume of brute force attempts against login endpoints from shared infrastructure. ,Credential Access,T1110 (Brute Force),,SYN-CAMP-8186-073,10
THR-2025-0137,2025-02-21T23:27:29+00:00,Demo Unpatched Service Indicator,Vulnerability Exposure,CVE ID,CVE-2026-900018,Public Threat Feed,45,LOW,40,UNDER_REVIEW,2025-02-19T23:27:29+00:00,2025-02-21T23:27:29+00:00,Asia-Pacific,Synthetic exploitable service observation; demo scanning metadata indicates exposure requiring patch review. ,Initial Access,T1190 (Exploit Public-Facing Application),CVE-2026-900018,SYN-CAMP-4117-074,1
THR-2025-0138,2025-02-25T23:27:29+00:00,Synthetic Exploitable Service Observation,Vulnerability Exposure,CVE ID,CVE-2024-900019,Internal SOC,80,LOW,60,CLOSED,2025-02-23T23:27:29+00:00,2025-02-25T23:27:29+00:00,Unknown,Synthetic vulnerability-related indicator from demo asset review. Detailed context pending. ,,,CVE-2024-900019,SYN-CAMP-4117-074,8
THR-2025-0139,2025-03-08T23:27:29+00:00,Demo Unpatched Service Indicator,Vulnerability Exposure,URL,https://team-share.mail.invalid/secure-update/payment,Public Threat Feed,45,HIGH,60,MONITORING,2025-02-25T23:27:29+00:00,2025-03-08T23:27:29+00:00,North America,Synthetic vulnerability exposure record; demo asset inventory shows an unpatched public-facing service with a known exploit path. Defensive awareness only. ,Initial Access,T1190 (Exploit Public-Facing Application),CVE-2026-900009,SYN-CAMP-4117-074,7
THR-2025-0140,2025-02-26T23:27:29+00:00,Synthetic Vulnerability Exposure Record,Vulnerability Exposure,URL,https://team-share.mail.invalid/secure-update/payment,Security Vendor,60,MEDIUM,54,MONITORING,2025-02-19T23:27:29+00:00,2025-02-26T23:27:29+00:00,Latin America,Synthetic vulnerability-related indicator from demo asset review. Detailed context pending. ,,,CVE-2026-900022,SYN-CAMP-4117-074,3
THR-2026-0144,2026-10-04T23:27:29+00:00,Demo SMiShing Sender Observation,Social Engineering,EMAIL DOMAIN,portal-verify.mail.invalid,Security Vendor,80,MEDIUM,74,NEW,2026-09-26T23:27:29+00:00,2026-10-04T23:27:29+00:00,,Synthetic indicator reported through the demo social-engineering reporting channel. Context is limited. ,,,,SYN-CAMP-9898-075,12
THR-2026-0145,2026-09-22T23:27:29+00:00,Demo SMiShing Sender Observation,Social Engineering,EMAIL DOMAIN,portal-verify.mail.invalid,Internal SOC,95,INFORMATIONAL,66,CLOSED,2026-09-21T23:27:29+00:00,2026-09-22T23:27:29+00:00,North America,Synthetic indicator reported through the demo social-engineering reporting channel. Context is limited. ,,,,SYN-CAMP-9898-075,9
THR-2026-0146,2026-09-30T23:27:29+00:00,Demo SMiShing Sender Observation,Social Engineering,EMAIL DOMAIN,portal-verify.mail.invalid,Internal SOC,95,HIGH,86,MONITORING,2026-09-22T23:27:29+00:00,2026-09-30T23:27:29+00:00,North America,Synthetic SMiShing campaign indicator observed in demo data; messages impersonate a delivery service with a QR code lure. ,Initial Access,T1566.003 (Phishing: Spearphishing Voice),,SYN-CAMP-9898-075,11
THR-2026-0147,2026-09-24T23:27:29+00:00,Demo Vishing Campaign Indicator,Social Engineering,EMAIL DOMAIN,portal-verify.mail.invalid,Security Vendor,75,LOW,58,UNDER_REVIEW,2026-09-19T23:27:29+00:00,2026-09-24T23:27:29+00:00,Middle East & Africa,Synthetic SMiShing campaign indicator observed in demo data; messages impersonate a delivery service with a QR code lure. ,Initial Access,T1566.003 (Phishing: Spearphishing Voice),,SYN-CAMP-9898-075,2
THR-2025-0141,2025-02-20T23:27:29+00:00,Synthetic Fake Portal Domain,Phishing,URL,https://helpdesk.secure.invalid/update-password,Public Threat Feed,45,HIGH,51,MONITORING,2025-02-18T23:27:29+00:00,2025-02-20T23:27:29+00:00,Middle East & Africa,Synthetic phishing lure domain observed in demo telemetry; the domain mimics a login verification portal. Indicator is analysed as data only - never visited. ,Initial Access,T1566.002 (Phishing: Spearphishing Link),,SYN-CAMP-1491-076,3
THR-2025-0142,2025-02-24T23:27:29+00:00,Synthetic Phishing Lure Domain,Phishing,URL,https://helpdesk.secure.invalid/update-password,Internal SOC,75,LOW,55,NEW,2025-02-18T23:27:29+00:00,2025-02-24T23:27:29+00:00,Unknown,Synthetic phishing lure domain observed in demo telemetry; the domain mimics a login verification portal. Indicator is analysed as data only - never visited. ,Initial Access,T1566.002 (Phishing: Spearphishing Link),,SYN-CAMP-1491-076,7
THR-2026-0148,2026-06-14T23:27:29+00:00,Demo Phishing Campaign Indicator,Phishing,DOMAIN,support.mail.invalid,Research Report,80,MEDIUM,66,CLOSED,2026-06-05T23:27:29+00:00,2026-06-14T23:27:29+00:00,Middle East & Africa,Synthetic phishing lure domain observed in demo telemetry; the domain mimics a login verification portal. Indicator is analysed as data only - never visited. ,Initial Access,T1566.002 (Phishing: Spearphishing Link),,SYN-CAMP-1249-077,11
THR-2026-0149,2026-06-15T23:27:29+00:00,Synthetic Fake Portal Domain,Phishing,DOMAIN,support.mail.invalid,Internal SOC,90,LOW,57,CLOSED,2026-06-09T23:27:29+00:00,2026-06-15T23:27:29+00:00,Unknown,Synthetic e-mail attachment campaign observed in demo telemetry distributing phishing documents with credential harvest links. ,Initial Access,T1566.002 (Phishing: Spearphishing Link),,SYN-CAMP-1249-077,1
THR-2026-0150,2026-06-07T23:27:29+00:00,Synthetic Phishing Infrastructure Sighting,Phishing,DOMAIN,support.mail.invalid,Internal SOC,90,LOW,58,NEW,2026-06-05T23:27:29+00:00,2026-06-07T23:27:29+00:00,Asia-Pacific,Synthetic credential-phishing URL observed sending users to a fake account verification page in demo logs. ,Initial Access,T1566.002 (Phishing: Spearphishing Link),,SYN-CAMP-1249-077,2
THR-2025-0143,2025-06-13T23:27:29+00:00,Synthetic Web Injection Observation,Web Threats,IP ADDRESS,192.0.2.13,Research Report,60,HIGH,66,MONITORING,2025-06-03T23:27:29+00:00,2025-06-13T23:27:29+00:00,Latin America,Synthetic indicator observed in web-monitoring demo data. No specific technique context available. ,,,,SYN-CAMP-2336-078,12
THR-2025-0144,2025-06-22T23:27:29+00:00,Synthetic Exploit Kit Domain,Web Threats,IP ADDRESS,192.0.2.13,Internal SOC,75,HIGH,71,MONITORING,2025-06-10T23:27:29+00:00,2025-06-22T23:27:29+00:00,North America,Synthetic web attack indicator observed in demo telemetry; exploitation attempts against a public-facing application were recorded in demo logs. ,Initial Access,T1190 (Exploit Public-Facing Application),,SYN-CAMP-2336-078,9
THR-2025-0145,2025-06-16T23:27:29+00:00,Demo Drive-by Download Serving Domain,Web Threats,IP ADDRESS,192.0.2.13,Internal SOC,70,MEDIUM,56,MONITORING,2025-06-08T23:27:29+00:00,2025-06-16T23:27:29+00:00,Unknown,Synthetic web attack indicator observed in demo telemetry; exploitation attempts against a public-facing application were recorded in demo logs. ,Initial Access,T1190 (Exploit Public-Facing Application),,SYN-CAMP-2336-078,1
THR-2025-0146,2025-06-16T23:27:29+00:00,Demo SQL Injection Attempt Indicator,Web Threats,DOMAIN,account.secure.invalid,Security Vendor,55,MEDIUM,55,CLOSED,2025-06-07T23:27:29+00:00,2025-06-16T23:27:29+00:00,Unknown,Synthetic drive-by domain observed in demo data; client browser exploitation behaviour was simulated. ,Initial Access,T1190 (Exploit Public-Facing Application),,SYN-CAMP-2336-078,4
THR-2025-0147,2025-08-13T23:27:29+00:00,Synthetic Impersonation Attempt,Social Engineering,EMAIL DOMAIN,docusign-view.example.org,Public Threat Feed,45,HIGH,56,MONITORING,2025-08-01T23:27:29+00:00,2025-08-13T23:27:29+00:00,North America,Synthetic voice-phishing (vishing) attempt observed in demo telemetry; impersonation of the IT helpdesk was reported. ,Initial Access,T1566.003 (Phishing: Spearphishing Voice),,SYN-CAMP-9372-079,4
THR-2025-0148,2025-08-13T23:27:29+00:00,Demo Vishing Campaign Indicator,Social Engineering,EMAIL DOMAIN,docusign-view.example.org,Community Submission,45,LOW,43,MONITORING,2025-08-04T23:27:29+00:00,2025-08-13T23:27:29+00:00,,Synthetic indicator reported through the demo social-engineering reporting channel. Context is limited. ,,,,SYN-CAMP-9372-079,3
THR-2025-0149,2025-08-21T23:27:29+00:00,Synthetic CEO Fraud Domain,Social Engineering,FILE HASH,f3b94505e34387227eb292aa8101fc88764121e7,Security Vendor,55,MEDIUM,58,MONITORING,2025-08-09T23:27:29+00:00,2025-08-21T23:27:29+00:00,Unknown,Synthetic SMiShing campaign indicator observed in demo data; messages impersonate a delivery service with a QR code lure. ,Initial Access,T1566.003 (Phishing: Spearphishing Voice),,SYN-CAMP-9372-079,12
THR-2025-0150,2025-08-08T23:27:29+00:00,Synthetic CEO Fraud Domain,Social Engineering,EMAIL DOMAIN,docusign-view.example.org,Public Threat Feed,45,MEDIUM,52,FALSE_POSITIVE,2025-08-01T23:27:29+00:00,2025-08-08T23:27:29+00:00,Asia-Pacific,Synthetic SMiShing campaign indicator observed in demo data; messages impersonate a delivery service with a QR code lure. ,Initial Access,T1566.003 (Phishing: Spearphishing Voice),,SYN-CAMP-9372-079,5
THR-2026-0151,2026-01-02T23:27:29+00:00,Demo SQL Injection Attempt Indicator,Web Threats,IP ADDRESS,192.0.2.240,Internal SOC,90,HIGH,68,NEW,2026-01-02T23:27:29+00:00,2026-01-02T23:27:29+00:00,Europe,Synthetic drive-by domain observed in demo data; client browser exploitation behaviour was simulated. ,Initial Access,T1190 (Exploit Public-Facing Application),,SYN-CAMP-5773-080,2
THR-2025-0151,2025-12-28T23:27:29+00:00,Demo Drive-by Download Serving Domain,Web Threats,IP ADDRESS,192.0.2.240,Unknown Source,40,HIGH,56,CLOSED,2025-12-26T23:27:29+00:00,2025-12-28T23:27:29+00:00,,Synthetic drive-by domain observed in demo data; client browser exploitation behaviour was simulated. ,Initial Access,T1190 (Exploit Public-Facing Application),CVE-2026-900001,SYN-CAMP-5773-080,9
THR-2025-0152,2026-01-02T23:27:29+00:00,Synthetic Credential Stuffing Observation,Credential Theft,IP ADDRESS,203.0.113.1,Internal SOC,80,MEDIUM,70,CLOSED,2025-12-31T23:27:29+00:00,2026-01-02T23:27:29+00:00,Unknown,Synthetic credential-harvesting page observed in demo telemetry; the page mimics a password store sign-in form. ,Credential Access,T1555 (Credentials from Password Stores),,SYN-CAMP-8951-081,7
THR-2025-0153,2026-01-06T23:27:29+00:00,Demo Brute Force Activity,Credential Theft,URL,https://example.com/attachment/invoice-2026.zip.html,Research Report,70,HIGH,71,UNDER_REVIEW,2025-12-26T23:27:29+00:00,2026-01-06T23:27:29+00:00,Latin America,Synthetic credential stuffing activity observed in demo telemetry; high volume of brute force attempts against login endpoints from shared infrastructure. ,Credential Access,T1110 (Brute Force),,SYN-CAMP-8951-081,10
THR-2025-0154,2025-12-31T23:27:29+00:00,Synthetic Credential Harvester Sighting,Credential Theft,URL,https://example.com/attachment/invoice-2026.zip.html,Community Submission,55,LOW,48,MONITORING,2025-12-23T23:27:29+00:00,2025-12-31T23:27:29+00:00,Asia-Pacific,Synthetic credential stuffing activity observed in demo telemetry; high volume of brute force attempts against login endpoints from shared infrastructure. ,Credential Access,T1110 (Brute Force),,SYN-CAMP-8951-081,3
THR-2025-0155,2025-08-11T23:27:29+00:00,Demo Vishing Campaign Indicator,Social Engineering,URL,https://password.example.net/verify-account.html,Security Vendor,55,HIGH,60,NEW,2025-08-06T23:27:29+00:00,2025-08-11T23:27:29+00:00,Global,Synthetic indicator reported through the demo social-engineering reporting channel. Context is limited. ,,,,SYN-CAMP-3752-082,11
THR-2025-0156,2025-08-06T23:27:29+00:00,Synthetic CEO Fraud Domain,Social Engineering,URL,https://password.example.net/verify-account.html,Security Vendor,55,LOW,46,CLOSED,2025-07-27T23:27:29+00:00,2025-08-06T23:27:29+00:00,Europe,Synthetic voice-phishing (vishing) attempt observed in demo telemetry; impersonation of the IT helpdesk was reported. ,Initial Access,T1566.003 (Phishing: Spearphishing Voice),,SYN-CAMP-3752-082,5
THR-2026-0152,2026-09-17T23:27:29+00:00,Synthetic Exploitable Service Observation,Vulnerability Exposure,CVE ID,CVE-2026-900012,Public Threat Feed,60,HIGH,75,CLOSED,2026-09-06T23:27:29+00:00,2026-09-17T23:27:29+00:00,Europe,Synthetic exploitable service observation; demo scanning metadata indicates exposure requiring patch review. ,Initial Access,T1190 (Exploit Public-Facing Application),CVE-2026-900012,SYN-CAMP-2115-083,8
THR-2026-0153,2026-09-04T23:27:29+00:00,Synthetic Exploitable Service Observation,Vulnerability Exposure,CVE ID,CVE-2025-900017,Security Vendor,70,HIGH,73,MONITORING,2026-09-02T23:27:29+00:00,2026-09-04T23:27:29+00:00,North America,Synthetic vulnerability-related indicator from demo asset review. Detailed context pending. ,,,CVE-2025-900017,SYN-CAMP-2115-083,2
THR-2024-0025,2024-11-19T23:27:29+00:00,Synthetic Credential Harvester Sighting,Credential Theft,IP ADDRESS,198.51.100.163,Research Report,65,HIGH,67,CLOSED,2024-11-13T23:27:29+00:00,2024-11-19T23:27:29+00:00,Unknown,Synthetic credential-harvesting page observed in demo telemetry; the page mimics a password store sign-in form. ,Credential Access,T1555 (Credentials from Password Stores),,SYN-CAMP-7668-084,8
THR-2024-0026,2024-11-10T23:27:29+00:00,Demo Password Spray Observation,Credential Theft,IP ADDRESS,198.51.100.163,Unknown Source,25,INFORMATIONAL,33,MONITORING,2024-11-07T23:27:29+00:00,2024-11-10T23:27:29+00:00,Latin America,Synthetic credential stuffing activity observed in demo telemetry; high volume of brute force attempts against login endpoints from shared infrastructure. ,Credential Access,T1110 (Brute Force),,SYN-CAMP-7668-084,5
THR-2024-0027,2024-11-11T23:27:29+00:00,Demo Brute Force Activity,Credential Theft,IP ADDRESS,198.51.100.163,Community Submission,50,LOW,48,FALSE_POSITIVE,2024-11-10T23:27:29+00:00,2024-11-11T23:27:29+00:00,,Synthetic indicator observed during credential-abuse monitoring in demo telemetry. Context is limited. ,,,,SYN-CAMP-7668-084,6
THR-2024-0028,2024-11-07T23:27:29+00:00,Synthetic Credential Stuffing Observation,Credential Theft,URL,http://support.login.invalid/secure/login,Community Submission,45,HIGH,60,CLOSED,2024-11-05T23:27:29+00:00,2024-11-07T23:27:29+00:00,Unknown,Synthetic credential stuffing activity observed in demo telemetry; high volume of brute force attempts against login endpoints from shared infrastructure. ,Credential Access,T1110 (Brute Force),,SYN-CAMP-7668-084,11
THR-2024-0029,2024-11-09T23:27:29+00:00,Synthetic Credential Stuffing Observation,Credential Theft,URL,http://support.login.invalid/secure/login,Research Report,60,MEDIUM,60,NEW,2024-11-09T23:27:29+00:00,2024-11-09T23:27:29+00:00,Latin America,Synthetic indicator observed during credential-abuse monitoring in demo telemetry. Context is limited. ,,,,SYN-CAMP-7668-084,12
THR-2026-0154,2026-05-19T23:27:29+00:00,Synthetic C2 Callback Observation,Network Threats,URL,http://login.mail.invalid/verify-account.html,Public Threat Feed,70,MEDIUM,60,CLOSED,2026-05-10T23:27:29+00:00,2026-05-19T23:27:29+00:00,Asia-Pacific,Synthetic network indicator recorded in demo telemetry. Limited contextual evidence. ,,,,SYN-CAMP-2827-085,2
THR-2026-0155,2026-05-15T23:27:29+00:00,Demo Tor Proxy Exit Observation,Network Threats,URL,http://login.mail.invalid/verify-account.html,Internal SOC,100,MEDIUM,72,MONITORING,2026-05-09T23:27:29+00:00,2026-05-15T23:27:29+00:00,Europe,Synthetic command-and-control channel observed in demo telemetry; host beacon traffic to a C2 endpoint was recorded. ,Command and Control,T1071 (Application Layer Protocol),,SYN-CAMP-2827-085,3
THR-2026-0156,2026-05-10T23:27:29+00:00,Synthetic C2 Callback Observation,Network Threats,URL,http://login.mail.invalid/verify-account.html,Security Vendor,90,CRITICAL,85,UNDER_REVIEW,2026-05-08T23:27:29+00:00,2026-05-10T23:27:29+00:00,Unknown,Synthetic scanning behaviour observed in demo data; network service scan attempts were logged from this address. ,Discovery,T1046 (Network Service Discovery),,SYN-CAMP-2827-085,6
THR-2026-0157,2026-05-14T23:27:29+00:00,Synthetic Beaconing Host Indicator,Network Threats,DOMAIN,support.updates.invalid,Community Submission,60,LOW,58,NEW,2026-05-03T23:27:29+00:00,2026-05-14T23:27:29+00:00,Asia-Pacific,Synthetic command-and-control channel observed in demo telemetry; host beacon traffic to a C2 endpoint was recorded. ,Command and Control,T1071 (Application Layer Protocol),,SYN-CAMP-2827-085,9
THR-2026-0158,2026-05-05T23:27:29+00:00,Demo Tor Proxy Exit Observation,Network Threats,URL,http://login.mail.invalid/verify-account.html,Community Submission,75,LOW,58,MONITORING,2026-05-04T23:27:29+00:00,2026-05-05T23:27:29+00:00,Europe,Synthetic command-and-control channel observed in demo telemetry; host beacon traffic to a C2 endpoint was recorded. ,Command and Control,T1071 (Application Layer Protocol),,SYN-CAMP-2827-085,4
THR-2025-0157,2025-05-07T23:27:29+00:00,Synthetic Exploitable Service Observation,Vulnerability Exposure,URL,https://example.net/portal/verify,Internal SOC,80,INFORMATIONAL,52,FALSE_POSITIVE,2025-05-06T23:27:29+00:00,2025-05-07T23:27:29+00:00,North America,Synthetic exploitable service observation; demo scanning metadata indicates exposure requiring patch review. ,Initial Access,T1190 (Exploit Public-Facing Application),CVE-2026-900003,SYN-CAMP-4754-086,5
THR-2025-0158,2025-05-17T23:27:29+00:00,Demo Unpatched Service Indicator,Vulnerability Exposure,URL,https://signin.example.org/portal/verify,Security Vendor,60,MEDIUM,60,MONITORING,2025-05-13T23:27:29+00:00,2025-05-17T23:27:29+00:00,Latin America,Synthetic vulnerability-related indicator from demo asset review. Detailed context pending. ,,,CVE-2025-900022,SYN-CAMP-4754-086,12
THR-2025-0159,2025-05-03T23:27:29+00:00,Synthetic Vulnerability Exposure Record,Vulnerability Exposure,URL,https://signin.example.org/portal/verify,Research Report,60,HIGH,66,MONITORING,2025-05-03T23:27:29+00:00,2025-05-03T23:27:29+00:00,Asia-Pacific,Synthetic vulnerability-related indicator from demo asset review. Detailed context pending. ,,,CVE-2026-900029,SYN-CAMP-4754-086,12
THR-2025-0160,2025-05-06T23:27:29+00:00,Demo Unpatched Service Indicator,Vulnerability Exposure,URL,https://example.net/portal/verify,Community Submission,50,INFORMATIONAL,42,FALSE_POSITIVE,2025-05-04T23:27:29+00:00,2025-05-06T23:27:29+00:00,North America,Synthetic exploitable service observation; demo scanning metadata indicates exposure requiring patch review. ,Initial Access,T1190 (Exploit Public-Facing Application),CVE-2024-900012,SYN-CAMP-4754-086,6
THR-2025-0161,2025-05-18T23:27:29+00:00,Synthetic Exploitable Service Observation,Vulnerability Exposure,URL,https://example.net/portal/verify,Security Vendor,65,MEDIUM,61,FALSE_POSITIVE,2025-05-08T23:27:29+00:00,2025-05-18T23:27:29+00:00,Europe,Synthetic vulnerability-related indicator from demo asset review. Detailed context pending. ,,,CVE-2024-900025,SYN-CAMP-4754-086,7
THR-2026-0159,2026-09-03T23:27:29+00:00,Demo Unpatched Service Indicator,Vulnerability Exposure,CVE ID,CVE-2026-900006,Public Threat Feed,75,MEDIUM,66,NEW,2026-08-31T23:27:29+00:00,2026-09-03T23:27:29+00:00,North America,Synthetic vulnerability-related indicator from demo asset review. Detailed context pending. ,,,CVE-2026-900006,SYN-CAMP-2628-087,10
THR-2026-0160,2026-08-29T23:27:29+00:00,Synthetic Exploitable Service Observation,Vulnerability Exposure,CVE ID,CVE-2026-900006,Unknown Source,50,INFORMATIONAL,46,NEW,2026-08-29T23:27:29+00:00,2026-08-29T23:27:29+00:00,North America,Synthetic vulnerability exposure record; demo asset inventory shows an unpatched public-facing service with a known exploit path. Defensive awareness only. ,Initial Access,T1190 (Exploit Public-Facing Application),CVE-2026-900006,SYN-CAMP-2628-087,12
THR-2026-0161,2026-09-02T23:27:29+00:00,Synthetic Vulnerability Exposure Record,Vulnerability Exposure,CVE ID,CVE-2026-900006,Unknown Source,50,LOW,52,NEW,2026-08-27T23:27:29+00:00,2026-09-02T23:27:29+00:00,,Synthetic vulnerability exposure record; demo asset inventory shows an unpatched public-facing service with a known exploit path. Defensive awareness only. ,Initial Access,T1190 (Exploit Public-Facing Application),CVE-2026-900006,SYN-CAMP-2628-087,9
THR-2026-0162,2026-09-15T23:27:29+00:00,Synthetic C2 Callback Observation,Network Threats,IP ADDRESS,2001:db8:796:::5413,Unknown Source,35,MEDIUM,54,CLOSED,2026-09-12T23:27:29+00:00,2026-09-15T23:27:29+00:00,Unknown,Synthetic scanning behaviour observed in demo data; network service scan attempts were logged from this address. ,Discovery,T1046 (Network Service Discovery),,SYN-CAMP-5136-088,2
THR-2026-0163,2026-09-09T23:27:29+00:00,Synthetic Beaconing Host Indicator,Network Threats,IP ADDRESS,2001:db8:796:::5413,Internal SOC,95,MEDIUM,82,CLOSED,2026-09-07T23:27:29+00:00,2026-09-09T23:27:29+00:00,North America,Synthetic scanning behaviour observed in demo data; network service scan attempts were logged from this address. ,Discovery,T1046 (Network Service Discovery),,SYN-CAMP-5136-088,10
THR-2026-0164,2026-09-20T23:27:29+00:00,Demo Tor Proxy Exit Observation,Network Threats,IP ADDRESS,198.51.100.171,Security Vendor,80,MEDIUM,76,CLOSED,2026-09-16T23:27:29+00:00,2026-09-20T23:27:29+00:00,Global,Synthetic network indicator recorded in demo telemetry. Limited contextual evidence. ,,,,SYN-CAMP-5136-088,8
THR-2025-0162,2025-12-09T23:27:29+00:00,Synthetic Ransomware Sample,Ransomware,IP ADDRESS,203.0.113.5,Public Threat Feed,50,HIGH,54,FALSE_POSITIVE,2025-11-30T23:27:29+00:00,2025-12-09T23:27:29+00:00,North America,Synthetic ransomware indicator observed in demo data; associated with service stop behaviour prior to encryption and data extortion staging. ,Impact,T1486 (Data Encrypted for Impact),,SYN-CAMP-7224-089,2
THR-2025-0163,2025-12-17T23:27:29+00:00,Synthetic Ransomware Sample,Ransomware,IP ADDRESS,203.0.113.5,Public Threat Feed,55,MEDIUM,55,MONITORING,2025-12-06T23:27:29+00:00,2025-12-17T23:27:29+00:00,North America,Synthetic indicator tentatively associated with ransomware activity in demo data. Behavioural context is not yet available. ,,,,SYN-CAMP-7224-089,6
THR-2025-0164,2025-12-11T23:27:29+00:00,Demo Ransomware C2 Observation,Ransomware,IP ADDRESS,203.0.113.5,Security Vendor,70,CRITICAL,74,CLOSED,2025-12-07T23:27:29+00:00,2025-12-11T23:27:29+00:00,Middle East & Africa,Synthetic ransomware sample observed in demo telemetry; the sample attempts file encryption of user documents and inhibits system recovery options. ,Impact,T1486 (Data Encrypted for Impact),,SYN-CAMP-7224-089,8
THR-2025-0165,2025-12-11T23:27:29+00:00,Demo Ransomware Payload Hash,Ransomware,IP ADDRESS,203.0.113.5,Public Threat Feed,55,LOW,49,NEW,2025-12-08T23:27:29+00:00,2025-12-11T23:27:29+00:00,Asia-Pacific,Synthetic ransomware sample observed in demo telemetry; the sample attempts file encryption of user documents and inhibits system recovery options. ,Impact,T1486 (Data Encrypted for Impact),,SYN-CAMP-7224-089,8
THR-2025-0166,2025-05-08T23:27:29+00:00,Demo Brute Force Activity,Credential Theft,IP ADDRESS,192.0.2.46,Internal SOC,70,MEDIUM,52,UNDER_REVIEW,2025-04-27T23:27:29+00:00,2025-05-08T23:27:29+00:00,,Synthetic credential-harvesting page observed in demo telemetry; the page mimics a password store sign-in form. ,Credential Access,T1555 (Credentials from Password Stores),,SYN-CAMP-3376-090,1
THR-2025-0167,2025-05-05T23:27:29+00:00,Demo Password Spray Observation,Credential Theft,IP ADDRESS,192.0.2.46,Internal SOC,70,MEDIUM,54,MONITORING,2025-04-25T23:27:29+00:00,2025-05-05T23:27:29+00:00,Asia-Pacific,Synthetic indicator observed during credential-abuse monitoring in demo telemetry. Context is limited. ,,,,SYN-CAMP-3376-090,2
THR-2025-0168,2025-05-02T23:27:29+00:00,Demo Password Spray Observation,Credential Theft,IP ADDRESS,192.0.2.46,Security Vendor,60,HIGH,62,UNDER_REVIEW,2025-04-30T23:27:29+00:00,2025-05-02T23:27:29+00:00,Latin America,Synthetic credential-harvesting page observed in demo telemetry; the page mimics a password store sign-in form. ,Credential Access,T1555 (Credentials from Password Stores),,SYN-CAMP-3376-090,7
THR-2025-0169,2025-05-03T23:27:29+00:00,Demo Brute Force Activity,Credential Theft,IP ADDRESS,192.0.2.46,Internal SOC,75,LOW,55,FALSE_POSITIVE,2025-04-28T23:27:29+00:00,2025-05-03T23:27:29+00:00,Global,Synthetic credential-harvesting page observed in demo telemetry; the page mimics a password store sign-in form. ,Credential Access,T1555 (Credentials from Password Stores),,SYN-CAMP-3376-090,6
THR-2025-0170,2025-04-26T23:27:29+00:00,Synthetic Credential Harvester Sighting,Credential Theft,IP ADDRESS,192.0.2.46,Security Vendor,60,MEDIUM,50,CLOSED,2025-04-25T23:27:29+00:00,2025-04-26T23:27:29+00:00,Middle East & Africa,Synthetic credential-harvesting page observed in demo telemetry; the page mimics a password store sign-in form. ,Credential Access,T1555 (Credentials from Password Stores),,SYN-CAMP-3376-090,3
THR-2026-0165,2026-05-30T23:27:29+00:00,Synthetic Trojan Hash Indicator,Malware,FILE HASH,e8d9b77407338a824f83ca1e9d1c63dbb853382abcc4c243ac7efa5af52a5eb3,Internal SOC,100,HIGH,80,CLOSED,2026-05-23T23:27:29+00:00,2026-05-30T23:27:29+00:00,Europe,Synthetic malware hash observed in demo telemetry; sample behaves as a downloader that executes an obfuscated payload and establishes C2 callback traffic. ,Execution,T1204.002 (User Execution: Malicious File),,SYN-CAMP-9490-091,9
THR-2026-0166,2026-06-04T23:27:29+00:00,Synthetic Backdoor Beacon Observation,Malware,FILE HASH,e8d9b77407338a824f83ca1e9d1c63dbb853382abcc4c243ac7efa5af52a5eb3,Research Report,85,MEDIUM,68,MONITORING,2026-05-29T23:27:29+00:00,2026-06-04T23:27:29+00:00,Europe,Synthetic malware hash observed in demo telemetry; sample behaves as a downloader that executes an obfuscated payload and establishes C2 callback traffic. ,Execution,T1204.002 (User Execution: Malicious File),,SYN-CAMP-9490-091,10
THR-2026-0167,2026-06-02T23:27:29+00:00,Synthetic Loader Hash Sighting,Malware,FILE HASH,e8d9b77407338a824f83ca1e9d1c63dbb853382abcc4c243ac7efa5af52a5eb3,Security Vendor,85,MEDIUM,66,UNDER_REVIEW,2026-05-27T23:27:29+00:00,2026-06-02T23:27:29+00:00,Latin America,Synthetic malware hash observed in demo telemetry; sample behaves as a downloader that executes an obfuscated payload and establishes C2 callback traffic. ,Execution,T1204.002 (User Execution: Malicious File),,SYN-CAMP-9490-091,5
THR-2025-0171,2025-11-15T23:27:29+00:00,Synthetic Fraudulent Account Creation Indicator,Account Security,IP ADDRESS,203.0.113.43,Research Report,75,HIGH,68,MONITORING,2025-11-11T23:27:29+00:00,2025-11-15T23:27:29+00:00,Europe,Synthetic fraudulent account creation observed in demo telemetry; a new account was created outside standard process. ,Persistence,T1136 (Create Account),,SYN-CAMP-5929-092,6
THR-2025-0172,2025-11-12T23:27:29+00:00,Synthetic Account Takeover Risk Indicator,Account Security,IP ADDRESS,203.0.113.43,Security Vendor,75,HIGH,68,CLOSED,2025-11-06T23:27:29+00:00,2025-11-12T23:27:29+00:00,Middle East & Africa,Synthetic account takeover risk indicator; demo telemetry shows compromised valid accounts used from unusual locations. ,Persistence,T1136 (Create Account),,SYN-CAMP-5929-092,11
THR-2025-0173,2025-11-09T23:27:29+00:00,Synthetic Fraudulent Account Creation Indicator,Account Security,IP ADDRESS,203.0.113.43,Security Vendor,75,LOW,54,FALSE_POSITIVE,2025-11-08T23:27:29+00:00,2025-11-09T23:27:29+00:00,Europe,Synthetic account takeover risk indicator; demo telemetry shows compromised valid accounts used from unusual locations. ,Persistence,T1136 (Create Account),,SYN-CAMP-5929-092,5
THR-2025-0174,2025-10-11T23:27:29+00:00,Demo SMiShing Sender Observation,Social Engineering,EMAIL DOMAIN,mail.invalid,Security Vendor,65,MEDIUM,57,MONITORING,2025-09-30T23:27:29+00:00,2025-10-11T23:27:29+00:00,,Synthetic indicator reported through the demo social-engineering reporting channel. Context is limited. ,,,,SYN-CAMP-5817-093,2
THR-2025-0175,2025-09-29T23:27:29+00:00,Demo SMiShing Sender Observation,Social Engineering,EMAIL DOMAIN,mail.invalid,Community Submission,45,LOW,48,MONITORING,2025-09-27T23:27:29+00:00,2025-09-29T23:27:29+00:00,Europe,Synthetic voice-phishing (vishing) attempt observed in demo telemetry; impersonation of the IT helpdesk was reported. ,Initial Access,T1566.003 (Phishing: Spearphishing Voice),,SYN-CAMP-5817-093,7
THR-2025-0176,2025-10-03T23:27:29+00:00,Demo SMiShing Sender Observation,Social Engineering,URL,https://example.com/login,Research Report,50,HIGH,56,CLOSED,2025-09-28T23:27:29+00:00,2025-10-03T23:27:29+00:00,North America,Synthetic voice-phishing (vishing) attempt observed in demo telemetry; impersonation of the IT helpdesk was reported. ,Initial Access,T1566.003 (Phishing: Spearphishing Voice),,SYN-CAMP-5817-093,2
THR-2024-0030,2025-01-01T23:27:29+00:00,Demo Unpatched Service Indicator,Vulnerability Exposure,DOMAIN,account.mail.invalid,Research Report,55,CRITICAL,71,UNDER_REVIEW,2024-12-31T23:27:29+00:00,2025-01-01T23:27:29+00:00,Europe,Synthetic exploitable service observation; demo scanning metadata indicates exposure requiring patch review. ,Initial Access,T1190 (Exploit Public-Facing Application),CVE-2025-900030,SYN-CAMP-8886-094,9
THR-2024-0031,2025-01-10T23:27:29+00:00,Demo Unpatched Service Indicator,Vulnerability Exposure,DOMAIN,verify.example.org,Community Submission,40,MEDIUM,48,MONITORING,2024-12-31T23:27:29+00:00,2025-01-10T23:27:29+00:00,Europe,Synthetic exploitable service observation; demo scanning metadata indicates exposure requiring patch review. ,Initial Access,T1190 (Exploit Public-Facing Application),CVE-2024-900017,SYN-CAMP-8886-094,3
THR-2024-0032,2024-12-29T23:27:29+00:00,Synthetic Exploitable Service Observation,Vulnerability Exposure,CVE ID,CVE-2026-900003,Community Submission,45,LOW,46,CLOSED,2024-12-26T23:27:29+00:00,2024-12-29T23:27:29+00:00,Asia-Pacific,Synthetic vulnerability exposure record; demo asset inventory shows an unpatched public-facing service with a known exploit path. Defensive awareness only. ,Initial Access,T1190 (Exploit Public-Facing Application),CVE-2026-900003,SYN-CAMP-8886-094,5
THR-2024-0033,2024-12-31T23:27:29+00:00,Synthetic Exploitable Service Observation,Vulnerability Exposure,CVE ID,CVE-2026-900003,Research Report,60,CRITICAL,69,NEW,2024-12-28T23:27:29+00:00,2024-12-31T23:27:29+00:00,North America,Synthetic exploitable service observation; demo scanning metadata indicates exposure requiring patch review. ,Initial Access,T1190 (Exploit Public-Facing Application),CVE-2026-900003,SYN-CAMP-8886-094,4
THR-2025-0177,2025-08-12T23:27:29+00:00,Synthetic Fraudulent Account Creation Indicator,Account Security,IP ADDRESS,192.0.2.231,Security Vendor,70,LOW,52,MONITORING,2025-08-08T23:27:29+00:00,2025-08-12T23:27:29+00:00,Europe,Synthetic fraudulent account creation observed in demo telemetry; a new account was created outside standard process. ,Persistence,T1136 (Create Account),,SYN-CAMP-1432-095,7
THR-2025-0178,2025-08-15T23:27:29+00:00,Demo Abnormal Login Pattern Observation,Account Security,IP ADDRESS,192.0.2.231,Community Submission,55,MEDIUM,52,CLOSED,2025-08-13T23:27:29+00:00,2025-08-15T23:27:29+00:00,Global,Synthetic account takeover risk indicator; demo telemetry shows compromised valid accounts used from unusual locations. ,Persistence,T1136 (Create Account),,SYN-CAMP-1432-095,9
THR-2025-0179,2025-08-18T23:27:29+00:00,Synthetic Account Takeover Risk Indicator,Account Security,IP ADDRESS,192.0.2.231,Public Threat Feed,50,CRITICAL,56,FALSE_POSITIVE,2025-08-13T23:27:29+00:00,2025-08-18T23:27:29+00:00,Unknown,Synthetic indicator from demo account-monitoring telemetry. Context is limited. ,Persistence,T1136 (Create Account),,SYN-CAMP-1432-095,1
THR-2025-0180,2025-08-18T23:27:29+00:00,Demo Abnormal Login Pattern Observation,Account Security,IP ADDRESS,192.0.2.231,Security Vendor,70,MEDIUM,58,CLOSED,2025-08-11T23:27:29+00:00,2025-08-18T23:27:29+00:00,Asia-Pacific,Synthetic account takeover risk indicator; demo telemetry shows compromised valid accounts used from unusual locations. ,Persistence,T1136 (Create Account),,SYN-CAMP-1432-095,9
THR-2025-0181,2025-08-15T23:27:29+00:00,Synthetic Fraudulent Account Creation Indicator,Account Security,IP ADDRESS,192.0.2.231,Internal SOC,85,LOW,58,MONITORING,2025-08-08T23:27:29+00:00,2025-08-15T23:27:29+00:00,Asia-Pacific,Synthetic account takeover risk indicator; demo telemetry shows compromised valid accounts used from unusual locations. ,Persistence,T1136 (Create Account),,SYN-CAMP-1432-095,12
THR-2025-0182,2025-08-12T23:27:29+00:00,Demo Abnormal Login Pattern Observation,Account Security,IP ADDRESS,192.0.2.231,Public Threat Feed,55,HIGH,58,MONITORING,2025-08-06T23:27:29+00:00,2025-08-12T23:27:29+00:00,North America,Synthetic fraudulent account creation observed in demo telemetry; a new account was created outside standard process. ,Persistence,T1136 (Create Account),,SYN-CAMP-1432-095,10
THR-2025-0183,2025-03-29T23:27:29+00:00,Synthetic Account Takeover Risk Indicator,Account Security,DOMAIN,signin.mail.invalid,Community Submission,40,MEDIUM,44,MONITORING,2025-03-29T23:27:29+00:00,2025-03-29T23:27:29+00:00,,Synthetic indicator from demo account-monitoring telemetry. Context is limited. ,Persistence,T1136 (Create Account),,,9
THR-2024-0034,2025-01-05T23:27:29+00:00,Synthetic Fake Portal Domain,Phishing,URL,https://payment.example.com/verify-account.html,Public Threat Feed,35,LOW,29,UNDER_REVIEW,2024-12-31T23:27:29+00:00,2025-01-05T23:27:29+00:00,Latin America,Synthetic indicator of possible phishing relevance observed in demo telemetry. Insufficient behavioural context for further classification. ,,,,,1
THR-2026-0168,2026-10-03T23:27:29+00:00,Demo Phishing Campaign Indicator,Phishing,URL,http://example.com/verify-account.html,Internal SOC,90,MEDIUM,74,MONITORING,2026-09-29T23:27:29+00:00,2026-10-03T23:27:29+00:00,,Synthetic phishing lure domain observed in demo telemetry; the domain mimics a login verification portal. Indicator is analysed as data only - never visited. ,Initial Access,T1566.002 (Phishing: Spearphishing Link),,,8
THR-2026-0169,2026-02-12T23:27:29+00:00,Synthetic Ransomware Sample,Ransomware,FILE HASH,a1c989789b19de9299b8e91ddd5941d1,Research Report,65,HIGH,60,MONITORING,2026-02-01T23:27:29+00:00,2026-02-12T23:27:29+00:00,Asia-Pacific,Synthetic ransomware sample observed in demo telemetry; the sample attempts file encryption of user documents and inhibits system recovery options. ,Impact,T1486 (Data Encrypted for Impact),,,5
THR-2026-0170,2026-03-08T23:27:29+00:00,Demo Brute Force Activity,Credential Theft,IP ADDRESS,198.51.100.133,Research Report,70,LOW,52,MONITORING,2026-03-06T23:27:29+00:00,2026-03-08T23:27:29+00:00,,Synthetic indicator observed during credential-abuse monitoring in demo telemetry. Context is limited. ,,,,,4
THR-2026-0171,2026-09-06T23:27:29+00:00,Synthetic Exploit Kit Domain,Web Threats,IP ADDRESS,198.51.100.200,Security Vendor,75,HIGH,72,CLOSED,2026-08-20T23:27:29+00:00,2026-09-06T23:27:29+00:00,Global,Synthetic indicator observed in web-monitoring demo data. No specific technique context available. ,,,CVE-2024-900013,,8
THR-2026-0172,2026-04-20T23:27:29+00:00,Synthetic Phishing Lure Domain,Phishing,EMAIL DOMAIN,account.example.net,Internal SOC,90,CRITICAL,75,FALSE_POSITIVE,2026-04-03T23:27:29+00:00,2026-04-20T23:27:29+00:00,Latin America,Synthetic e-mail attachment campaign observed in demo telemetry distributing phishing documents with credential harvest links. ,Initial Access,T1566.002 (Phishing: Spearphishing Link),,,3
THR-2025-0184,2025-09-30T23:27:29+00:00,Synthetic Credential Stuffing Observation,Credential Theft,DOMAIN,team-share.auth.invalid,Community Submission,40,CRITICAL,52,CLOSED,2025-09-20T23:27:29+00:00,2025-09-30T23:27:29+00:00,North America,Synthetic indicator observed during credential-abuse monitoring in demo telemetry. Context is limited. ,,,,,3
THR-2025-0185,2025-03-25T23:27:29+00:00,Synthetic Ransomware Sample,Ransomware,IP ADDRESS,198.51.100.149,Internal SOC,70,HIGH,62,MONITORING,2025-03-10T23:27:29+00:00,2025-03-25T23:27:29+00:00,Asia-Pacific,Synthetic ransomware indicator observed in demo data; associated with service stop behaviour prior to encryption and data extortion staging. ,Impact,T1486 (Data Encrypted for Impact),,,9
THR-2025-0186,2025-06-23T23:27:29+00:00,Demo Exfiltration Endpoint Indicator,Data Exposure,DOMAIN,docusign-view.billing.invalid,Security Vendor,50,LOW,36,MONITORING,2025-06-13T23:27:29+00:00,2025-06-23T23:27:29+00:00,North America,Synthetic e-mail collection behaviour observed in demo data; mailbox export activity was simulated. ,Collection,T1114 (Email Collection),,,2
THR-2025-0187,2025-10-21T23:27:29+00:00,Synthetic Public Leak Domain Sighting,Data Exposure,DOMAIN,portal.invalid,Public Threat Feed,50,MEDIUM,50,FALSE_POSITIVE,2025-09-23T23:27:29+00:00,2025-10-21T23:27:29+00:00,Global,Synthetic indicator associated with possible data-exposure monitoring in demo data. Context is limited. ,,,,,8
THR-2026-0173,2026-08-01T23:27:29+00:00,Synthetic Impersonation Attempt,Social Engineering,URL,http://portal-verify.portal.invalid/login,Community Submission,60,MEDIUM,58,CLOSED,2026-07-02T23:27:29+00:00,2026-08-01T23:27:29+00:00,Asia-Pacific,Synthetic SMiShing campaign indicator observed in demo data; messages impersonate a delivery service with a QR code lure. ,Initial Access,T1566.003 (Phishing: Spearphishing Voice),,,7
THR-2026-0174,2026-03-28T23:27:29+00:00,Synthetic Loader Hash Sighting,Malware,FILE HASH,ffe53da1666a755aebcd24ccbe9cc0f011bcbaf138c3a39cb63497f55b61607f,Security Vendor,60,HIGH,52,CLOSED,2026-03-21T23:27:29+00:00,2026-03-28T23:27:29+00:00,,Synthetic malware hash observed in demo telemetry; sample behaves as a downloader that executes an obfuscated payload and establishes C2 callback traffic. ,Execution,T1204.002 (User Execution: Malicious File),,,1
THR-2026-0175,2026-08-18T23:27:29+00:00,Demo Downloader Hash Observation,Malware,FILE HASH,39193c4050dbf7463dcebb9ddfdee181,Security Vendor,75,HIGH,68,MONITORING,2026-08-16T23:27:29+00:00,2026-08-18T23:27:29+00:00,Europe,"Synthetic hash observed in demo telemetry. No behavioural report is available, so classification remains general. ",,,,,5
THR-2025-0188,2025-07-14T23:27:29+00:00,Demo Downloader Hash Observation,Malware,FILE HASH,baf79e50948fb9d0764222b970344ccb5786d966dc64292c088d2ea343025a54,Security Vendor,55,MEDIUM,45,FALSE_POSITIVE,2025-06-30T23:27:29+00:00,2025-07-14T23:27:29+00:00,Latin America,Synthetic malware hash observed in demo telemetry; sample behaves as a downloader that executes an obfuscated payload and establishes C2 callback traffic. ,Execution,T1204.002 (User Execution: Malicious File),,,3
THR-2025-0189,2025-04-07T23:27:29+00:00,Synthetic Exploitable Service Observation,Vulnerability Exposure,CVE ID,CVE-2025-900004,Security Vendor,55,MEDIUM,50,NEW,2025-04-06T23:27:29+00:00,2025-04-07T23:27:29+00:00,North America,Synthetic vulnerability-related indicator from demo asset review. Detailed context pending. ,,,CVE-2025-900004,,6
THR-2024-0035,2024-12-21T23:27:29+00:00,Synthetic Lookalike Domain Alert,Phishing,IP ADDRESS,192.0.2.226,Community Submission,45,MEDIUM,49,UNDER_REVIEW,2024-12-10T23:27:29+00:00,2024-12-21T23:27:29+00:00,Middle East & Africa,Synthetic credential-phishing URL observed sending users to a fake account verification page in demo logs. ,Initial Access,T1566.002 (Phishing: Spearphishing Link),,,6
THR-2026-0176,2026-09-28T23:27:29+00:00,Demo SQL Injection Attempt Indicator,Web Threats,URL,https://mail.demo.invalid/document.html,Research Report,75,MEDIUM,65,MONITORING,2026-09-15T23:27:29+00:00,2026-09-28T23:27:29+00:00,Global,Synthetic web attack indicator observed in demo telemetry; exploitation attempts against a public-facing application were recorded in demo logs. ,Initial Access,T1190 (Exploit Public-Facing Application),,,4
THR-2026-0177,2026-09-12T23:27:29+00:00,Demo Drive-by Download Serving Domain,Web Threats,IP ADDRESS,192.0.2.140,Internal SOC,95,HIGH,84,CLOSED,2026-08-15T23:27:29+00:00,2026-09-12T23:27:29+00:00,Asia-Pacific,Synthetic web attack indicator observed in demo telemetry; exploitation attempts against a public-facing application were recorded in demo logs. ,Initial Access,T1190 (Exploit Public-Facing Application),,,7
THR-2025-0190,2025-02-02T23:27:29+00:00,Synthetic Exploitable Service Observation,Vulnerability Exposure,CVE ID,CVE-2026-900018,Research Report,65,CRITICAL,67,MONITORING,2025-01-31T23:27:29+00:00,2025-02-02T23:27:29+00:00,Global,Synthetic vulnerability exposure record; demo asset inventory shows an unpatched public-facing service with a known exploit path. Defensive awareness only. ,Initial Access,T1190 (Exploit Public-Facing Application),CVE-2026-900018,,5
THR-2025-0191,2025-03-15T23:27:29+00:00,Synthetic Public Leak Domain Sighting,Data Exposure,IP ADDRESS,203.0.113.251,Internal SOC,70,HIGH,62,NEW,2025-02-22T23:27:29+00:00,2025-03-15T23:27:29+00:00,Middle East & Africa,Synthetic indicator associated with possible data-exposure monitoring in demo data. Context is limited. ,,,,,7
THR-2026-0178,2026-10-04T23:27:29+00:00,Synthetic Ransomware Note Indicator,Ransomware,FILE HASH,16173c1d70123c24475da83cdb2f130d6b05dffc,Public Threat Feed,60,LOW,57,NEW,2026-09-22T23:27:29+00:00,2026-10-04T23:27:29+00:00,Middle East & Africa,Synthetic indicator tentatively associated with ransomware activity in demo data. Behavioural context is not yet available. ,,,,,9
THR-2026-0179,2026-03-18T23:27:29+00:00,Synthetic Exploitable Service Observation,Vulnerability Exposure,CVE ID,CVE-2024-900025,Internal SOC,85,MEDIUM,63,CLOSED,2026-03-07T23:27:29+00:00,2026-03-18T23:27:29+00:00,,Synthetic vulnerability-related indicator from demo asset review. Detailed context pending. ,,,CVE-2024-900025,,4
THR-2025-0192,2025-09-20T23:27:29+00:00,Demo Exfiltration Endpoint Indicator,Data Exposure,URL,http://team-share.support.invalid/password-reset/verify,Security Vendor,55,HIGH,51,FALSE_POSITIVE,2025-09-15T23:27:29+00:00,2025-09-20T23:27:29+00:00,Global,Synthetic exfiltration observation in demo telemetry; large outbound transfer attempts to an external endpoint were recorded. ,Exfiltration,T1048 (Exfiltration Over Alternative Protocol),,,3
THR-2026-0180,2026-03-12T23:27:29+00:00,Synthetic Ransomware Sample,Ransomware,FILE HASH,e8c492bd9e62abe1e2d55cb220b0f7bfba42dd15,Public Threat Feed,50,LOW,44,MONITORING,2026-02-22T23:27:29+00:00,2026-03-12T23:27:29+00:00,Middle East & Africa,Synthetic indicator tentatively associated with ransomware activity in demo data. Behavioural context is not yet available. ,,,,,7
THR-2026-0181,2026-05-15T23:27:29+00:00,Demo Unpatched Service Indicator,Vulnerability Exposure,CVE ID,CVE-2024-900019,Security Vendor,85,HIGH,73,MONITORING,2026-05-02T23:27:29+00:00,2026-05-15T23:27:29+00:00,,Synthetic vulnerability-related indicator from demo asset review. Detailed context pending. ,,,CVE-2024-900019,,6
THR-2024-0036,2024-12-20T23:27:29+00:00,Synthetic Loader Hash Sighting,Malware,FILE HASH,0d55f43adf6fa79f3224dac1e9c2a4e3d4add1e9,Public Threat Feed,40,MEDIUM,41,MONITORING,2024-12-04T23:27:29+00:00,2024-12-20T23:27:29+00:00,Unknown,"Synthetic hash observed in demo telemetry. No behavioural report is available, so classification remains general. ",,,,,4
THR-2026-0182,2026-04-07T23:27:29+00:00,Demo Phishing Campaign Indicator,Phishing,DOMAIN,invoice.example.com,Internal SOC,85,INFORMATIONAL,46,MONITORING,2026-03-11T23:27:29+00:00,2026-04-07T23:27:29+00:00,Middle East & Africa,Synthetic indicator of possible phishing relevance observed in demo telemetry. Insufficient behavioural context for further classification. ,,,,,1
THR-2026-0183,2026-02-05T23:27:29+00:00,Synthetic Public Leak Domain Sighting,Data Exposure,IP ADDRESS,192.0.2.234,Public Threat Feed,50,CRITICAL,63,CLOSED,2026-01-21T23:27:29+00:00,2026-02-05T23:27:29+00:00,Latin America,Synthetic indicator associated with possible data-exposure monitoring in demo data. Context is limited. ,,,,,4
THR-2025-0193,2026-01-09T23:27:29+00:00,Synthetic Loader Hash Sighting,Malware,IP ADDRESS,198.51.100.226,Research Report,65,HIGH,59,CLOSED,2025-12-10T23:27:29+00:00,2026-01-09T23:27:29+00:00,Middle East & Africa,"Synthetic hash observed in demo telemetry. No behavioural report is available, so classification remains general. ",,,,,2
THR-2025-0194,2025-11-26T23:27:29+00:00,Demo Phishing Campaign Indicator,Phishing,URL,https://signin.portal.invalid/secure/login,Security Vendor,65,LOW,50,CLOSED,2025-11-05T23:27:29+00:00,2025-11-26T23:27:29+00:00,North America,Synthetic e-mail attachment campaign observed in demo telemetry distributing phishing documents with credential harvest links. ,Initial Access,T1566.002 (Phishing: Spearphishing Link),,,9
THR-2026-0184,2026-02-15T23:27:29+00:00,Synthetic Credential Stuffing Observation,Credential Theft,IP ADDRESS,198.51.100.171,Internal SOC,80,LOW,53,MONITORING,2026-02-05T23:27:29+00:00,2026-02-15T23:27:29+00:00,Asia-Pacific,Synthetic credential stuffing activity observed in demo telemetry; high volume of brute force attempts against login endpoints from shared infrastructure. ,Credential Access,T1110 (Brute Force),,,2
THR-2025-0195,2025-01-15T23:27:29+00:00,Demo Ransomware Payload Hash,Ransomware,IP ADDRESS,203.0.113.29,Internal SOC,65,HIGH,54,CLOSED,2025-01-13T23:27:29+00:00,2025-01-15T23:27:29+00:00,,Synthetic ransomware indicator observed in demo data; associated with service stop behaviour prior to encryption and data extortion staging. ,Impact,T1486 (Data Encrypted for Impact),,,2
THR-2024-0037,2024-12-12T23:27:29+00:00,Synthetic Lookalike Domain Alert,Phishing,URL,http://secure.example.com/secure-update/payment,Public Threat Feed,40,LOW,38,UNDER_REVIEW,2024-11-29T23:27:29+00:00,2024-12-12T23:27:29+00:00,North America,Synthetic e-mail attachment campaign observed in demo telemetry distributing phishing documents with credential harvest links. ,Initial Access,T1566.002 (Phishing: Spearphishing Link),,,8
THR-2025-0196,2025-07-15T23:27:29+00:00,Demo Credential Phishing Observation,Phishing,FILE HASH,c73786b564bffe5773f9117910b7ed228f97cf3b59c0b8b398255aad08783817,Unknown Source,15,MEDIUM,31,CLOSED,2025-06-17T23:27:29+00:00,2025-07-15T23:27:29+00:00,Global,Synthetic phishing lure domain observed in demo telemetry; the domain mimics a login verification portal. Indicator is analysed as data only - never visited. ,Initial Access,T1566.002 (Phishing: Spearphishing Link),,,3
THR-2025-0197,2025-02-15T23:27:29+00:00,Demo Malware Distribution Observation,Malware,URL,https://secure.invalid/auth/check,Internal SOC,65,MEDIUM,48,UNDER_REVIEW,2025-01-23T23:27:29+00:00,2025-02-15T23:27:29+00:00,Unknown,"Synthetic hash observed in demo telemetry. No behavioural report is available, so classification remains general. ",,,,,2
THR-2025-0198,2025-03-04T23:27:29+00:00,Synthetic Loader Hash Sighting,Malware,FILE HASH,c36ddff12776efa02b20b48fc9d9624a2119d304,Security Vendor,55,MEDIUM,50,CLOSED,2025-02-26T23:27:29+00:00,2025-03-04T23:27:29+00:00,Europe,Synthetic malware hash observed in demo telemetry; sample behaves as a downloader that executes an obfuscated payload and establishes C2 callback traffic. ,Execution,T1204.002 (User Execution: Malicious File),,,9
THR-2025-0199,2025-10-29T23:27:29+00:00,Demo Exfiltration Endpoint Indicator,Data Exposure,DOMAIN,helpdesk.example.com,Internal SOC,80,MEDIUM,62,NEW,2025-10-23T23:27:29+00:00,2025-10-29T23:27:29+00:00,North America,Synthetic indicator associated with possible data-exposure monitoring in demo data. Context is limited. ,,,,,7
THR-2026-0185,2026-07-22T23:27:29+00:00,Synthetic Exploit Kit Domain,Web Threats,URL,http://portal-verify.portal.invalid/document.html,Public Threat Feed,60,LOW,52,FALSE_POSITIVE,2026-07-12T23:27:29+00:00,2026-07-22T23:27:29+00:00,Global,Synthetic drive-by domain observed in demo data; client browser exploitation behaviour was simulated. ,Initial Access,T1190 (Exploit Public-Facing Application),,,6
THR-2025-0200,2026-01-10T23:27:29+00:00,Synthetic Lookalike Domain Alert,Phishing,URL,https://billing.login.invalid/secure/login,Security Vendor,65,MEDIUM,55,MONITORING,2025-12-17T23:27:29+00:00,2026-01-10T23:27:29+00:00,Unknown,Synthetic credential-phishing URL observed sending users to a fake account verification page in demo logs. ,Initial Access,T1566.002 (Phishing: Spearphishing Link),,,6
THR-2024-0038,2025-01-14T23:27:29+00:00,Synthetic Loader Hash Sighting,Malware,FILE HASH,cc5caf46a32a20a13cceea010f544d805a9518d598350c64a946202d95b0b03c,Public Threat Feed,40,LOW,38,NEW,2024-12-24T23:27:29+00:00,2025-01-14T23:27:29+00:00,Latin America,Synthetic trojan hash sighted in demo data; associated with credential dumping behaviour in the sandbox report. ,,,CVE-2026-900008,,7
THR-2026-0186,2026-09-17T23:27:29+00:00,Synthetic Fake Portal Domain,Phishing,URL,https://login.invalid/login,Community Submission,60,INFORMATIONAL,49,NEW,2026-08-30T23:27:29+00:00,2026-09-17T23:27:29+00:00,Latin America,Synthetic indicator of possible phishing relevance observed in demo telemetry. Insufficient behavioural context for further classification. ,,,,,7
THR-2026-0187,2026-09-25T23:27:29+00:00,Synthetic Data Leak Observation,Data Exposure,URL,http://invoice.example.org/secure-update/payment,Public Threat Feed,60,MEDIUM,57,NEW,2026-09-21T23:27:29+00:00,2026-09-25T23:27:29+00:00,Middle East & Africa,Synthetic indicator associated with possible data-exposure monitoring in demo data. Context is limited. ,,,,,4
THR-2025-0201,2025-09-28T23:27:29+00:00,Synthetic Vulnerability Exposure Record,Vulnerability Exposure,DOMAIN,wire-transfer.updates.invalid,Security Vendor,50,MEDIUM,42,MONITORING,2025-09-19T23:27:29+00:00,2025-09-28T23:27:29+00:00,Europe,Synthetic vulnerability-related indicator from demo asset review. Detailed context pending. ,,,CVE-2024-900020,,2
THR-2025-0202,2025-05-05T23:27:29+00:00,Synthetic Phishing Infrastructure Sighting,Phishing,URL,http://mail.billing.invalid/document.html,Security Vendor,55,MEDIUM,50,NEW,2025-04-12T23:27:29+00:00,2025-05-05T23:27:29+00:00,Global,Synthetic indicator of possible phishing relevance observed in demo telemetry. Insufficient behavioural context for further classification. ,,,,,8
THR-2025-0203,2025-05-18T23:27:29+00:00,Synthetic Trojan Hash Indicator,Malware,FILE HASH,d81cd37176c3ddf25070e76ed20254d1,Unknown Source,15,MEDIUM,34,MONITORING,2025-05-17T23:27:29+00:00,2025-05-18T23:27:29+00:00,Latin America,"Synthetic hash observed in demo telemetry. No behavioural report is available, so classification remains general. ",,,,,5
THR-2024-0039,2025-01-06T23:27:29+00:00,Synthetic Ransomware Note Indicator,Ransomware,IP ADDRESS,203.0.113.175,Security Vendor,55,LOW,44,MONITORING,2024-12-17T23:27:29+00:00,2025-01-06T23:27:29+00:00,,Synthetic ransomware indicator observed in demo data; associated with service stop behaviour prior to encryption and data extortion staging. ,Impact,T1486 (Data Encrypted for Impact),,,6
THR-2025-0204,2025-09-02T23:27:29+00:00,Demo Credential Phishing Observation,Phishing,DOMAIN,billing.example.com,Internal SOC,65,LOW,42,MONITORING,2025-08-23T23:27:29+00:00,2025-09-02T23:27:29+00:00,Global,Synthetic indicator of possible phishing relevance observed in demo telemetry. Insufficient behavioural context for further classification. ,,,,,2
THR-2026-0188,2026-10-04T23:27:29+00:00,Synthetic Data Leak Observation,Data Exposure,DOMAIN,signin.auth.invalid,Public Threat Feed,55,HIGH,61,MONITORING,2026-09-25T23:27:29+00:00,2026-10-04T23:27:29+00:00,Middle East & Africa,Synthetic e-mail collection behaviour observed in demo data; mailbox export activity was simulated. ,Collection,T1114 (Email Collection),,,2
THR-2026-0189,2026-04-21T23:27:29+00:00,Synthetic Impersonation Attempt,Social Engineering,IP ADDRESS,192.0.2.243,Security Vendor,85,HIGH,72,FALSE_POSITIVE,2026-04-19T23:27:29+00:00,2026-04-21T23:27:29+00:00,Global,Synthetic indicator reported through the demo social-engineering reporting channel. Context is limited. ,,,,,5
THR-2025-0205,2025-11-24T23:27:29+00:00,Demo Credential Phishing Observation,Phishing,IP ADDRESS,192.0.2.15,Research Report,65,HIGH,58,FALSE_POSITIVE,2025-10-28T23:27:29+00:00,2025-11-24T23:27:29+00:00,Asia-Pacific,Synthetic indicator of possible phishing relevance observed in demo telemetry. Insufficient behavioural context for further classification. ,,,,,4
THR-2024-0040,2024-11-08T23:27:29+00:00,Synthetic Phishing Lure Domain,Phishing,DOMAIN,portal-verify.demo.invalid,Security Vendor,55,MEDIUM,50,MONITORING,2024-11-04T23:27:29+00:00,2024-11-08T23:27:29+00:00,Unknown,Synthetic indicator of possible phishing relevance observed in demo telemetry. Insufficient behavioural context for further classification. ,,,,,6
THR-2026-0190,2026-08-13T23:27:29+00:00,Synthetic Exploitable Service Observation,Vulnerability Exposure,CVE ID,CVE-2024-900011,Public Threat Feed,70,MEDIUM,62,NEW,2026-07-17T23:27:29+00:00,2026-08-13T23:27:29+00:00,North America,Synthetic vulnerability exposure record; demo asset inventory shows an unpatched public-facing service with a known exploit path. Defensive awareness only. ,Initial Access,T1190 (Exploit Public-Facing Application),CVE-2024-900011,,4
THR-2026-0191,2026-04-20T23:27:29+00:00,Synthetic Fake Portal Domain,Phishing,EMAIL DOMAIN,docusign-view.portal.invalid,Internal SOC,90,HIGH,71,UNDER_REVIEW,2026-03-22T23:27:29+00:00,2026-04-20T23:27:29+00:00,Global,Synthetic indicator of possible phishing relevance observed in demo telemetry. Insufficient behavioural context for further classification. ,,,,,5
THR-2024-0041,2024-11-24T23:27:29+00:00,Synthetic Trojan Hash Indicator,Malware,FILE HASH,db647b4031666849c5245c5c41057feb,Internal SOC,70,HIGH,58,FALSE_POSITIVE,2024-11-19T23:27:29+00:00,2024-11-24T23:27:29+00:00,Middle East & Africa,Synthetic trojan hash sighted in demo data; associated with credential dumping behaviour in the sandbox report. ,,,,,4
THR-2026-0192,2026-02-07T23:27:29+00:00,Demo Unpatched Service Indicator,Vulnerability Exposure,CVE ID,CVE-2026-900030,Internal SOC,90,MEDIUM,68,UNDER_REVIEW,2026-01-10T23:27:29+00:00,2026-02-07T23:27:29+00:00,Unknown,Synthetic vulnerability-related indicator from demo asset review. Detailed context pending. ,,,CVE-2026-900030,,8
THR-2026-0193,2026-02-02T23:27:29+00:00,Demo Credential Phishing Observation,Phishing,DOMAIN,secure.example.net,Security Vendor,60,HIGH,54,CLOSED,2026-01-07T23:27:29+00:00,2026-02-02T23:27:29+00:00,Europe,Synthetic indicator of possible phishing relevance observed in demo telemetry. Insufficient behavioural context for further classification. ,,,,,2
THR-2025-0206,2025-05-22T23:27:29+00:00,Demo Tor Proxy Exit Observation,Network Threats,IP ADDRESS,203.0.113.79,Security Vendor,60,CRITICAL,68,MONITORING,2025-04-28T23:27:29+00:00,2025-05-22T23:27:29+00:00,Unknown,Synthetic command-and-control channel observed in demo telemetry; host beacon traffic to a C2 endpoint was recorded. ,Command and Control,T1071 (Application Layer Protocol),,,7
THR-2025-0207,2025-06-26T23:27:29+00:00,Synthetic Public Leak Domain Sighting,Data Exposure,IP ADDRESS,203.0.113.201,Community Submission,35,LOW,29,UNDER_REVIEW,2025-06-15T23:27:29+00:00,2025-06-26T23:27:29+00:00,Europe,Synthetic indicator associated with possible data-exposure monitoring in demo data. Context is limited. ,,,,,1
THR-2026-0194,2026-09-21T23:27:29+00:00,Demo Abnormal Login Pattern Observation,Account Security,IP ADDRESS,203.0.113.235,Research Report,75,CRITICAL,79,MONITORING,2026-09-01T23:27:29+00:00,2026-09-21T23:27:29+00:00,Europe,Synthetic indicator from demo account-monitoring telemetry. Context is limited. ,Persistence,T1136 (Create Account),,,8
THR-2025-0208,2025-12-15T23:27:29+00:00,Demo SMiShing Sender Observation,Social Engineering,DOMAIN,secure.demo.invalid,Unknown Source,20,LOW,28,NEW,2025-11-28T23:27:29+00:00,2025-12-15T23:27:29+00:00,Latin America,Synthetic indicator reported through the demo social-engineering reporting channel. Context is limited. ,,,,,2
THR-2025-0209,2025-08-21T23:27:29+00:00,Synthetic Loader Hash Sighting,Malware,IP ADDRESS,203.0.113.237,Public Threat Feed,45,MEDIUM,50,CLOSED,2025-07-25T23:27:29+00:00,2025-08-21T23:27:29+00:00,Europe,"Synthetic hash observed in demo telemetry. No behavioural report is available, so classification remains general. ",,,,,9
THR-2026-0195,2026-02-16T23:27:29+00:00,Demo Brute Force Activity,Credential Theft,URL,http://login.invalid/attachment/invoice-2026.zip.html,Research Report,65,INFORMATIONAL,40,FALSE_POSITIVE,2026-02-12T23:27:29+00:00,2026-02-16T23:27:29+00:00,Europe,Synthetic credential-harvesting page observed in demo telemetry; the page mimics a password store sign-in form. ,Credential Access,T1555 (Credentials from Password Stores),,,4
THR-2026-0196,2026-07-07T23:27:29+00:00,Synthetic Beaconing Host Indicator,Network Threats,IP ADDRESS,198.51.100.154,Research Report,80,LOW,62,MONITORING,2026-06-16T23:27:29+00:00,2026-07-07T23:27:29+00:00,Global,Synthetic command-and-control channel observed in demo telemetry; host beacon traffic to a C2 endpoint was recorded. ,Command and Control,T1071 (Application Layer Protocol),,,5
THR-2025-0210,2025-12-20T23:27:29+00:00,Demo SQL Injection Attempt Indicator,Web Threats,URL,https://example.net/update-password,Unknown Source,20,HIGH,40,FALSE_POSITIVE,2025-11-24T23:27:29+00:00,2025-12-20T23:27:29+00:00,Global,Synthetic indicator observed in web-monitoring demo data. No specific technique context available. ,,,,,2
THR-2025-0211,2025-12-04T23:27:29+00:00,Synthetic Fake Portal Domain,Phishing,FILE HASH,16da59abe190de4719c303e292d674e8a4db5209e6bd6e7a4139f4f457d973a4,Public Threat Feed,45,HIGH,47,CLOSED,2025-11-24T23:27:29+00:00,2025-12-04T23:27:29+00:00,North America,Synthetic indicator of possible phishing relevance observed in demo telemetry. Insufficient behavioural context for further classification. ,,,,,1
THR-2024-0042,2025-01-02T23:27:29+00:00,Synthetic CEO Fraud Domain,Social Engineering,DOMAIN,demo.invalid,Community Submission,40,LOW,38,NEW,2024-12-18T23:27:29+00:00,2025-01-02T23:27:29+00:00,Middle East & Africa,Synthetic voice-phishing (vishing) attempt observed in demo telemetry; impersonation of the IT helpdesk was reported. ,Initial Access,T1566.003 (Phishing: Spearphishing Voice),,,8
THR-2025-0212,2025-03-20T23:27:29+00:00,Synthetic CEO Fraud Domain,Social Engineering,DOMAIN,docusign-view.example.net,Security Vendor,55,INFORMATIONAL,38,FALSE_POSITIVE,2025-03-09T23:27:29+00:00,2025-03-20T23:27:29+00:00,Latin America,Synthetic SMiShing campaign indicator observed in demo data; messages impersonate a delivery service with a QR code lure. ,Initial Access,T1566.003 (Phishing: Spearphishing Voice),,,6
THR-2026-0197,2026-08-09T23:27:29+00:00,Synthetic Fake Portal Domain,Phishing,EMAIL DOMAIN,update.support.invalid,Public Threat Feed,60,MEDIUM,58,NEW,2026-08-07T23:27:29+00:00,2026-08-09T23:27:29+00:00,Middle East & Africa,Synthetic indicator of possible phishing relevance observed in demo telemetry. Insufficient behavioural context for further classification. ,,,,,7
THR-2025-0213,2025-06-02T23:27:29+00:00,Synthetic Beaconing Host Indicator,Network Threats,URL,http://account.updates.invalid/account/confirm,Security Vendor,50,MEDIUM,42,FALSE_POSITIVE,2025-05-04T23:27:29+00:00,2025-06-02T23:27:29+00:00,Middle East & Africa,Synthetic command-and-control channel observed in demo telemetry; host beacon traffic to a C2 endpoint was recorded. ,Command and Control,T1071 (Application Layer Protocol),,,2
THR-2025-0214,2025-08-11T23:27:29+00:00,Synthetic Data Leak Observation,Data Exposure,URL,https://wire-transfer.example.net/attachment/invoice-2026.zip.html,Internal SOC,70,HIGH,58,MONITORING,2025-07-16T23:27:29+00:00,2025-08-11T23:27:29+00:00,Unknown,Synthetic indicator associated with possible data-exposure monitoring in demo data. Context is limited. ,,,,,4
THR-2025-0215,2025-01-18T23:27:29+00:00,Synthetic Vulnerability Exposure Record,Vulnerability Exposure,CVE ID,CVE-2025-900003,Internal SOC,75,MEDIUM,61,CLOSED,2025-01-17T23:27:29+00:00,2025-01-18T23:27:29+00:00,Europe,Synthetic vulnerability-related indicator from demo asset review. Detailed context pending. ,,,CVE-2025-900003,,8
THR-2024-0043,2025-01-26T23:27:29+00:00,Demo Password Spray Observation,Credential Theft,IP ADDRESS,198.51.100.113,Public Threat Feed,45,LOW,37,MONITORING,2024-12-31T23:27:29+00:00,2025-01-26T23:27:29+00:00,Latin America,Synthetic indicator observed during credential-abuse monitoring in demo telemetry. Context is limited. ,,,,,2
THR-2026-0198,2026-01-23T23:27:29+00:00,Demo SMiShing Sender Observation,Social Engineering,URL,http://portal.invalid/secure/login,Security Vendor,65,CRITICAL,65,NEW,2026-01-13T23:27:29+00:00,2026-01-23T23:27:29+00:00,Global,Synthetic SMiShing campaign indicator observed in demo data; messages impersonate a delivery service with a QR code lure. ,Initial Access,T1566.003 (Phishing: Spearphishing Voice),,,4
THR-2026-0199,2026-04-25T23:27:29+00:00,Demo Password Spray Observation,Credential Theft,IP ADDRESS,198.51.100.90,Internal SOC,90,LOW,58,FALSE_POSITIVE,2026-04-16T23:27:29+00:00,2026-04-25T23:27:29+00:00,Asia-Pacific,Synthetic credential stuffing activity observed in demo telemetry; high volume of brute force attempts against login endpoints from shared infrastructure. ,Credential Access,T1110 (Brute Force),,,2
THR-2025-0216,2025-07-04T23:27:29+00:00,Synthetic Credential Harvester Sighting,Credential Theft,URL,https://portal.portal.invalid/secure/login,Public Threat Feed,40,CRITICAL,57,CLOSED,2025-07-01T23:27:29+00:00,2025-07-04T23:27:29+00:00,Unknown,Synthetic credential-harvesting page observed in demo telemetry; the page mimics a password store sign-in form. ,Credential Access,T1555 (Credentials from Password Stores),,,9
THR-2026-0200,2026-04-20T23:27:29+00:00,Synthetic Phishing Lure Domain,Phishing,FILE HASH,e64e398b608858a39f66f4066fb894bf416400f334d517804c2d0d6a2f93d8f5,Community Submission,55,CRITICAL,60,CLOSED,2026-04-20T23:27:29+00:00,2026-04-20T23:27:29+00:00,Asia-Pacific,Synthetic indicator of possible phishing relevance observed in demo telemetry. Insufficient behavioural context for further classification. ,,,,,2
THR-2024-0044,2025-01-14T23:27:29+00:00,Demo Credential Phishing Observation,Phishing,DOMAIN,payment.login.invalid,Public Threat Feed,35,CRITICAL,49,NEW,2024-12-19T23:27:29+00:00,2025-01-14T23:27:29+00:00,Europe,Synthetic phishing lure domain observed in demo telemetry; the domain mimics a login verification portal. Indicator is analysed as data only - never visited. ,Initial Access,T1566.002 (Phishing: Spearphishing Link),,,2
THR-2025-0217,2026-01-07T23:27:29+00:00,Synthetic Web Injection Observation,Web Threats,IP ADDRESS,192.0.2.76,Internal SOC,80,MEDIUM,56,MONITORING,2025-12-09T23:27:29+00:00,2026-01-07T23:27:29+00:00,Unknown,Synthetic indicator observed in web-monitoring demo data. No specific technique context available. ,,,,,3
THR-2025-0218,2025-06-13T23:27:29+00:00,Demo Brute Force Activity,Credential Theft,URL,https://update.example.net/document.html,Security Vendor,50,MEDIUM,41,MONITORING,2025-06-05T23:27:29+00:00,2025-06-13T23:27:29+00:00,North America,Synthetic credential stuffing activity observed in demo telemetry; high volume of brute force attempts against login endpoints from shared infrastructure. ,Credential Access,T1110 (Brute Force),,,1
THR-2025-0219,2025-06-10T23:27:29+00:00,Synthetic Credential Stuffing Observation,Credential Theft,IP ADDRESS,203.0.113.86,Research Report,55,MEDIUM,45,MONITORING,2025-06-09T23:27:29+00:00,2025-06-10T23:27:29+00:00,,Synthetic indicator observed during credential-abuse monitoring in demo telemetry. Context is limited. ,,,,,3
THR-2026-0201,2026-07-27T23:27:29+00:00,Demo Brute Force Activity,Credential Theft,IP ADDRESS,203.0.113.109,Security Vendor,75,LOW,58,MONITORING,2026-07-16T23:27:29+00:00,2026-07-27T23:27:29+00:00,Unknown,Synthetic indicator observed during credential-abuse monitoring in demo telemetry. Context is limited. ,,,,,6
THR-2026-0202,2026-05-03T23:27:29+00:00,Demo Exfiltration Endpoint Indicator,Data Exposure,DOMAIN,verify.login.invalid,Public Threat Feed,60,LOW,46,NEW,2026-04-11T23:27:29+00:00,2026-05-03T23:27:29+00:00,North America,Synthetic indicator associated with possible data-exposure monitoring in demo data. Context is limited. ,,,,,4
THR-2025-0220,2025-09-23T23:27:29+00:00,Demo Vishing Campaign Indicator,Social Engineering,FILE HASH,9fd27907fcc0a2e3b115dab9f855197458108e5027b97ae7203f6d2067715d25,Public Threat Feed,40,MEDIUM,40,CLOSED,2025-09-16T23:27:29+00:00,2025-09-23T23:27:29+00:00,Unknown,Synthetic SMiShing campaign indicator observed in demo data; messages impersonate a delivery service with a QR code lure. ,Initial Access,T1566.003 (Phishing: Spearphishing Voice),,,3
THR-2024-0045,2024-12-13T23:27:29+00:00,Demo Port Scan Activity Indicator,Network Threats,URL,https://support.invalid/login,Internal SOC,65,LOW,41,FALSE_POSITIVE,2024-12-02T23:27:29+00:00,2024-12-13T23:27:29+00:00,North America,Synthetic network indicator recorded in demo telemetry. Limited contextual evidence. ,,,,,1
THR-2025-0221,2025-04-23T23:27:29+00:00,Synthetic Fraudulent Account Creation Indicator,Account Security,DOMAIN,portal.billing.invalid,Public Threat Feed,40,MEDIUM,44,MONITORING,2025-04-15T23:27:29+00:00,2025-04-23T23:27:29+00:00,Middle East & Africa,Synthetic account takeover risk indicator; demo telemetry shows compromised valid accounts used from unusual locations. ,Persistence,T1136 (Create Account),,,6
THR-2026-0203,2026-01-24T23:27:29+00:00,Demo Unpatched Service Indicator,Vulnerability Exposure,URL,http://invoice.mail.invalid/secure-update/payment,Community Submission,50,CRITICAL,63,MONITORING,2026-01-02T23:27:29+00:00,2026-01-24T23:27:29+00:00,Asia-Pacific,Synthetic exploitable service observation; demo scanning metadata indicates exposure requiring patch review. ,Initial Access,T1190 (Exploit Public-Facing Application),CVE-2026-900025,,9
THR-2025-0222,2025-09-12T23:27:29+00:00,Synthetic Credential Harvester Sighting,Credential Theft,IP ADDRESS,192.0.2.110,Internal SOC,70,LOW,50,MONITORING,2025-08-27T23:27:29+00:00,2025-09-12T23:27:29+00:00,Global,Synthetic indicator observed during credential-abuse monitoring in demo telemetry. Context is limited. ,,,,,8
THR-2025-0223,2025-05-27T23:27:29+00:00,Synthetic Exploitable Service Observation,Vulnerability Exposure,URL,http://service.example.net/password-reset/verify,Security Vendor,55,LOW,44,CLOSED,2025-05-02T23:27:29+00:00,2025-05-27T23:27:29+00:00,Latin America,Synthetic vulnerability exposure record; demo asset inventory shows an unpatched public-facing service with a known exploit path. Defensive awareness only. ,Initial Access,T1190 (Exploit Public-Facing Application),CVE-2026-900024,,6
THR-2025-0224,2025-02-09T23:27:29+00:00,Synthetic Loader Hash Sighting,Malware,IP ADDRESS,203.0.113.23,Unknown Source,20,LOW,32,CLOSED,2025-02-03T23:27:29+00:00,2025-02-09T23:27:29+00:00,North America,Synthetic malware hash observed in demo telemetry; sample behaves as a downloader that executes an obfuscated payload and establishes C2 callback traffic. ,Execution,T1204.002 (User Execution: Malicious File),,,4
THR-2026-0204,2026-04-13T23:27:29+00:00,Synthetic C2 Callback Observation,Network Threats,IP ADDRESS,192.0.2.173,Public Threat Feed,65,HIGH,63,NEW,2026-04-05T23:27:29+00:00,2026-04-13T23:27:29+00:00,Europe,Synthetic network indicator recorded in demo telemetry. Limited contextual evidence. ,,,,,4
THR-2026-0205,2026-03-14T23:27:29+00:00,Demo Vishing Campaign Indicator,Social Engineering,EMAIL DOMAIN,document.secure.invalid,Security Vendor,60,LOW,42,MONITORING,2026-03-10T23:27:29+00:00,2026-03-14T23:27:29+00:00,,Synthetic indicator reported through the demo social-engineering reporting channel. Context is limited. ,,,,,2
THR-2026-0206,2026-05-03T23:27:29+00:00,Synthetic Loader Hash Sighting,Malware,IP ADDRESS,203.0.113.127,Public Threat Feed,55,HIGH,58,NEW,2026-04-15T23:27:29+00:00,2026-05-03T23:27:29+00:00,Asia-Pacific,Synthetic trojan hash sighted in demo data; associated with credential dumping behaviour in the sandbox report. ,,,CVE-2024-900023,,2
THR-2025-0225,2025-12-19T23:27:29+00:00,Synthetic Phishing Lure Domain,Phishing,IP ADDRESS,198.51.100.48,Security Vendor,65,MEDIUM,56,MONITORING,2025-12-01T23:27:29+00:00,2025-12-19T23:27:29+00:00,Latin America,Synthetic e-mail attachment campaign observed in demo telemetry distributing phishing documents with credential harvest links. ,Initial Access,T1566.002 (Phishing: Spearphishing Link),,,8
THR-2026-0207,2026-03-31T23:27:29+00:00,Synthetic Backdoor Beacon Observation,Malware,FILE HASH,e5d53803d3158a798434a32b72ca1505c14b7198bc4cb24d93ed95a14f9a23eb,Internal SOC,80,LOW,56,UNDER_REVIEW,2026-03-28T23:27:29+00:00,2026-03-31T23:27:29+00:00,,Synthetic trojan hash sighted in demo data; associated with credential dumping behaviour in the sandbox report. ,,,,,7
THR-2025-0226,2025-05-26T23:27:29+00:00,Demo Port Scan Activity Indicator,Network Threats,DOMAIN,document.portal.invalid,Internal SOC,70,HIGH,60,MONITORING,2025-04-29T23:27:29+00:00,2025-05-26T23:27:29+00:00,Unknown,Synthetic command-and-control channel observed in demo telemetry; host beacon traffic to a C2 endpoint was recorded. ,Command and Control,T1071 (Application Layer Protocol),,,5
THR-2024-0046,2024-12-13T23:27:29+00:00,Synthetic Fake Portal Domain,Phishing,FILE HASH,63b95644081cd4136e757eed0db5e05910e84b985313256b8fdbb3f8d024747d,Security Vendor,55,LOW,44,MONITORING,2024-11-28T23:27:29+00:00,2024-12-13T23:27:29+00:00,Asia-Pacific,Synthetic indicator of possible phishing relevance observed in demo telemetry. Insufficient behavioural context for further classification. ,,,,,6
THR-2025-0227,2025-07-16T23:27:29+00:00,Synthetic Credential Stuffing Observation,Credential Theft,DOMAIN,update.secure.invalid,Research Report,55,HIGH,56,CLOSED,2025-06-24T23:27:29+00:00,2025-07-16T23:27:29+00:00,Global,Synthetic credential-harvesting page observed in demo telemetry; the page mimics a password store sign-in form. ,Credential Access,T1555 (Credentials from Password Stores),,,9
THR-2025-0228,2025-05-26T23:27:29+00:00,Synthetic Impersonation Attempt,Social Engineering,URL,https://document.portal.invalid/password-reset/verify,Research Report,55,LOW,44,FALSE_POSITIVE,2025-05-23T23:27:29+00:00,2025-05-26T23:27:29+00:00,Global,Synthetic indicator reported through the demo social-engineering reporting channel. Context is limited. ,,,,,6
THR-2026-0208,2026-05-31T23:27:29+00:00,Synthetic C2 Callback Observation,Network Threats,URL,https://notify.secure.invalid/account/confirm,Internal SOC,90,LOW,56,FALSE_POSITIVE,2026-05-05T23:27:29+00:00,2026-05-31T23:27:29+00:00,Unknown,Synthetic command-and-control channel observed in demo telemetry; host beacon traffic to a C2 endpoint was recorded. ,Command and Control,T1071 (Application Layer Protocol),,,3
THR-2026-0209,2026-09-26T23:27:29+00:00,Demo Drive-by Download Serving Domain,Web Threats,IP ADDRESS,192.0.2.219,Community Submission,55,MEDIUM,52,FALSE_POSITIVE,2026-08-31T23:27:29+00:00,2026-09-26T23:27:29+00:00,North America,Synthetic drive-by domain observed in demo data; client browser exploitation behaviour was simulated. ,Initial Access,T1190 (Exploit Public-Facing Application),,,1
THR-2025-0229,2025-05-26T23:27:29+00:00,Demo Downloader Hash Observation,Malware,IP ADDRESS,198.51.100.207,Internal SOC,75,LOW,53,MONITORING,2025-05-25T23:27:29+00:00,2025-05-26T23:27:29+00:00,Europe,Synthetic trojan hash sighted in demo data; associated with credential dumping behaviour in the sandbox report. ,,,,,5
THR-2026-0210,2026-02-04T23:27:29+00:00,Synthetic Backdoor Beacon Observation,Malware,FILE HASH,88aeaffd641e109855c2e3c6ba374efd78c05ffd,Research Report,60,HIGH,54,FALSE_POSITIVE,2026-01-29T23:27:29+00:00,2026-02-04T23:27:29+00:00,Global,Synthetic malware hash observed in demo telemetry; sample behaves as a downloader that executes an obfuscated payload and establishes C2 callback traffic. ,Execution,T1204.002 (User Execution: Malicious File),CVE-2024-900004,,2
THR-2025-0230,2025-11-01T23:27:29+00:00,Demo Unpatched Service Indicator,Vulnerability Exposure,URL,http://signin.login.invalid/document.html,Internal SOC,80,MEDIUM,56,MONITORING,2025-10-07T23:27:29+00:00,2025-11-01T23:27:29+00:00,Europe,Synthetic exploitable service observation; demo scanning metadata indicates exposure requiring patch review. ,Initial Access,T1190 (Exploit Public-Facing Application),CVE-2025-900027,,3
THR-2025-0231,2025-07-30T23:27:29+00:00,Synthetic Data Leak Observation,Data Exposure,URL,https://notify.updates.invalid/login,Community Submission,40,MEDIUM,40,NEW,2025-07-23T23:27:29+00:00,2025-07-30T23:27:29+00:00,Middle East & Africa,Synthetic indicator associated with possible data-exposure monitoring in demo data. Context is limited. ,,,,,3
THR-2025-0232,2025-07-22T23:27:29+00:00,Synthetic Exploit Kit Domain,Web Threats,IP ADDRESS,198.51.100.154,Internal SOC,75,MEDIUM,61,CLOSED,2025-07-09T23:27:29+00:00,2025-07-22T23:27:29+00:00,Unknown,Synthetic indicator observed in web-monitoring demo data. No specific technique context available. ,,,,,8
THR-2025-0233,2025-06-25T23:27:29+00:00,Demo Brute Force Activity,Credential Theft,IP ADDRESS,198.51.100.131,Unknown Source,10,MEDIUM,27,FALSE_POSITIVE,2025-06-02T23:27:29+00:00,2025-06-25T23:27:29+00:00,Unknown,Synthetic indicator observed during credential-abuse monitoring in demo telemetry. Context is limited. ,,,,,1
THR-2025-0234,2025-06-19T23:27:29+00:00,Demo Drive-by Download Serving Domain,Web Threats,IP ADDRESS,2001:db8:55f:::171,Research Report,55,HIGH,54,FALSE_POSITIVE,2025-05-31T23:27:29+00:00,2025-06-19T23:27:29+00:00,Europe,Synthetic web attack indicator observed in demo telemetry; exploitation attempts against a public-facing application were recorded in demo logs. ,Initial Access,T1190 (Exploit Public-Facing Application),,,5
THR-2024-0047,2024-12-31T23:27:29+00:00,Synthetic Phishing Lure Domain,Phishing,EMAIL DOMAIN,cloud-backup.portal.invalid,Public Threat Feed,40,LOW,38,NEW,2024-12-21T23:27:29+00:00,2024-12-31T23:27:29+00:00,Asia-Pacific,Synthetic credential-phishing URL observed sending users to a fake account verification page in demo logs. ,Initial Access,T1566.002 (Phishing: Spearphishing Link),,,8
THR-2026-0211,2026-03-10T23:27:29+00:00,Synthetic CEO Fraud Domain,Social Engineering,IP ADDRESS,198.51.100.203,Research Report,65,HIGH,61,MONITORING,2026-02-17T23:27:29+00:00,2026-03-10T23:27:29+00:00,Asia-Pacific,Synthetic SMiShing campaign indicator observed in demo data; messages impersonate a delivery service with a QR code lure. ,Initial Access,T1566.003 (Phishing: Spearphishing Voice),,,3
THR-2026-0212,2026-02-09T23:27:29+00:00,Synthetic Phishing Lure Domain,Phishing,DOMAIN,helpdesk.login.invalid,Public Threat Feed,50,MEDIUM,48,MONITORING,2026-01-12T23:27:29+00:00,2026-02-09T23:27:29+00:00,Global,Synthetic indicator of possible phishing relevance observed in demo telemetry. Insufficient behavioural context for further classification. ,,,,,5
THR-2026-0213,2026-03-03T23:27:29+00:00,Synthetic Lookalike Domain Alert,Phishing,DOMAIN,password.example.net,Internal SOC,80,MEDIUM,56,NEW,2026-02-17T23:27:29+00:00,2026-03-03T23:27:29+00:00,North America,Synthetic indicator of possible phishing relevance observed in demo telemetry. Insufficient behavioural context for further classification. ,,,,,3
THR-2026-0214,2026-03-02T23:27:29+00:00,Synthetic Credential Harvester Sighting,Credential Theft,IP ADDRESS,203.0.113.99,Security Vendor,65,LOW,46,MONITORING,2026-02-12T23:27:29+00:00,2026-03-02T23:27:29+00:00,Asia-Pacific,Synthetic indicator observed during credential-abuse monitoring in demo telemetry. Context is limited. ,,,,,4
THR-2025-0235,2025-10-16T23:27:29+00:00,Demo Credential Phishing Observation,Phishing,FILE HASH,54c2f26c3605fa486aa66121fd020b0834c5cb395e225fd30dbfe6d65f9a3583,Internal SOC,75,MEDIUM,52,MONITORING,2025-09-17T23:27:29+00:00,2025-10-16T23:27:29+00:00,Middle East & Africa,Synthetic indicator of possible phishing relevance observed in demo telemetry. Insufficient behavioural context for further classification. ,,,,,1
THR-2025-0236,2025-04-08T23:27:29+00:00,Demo Drive-by Download Serving Domain,Web Threats,IP ADDRESS,198.51.100.241,Research Report,60,HIGH,62,NEW,2025-04-05T23:27:29+00:00,2025-04-08T23:27:29+00:00,Asia-Pacific,Synthetic indicator observed in web-monitoring demo data. No specific technique context available. ,,,CVE-2026-900005,,9
THR-2026-0215,2026-08-06T23:27:29+00:00,Synthetic Ransomware Note Indicator,Ransomware,FILE HASH,e26aaa685d93c5aa798c3a7d4de23a716149cd40,Security Vendor,75,LOW,58,UNDER_REVIEW,2026-07-29T23:27:29+00:00,2026-08-06T23:27:29+00:00,Unknown,Synthetic ransomware indicator observed in demo data; associated with service stop behaviour prior to encryption and data extortion staging. ,Impact,T1486 (Data Encrypted for Impact),,,8
THR-2025-0237,2025-09-13T23:27:29+00:00,Synthetic Fake Portal Domain,Phishing,DOMAIN,password.example.org,Community Submission,35,HIGH,43,FALSE_POSITIVE,2025-09-12T23:27:29+00:00,2025-09-13T23:27:29+00:00,,Synthetic credential-phishing URL observed sending users to a fake account verification page in demo logs. ,Initial Access,T1566.002 (Phishing: Spearphishing Link),,,2
THR-2025-0238,2025-05-01T23:27:29+00:00,Synthetic Beaconing Host Indicator,Network Threats,URL,http://login.invalid/update-password,Security Vendor,55,INFORMATIONAL,35,NEW,2025-04-06T23:27:29+00:00,2025-05-01T23:27:29+00:00,Asia-Pacific,Synthetic network indicator recorded in demo telemetry. Limited contextual evidence. ,,,,,4
THR-2025-0239,2025-02-25T23:27:29+00:00,Demo Password Spray Observation,Credential Theft,URL,http://signin.billing.invalid/login,Internal SOC,70,HIGH,57,MONITORING,2025-02-08T23:27:29+00:00,2025-02-25T23:27:29+00:00,Global,Synthetic credential-harvesting page observed in demo telemetry; the page mimics a password store sign-in form. ,Credential Access,T1555 (Credentials from Password Stores),,,3
THR-2025-0240,2025-02-24T23:27:29+00:00,Demo Ransomware C2 Observation,Ransomware,FILE HASH,296b7b33279578ac6be5d1d7a9c0dc0ac1dcd0a7,Public Threat Feed,40,MEDIUM,44,CLOSED,2025-01-25T23:27:29+00:00,2025-02-24T23:27:29+00:00,Unknown,Synthetic ransomware sample observed in demo telemetry; the sample attempts file encryption of user documents and inhibits system recovery options. ,Impact,T1486 (Data Encrypted for Impact),,,8
THR-2025-0241,2025-08-03T23:27:29+00:00,Synthetic C2 Callback Observation,Network Threats,IP ADDRESS,192.0.2.80,Security Vendor,55,MEDIUM,50,CLOSED,2025-07-26T23:27:29+00:00,2025-08-03T23:27:29+00:00,Asia-Pacific,Synthetic network indicator recorded in demo telemetry. Limited contextual evidence. ,,,,,7
THR-2025-0242,2025-05-05T23:27:29+00:00,Demo SMiShing Sender Observation,Social Engineering,IP ADDRESS,198.51.100.46,Security Vendor,55,HIGH,52,NEW,2025-04-08T23:27:29+00:00,2025-05-05T23:27:29+00:00,Europe,Synthetic indicator reported through the demo social-engineering reporting channel. Context is limited. ,,,,,1
THR-2026-0216,2026-01-28T23:27:29+00:00,Synthetic Phishing Infrastructure Sighting,Phishing,FILE HASH,3ed6b48e0484fce15c50a7a6b7788133,Community Submission,45,MEDIUM,41,MONITORING,2026-01-19T23:27:29+00:00,2026-01-28T23:27:29+00:00,Unknown,Synthetic credential-phishing URL observed sending users to a fake account verification page in demo logs. ,Initial Access,T1566.002 (Phishing: Spearphishing Link),,,1
THR-2025-0243,2025-05-26T23:27:29+00:00,Synthetic Credential Harvester Sighting,Credential Theft,URL,http://payment.demo.invalid/auth/check,Internal SOC,65,LOW,41,MONITORING,2025-05-15T23:27:29+00:00,2025-05-26T23:27:29+00:00,North America,Synthetic credential stuffing activity observed in demo telemetry; high volume of brute force attempts against login endpoints from shared infrastructure. ,Credential Access,T1110 (Brute Force),,,1
THR-2025-0244,2025-12-27T23:27:29+00:00,Synthetic Lookalike Domain Alert,Phishing,FILE HASH,bcb1547189ecd862b389817fa82e34ab0effa59c68eb2a0d4378ee621802330d,Internal SOC,80,HIGH,64,UNDER_REVIEW,2025-12-20T23:27:29+00:00,2025-12-27T23:27:29+00:00,Middle East & Africa,Synthetic credential-phishing URL observed sending users to a fake account verification page in demo logs. ,Initial Access,T1566.002 (Phishing: Spearphishing Link),,,4
THR-2026-0217,2026-08-20T23:27:29+00:00,Synthetic Vulnerability Exposure Record,Vulnerability Exposure,URL,https://auth.invalid/login,Public Threat Feed,55,MEDIUM,51,MONITORING,2026-07-26T23:27:29+00:00,2026-08-20T23:27:29+00:00,North America,Synthetic vulnerability exposure record; demo asset inventory shows an unpatched public-facing service with a known exploit path. Defensive awareness only. ,Initial Access,T1190 (Exploit Public-Facing Application),CVE-2024-900010,,2
THR-2025-0245,2025-04-22T23:27:29+00:00,Demo Phishing Campaign Indicator,Phishing,FILE HASH,f53c664f9994659297e406ab9a6f93e833833160,Security Vendor,50,MEDIUM,41,MONITORING,2025-04-13T23:27:29+00:00,2025-04-22T23:27:29+00:00,Europe,Synthetic indicator of possible phishing relevance observed in demo telemetry. Insufficient behavioural context for further classification. ,,,,,1
THR-2025-0246,2025-01-08T23:27:29+00:00,Demo Brute Force Activity,Credential Theft,DOMAIN,support.support.invalid,Security Vendor,55,HIGH,56,MONITORING,2025-01-05T23:27:29+00:00,2025-01-08T23:27:29+00:00,Asia-Pacific,Synthetic credential stuffing activity observed in demo telemetry; high volume of brute force attempts against login endpoints from shared infrastructure. ,Credential Access,T1110 (Brute Force),,,7
THR-2025-0247,2025-07-14T23:27:29+00:00,Demo Vishing Campaign Indicator,Social Engineering,DOMAIN,signin.portal.invalid,Community Submission,40,LOW,34,UNDER_REVIEW,2025-06-30T23:27:29+00:00,2025-07-14T23:27:29+00:00,Latin America,Synthetic SMiShing campaign indicator observed in demo data; messages impersonate a delivery service with a QR code lure. ,Initial Access,T1566.003 (Phishing: Spearphishing Voice),,,3
THR-2025-0248,2025-07-08T23:27:29+00:00,Synthetic Lookalike Domain Alert,Phishing,URL,https://support.example.com/portal/verify,Security Vendor,55,MEDIUM,48,MONITORING,2025-07-06T23:27:29+00:00,2025-07-08T23:27:29+00:00,Asia-Pacific,Synthetic phishing lure domain observed in demo telemetry; the domain mimics a login verification portal. Indicator is analysed as data only - never visited. ,Initial Access,T1566.002 (Phishing: Spearphishing Link),,,5
THR-2026-0218,2026-04-13T23:27:29+00:00,Synthetic Beaconing Host Indicator,Network Threats,IP ADDRESS,2001:db8:86f:::8281,Community Submission,60,MEDIUM,55,CLOSED,2026-04-09T23:27:29+00:00,2026-04-13T23:27:29+00:00,Unknown,Synthetic network indicator recorded in demo telemetry. Limited contextual evidence. ,,,,,6
THR-2024-0048,2024-11-16T23:27:29+00:00,Synthetic Credential Harvester Sighting,Credential Theft,IP ADDRESS,198.51.100.18,Community Submission,45,LOW,42,UNDER_REVIEW,2024-11-16T23:27:29+00:00,2024-11-16T23:27:29+00:00,Unknown,Synthetic credential-harvesting page observed in demo telemetry; the page mimics a password store sign-in form. ,Credential Access,T1555 (Credentials from Password Stores),,,5
THR-2025-0249,2025-07-11T23:27:29+00:00,Synthetic Phishing Infrastructure Sighting,Phishing,URL,https://account.login.invalid/account/confirm,Research Report,55,HIGH,56,NEW,2025-06-16T23:27:29+00:00,2025-07-11T23:27:29+00:00,Latin America,Synthetic indicator of possible phishing relevance observed in demo telemetry. Insufficient behavioural context for further classification. ,,,,,6
THR-2026-0219,2026-06-03T23:27:29+00:00,Synthetic Ransomware Sample,Ransomware,FILE HASH,6ece4cc273cfad9938fe911c0584ec910d51262e22a6158a9f4b0dbe04f77aba,Security Vendor,75,HIGH,65,MONITORING,2026-06-01T23:27:29+00:00,2026-06-03T23:27:29+00:00,Europe,Synthetic ransomware indicator observed in demo data; associated with service stop behaviour prior to encryption and data extortion staging. ,Impact,T1486 (Data Encrypted for Impact),,,5
THR-2025-0250,2025-09-16T23:27:29+00:00,Synthetic Ransomware Sample,Ransomware,FILE HASH,d4c581283a5c06e32c6623e2324699ab43a77c176cd95a45c5e56ecf77b53e57,Community Submission,40,LOW,38,CLOSED,2025-09-10T23:27:29+00:00,2025-09-16T23:27:29+00:00,Middle East & Africa,Synthetic indicator tentatively associated with ransomware activity in demo data. Behavioural context is not yet available. ,,,,,8
THR-2026-0220,2026-06-13T23:27:29+00:00,Synthetic Vulnerability Exposure Record,Vulnerability Exposure,URL,https://updates.invalid/password-reset/verify,Research Report,75,MEDIUM,59,NEW,2026-06-03T23:27:29+00:00,2026-06-13T23:27:29+00:00,Unknown,Synthetic vulnerability-related indicator from demo asset review. Detailed context pending. ,,,CVE-2026-900020,,5
THR-2025-0251,2025-11-16T23:27:29+00:00,Synthetic CEO Fraud Domain,Social Engineering,URL,http://demo.invalid/document.html,Public Threat Feed,50,MEDIUM,50,UNDER_REVIEW,2025-10-21T23:27:29+00:00,2025-11-16T23:27:29+00:00,Global,Synthetic SMiShing campaign indicator observed in demo data; messages impersonate a delivery service with a QR code lure. ,Initial Access,T1566.003 (Phishing: Spearphishing Voice),,,8
THR-2025-0252,2025-06-15T23:27:29+00:00,Synthetic Malware Sample Hash,Malware,IP ADDRESS,198.51.100.222,Internal SOC,75,LOW,53,NEW,2025-05-28T23:27:29+00:00,2025-06-15T23:27:29+00:00,Global,Synthetic malware hash observed in demo telemetry; sample behaves as a downloader that executes an obfuscated payload and establishes C2 callback traffic. ,Execution,T1204.002 (User Execution: Malicious File),,,5
THR-2025-0253,2025-03-15T23:27:29+00:00,Synthetic Exploitable Service Observation,Vulnerability Exposure,CVE ID,CVE-2024-900025,Internal SOC,75,HIGH,67,NEW,2025-03-09T23:27:29+00:00,2025-03-15T23:27:29+00:00,Middle East & Africa,Synthetic exploitable service observation; demo scanning metadata indicates exposure requiring patch review. ,Initial Access,T1190 (Exploit Public-Facing Application),CVE-2024-900025,,8
THR-2025-0254,2025-03-05T23:27:29+00:00,Synthetic Lookalike Domain Alert,Phishing,URL,https://secure.invalid/password-reset/verify,Internal SOC,70,MEDIUM,51,MONITORING,2025-03-01T23:27:29+00:00,2025-03-05T23:27:29+00:00,North America,Synthetic indicator of possible phishing relevance observed in demo telemetry. Insufficient behavioural context for further classification. ,,,,,3
THR-2025-0255,2025-03-11T23:27:29+00:00,Demo Phishing Campaign Indicator,Phishing,EMAIL DOMAIN,cloud-backup.billing.invalid,Research Report,55,MEDIUM,45,NEW,2025-02-13T23:27:29+00:00,2025-03-11T23:27:29+00:00,Unknown,Synthetic phishing lure domain observed in demo telemetry; the domain mimics a login verification portal. Indicator is analysed as data only - never visited. ,Initial Access,T1566.002 (Phishing: Spearphishing Link),,,3
THR-2025-0256,2025-04-10T23:27:29+00:00,Demo Downloader Hash Observation,Malware,FILE HASH,6545d0a05454dd18e70d69b936f3af8a,Security Vendor,55,MEDIUM,50,MONITORING,2025-03-19T23:27:29+00:00,2025-04-10T23:27:29+00:00,Europe,Synthetic trojan hash sighted in demo data; associated with credential dumping behaviour in the sandbox report. ,,,,,9
THR-2024-0049,2024-11-25T23:27:29+00:00,Synthetic Backdoor Beacon Observation,Malware,FILE HASH,c097efaf178fd997d5d41c3ce9ac60a059aba898001a20ba4e9e8ce0745b214b,Public Threat Feed,35,HIGH,43,MONITORING,2024-11-25T23:27:29+00:00,2024-11-25T23:27:29+00:00,,Synthetic trojan hash sighted in demo data; associated with credential dumping behaviour in the sandbox report. ,,,CVE-2025-900011,,2
THR-2026-0221,2026-01-06T23:27:29+00:00,Synthetic Fake Portal Domain,Phishing,FILE HASH,f8bb42a599685150285cabdd87c9dc11d19ce5860f77512d2f5cbddf23655f7a,Security Vendor,65,LOW,50,UNDER_REVIEW,2026-01-01T23:27:29+00:00,2026-01-06T23:27:29+00:00,Middle East & Africa,Synthetic indicator of possible phishing relevance observed in demo telemetry. Insufficient behavioural context for further classification. ,,,,,7
THR-2025-0257,2025-11-14T23:27:29+00:00,Synthetic Fake Portal Domain,Phishing,URL,https://notify.portal.invalid/portal/verify,Public Threat Feed,50,CRITICAL,62,MONITORING,2025-10-30T23:27:29+00:00,2025-11-14T23:27:29+00:00,Latin America,Synthetic credential-phishing URL observed sending users to a fake account verification page in demo logs. ,Initial Access,T1566.002 (Phishing: Spearphishing Link),,,6
THR-2025-0258,2025-07-24T23:27:29+00:00,Synthetic Loader Hash Sighting,Malware,IP ADDRESS,192.0.2.183,Community Submission,40,HIGH,50,UNDER_REVIEW,2025-07-13T23:27:29+00:00,2025-07-24T23:27:29+00:00,Global,Synthetic trojan hash sighted in demo data; associated with credential dumping behaviour in the sandbox report. ,,,,,6
THR-2025-0259,2025-06-05T23:27:29+00:00,Demo Unpatched Service Indicator,Vulnerability Exposure,URL,https://notify.secure.invalid/auth/check,Community Submission,40,INFORMATIONAL,29,MONITORING,2025-06-04T23:27:29+00:00,2025-06-05T23:27:29+00:00,North America,Synthetic vulnerability exposure record; demo asset inventory shows an unpatched public-facing service with a known exploit path. Defensive awareness only. ,Initial Access,T1190 (Exploit Public-Facing Application),CVE-2025-900001,,4
THR-2026-0222,2026-07-21T23:27:29+00:00,Synthetic Backdoor Beacon Observation,Malware,FILE HASH,aa7ecc16eb4bcd32ca52f2f4dd8b6078226c777e79599324d40dcc9b670acec0,Internal SOC,90,HIGH,76,FALSE_POSITIVE,2026-07-08T23:27:29+00:00,2026-07-21T23:27:29+00:00,Europe,Synthetic malware hash observed in demo telemetry; sample behaves as a downloader that executes an obfuscated payload and establishes C2 callback traffic. ,Execution,T1204.002 (User Execution: Malicious File),,,8
THR-2025-0260,2025-08-09T23:27:29+00:00,Synthetic Ransomware Sample,Ransomware,FILE HASH,7c073fde683edfe0e95a6c504b413e2f,Research Report,55,MEDIUM,48,UNDER_REVIEW,2025-07-31T23:27:29+00:00,2025-08-09T23:27:29+00:00,Asia-Pacific,Synthetic ransomware sample observed in demo telemetry; the sample attempts file encryption of user documents and inhibits system recovery options. ,Impact,T1486 (Data Encrypted for Impact),,,5
THR-2025-0261,2025-07-08T23:27:29+00:00,Synthetic Exploit Kit Domain,Web Threats,IP ADDRESS,198.51.100.244,Internal SOC,70,MEDIUM,56,CLOSED,2025-07-01T23:27:29+00:00,2025-07-08T23:27:29+00:00,Europe,Synthetic web attack indicator observed in demo telemetry; exploitation attempts against a public-facing application were recorded in demo logs. ,Initial Access,T1190 (Exploit Public-Facing Application),,,9
THR-2025-0262,2025-03-27T23:27:29+00:00,Synthetic Exploit Kit Domain,Web Threats,IP ADDRESS,203.0.113.164,Community Submission,45,MEDIUM,50,MONITORING,2025-03-11T23:27:29+00:00,2025-03-27T23:27:29+00:00,Asia-Pacific,Synthetic indicator observed in web-monitoring demo data. No specific technique context available. ,,,,,9
THR-2025-0263,2025-01-08T23:27:29+00:00,Demo SMiShing Sender Observation,Social Engineering,URL,https://secure.invalid/document.html,Public Threat Feed,40,HIGH,46,NEW,2025-01-04T23:27:29+00:00,2025-01-08T23:27:29+00:00,,Synthetic indicator reported through the demo social-engineering reporting channel. Context is limited. ,,,,,3
THR-2025-0264,2025-11-29T23:27:29+00:00,Demo Drive-by Download Serving Domain,Web Threats,DOMAIN,signin.example.net,Public Threat Feed,50,LOW,42,MONITORING,2025-11-02T23:27:29+00:00,2025-11-29T23:27:29+00:00,,Synthetic drive-by domain observed in demo data; client browser exploitation behaviour was simulated. ,Initial Access,T1190 (Exploit Public-Facing Application),,,5
THR-2026-0223,2026-03-17T23:27:29+00:00,Synthetic Impersonation Attempt,Social Engineering,DOMAIN,cloud-backup.example.net,Research Report,65,MEDIUM,56,MONITORING,2026-03-17T23:27:29+00:00,2026-03-17T23:27:29+00:00,Global,Synthetic SMiShing campaign indicator observed in demo data; messages impersonate a delivery service with a QR code lure. ,Initial Access,T1566.003 (Phishing: Spearphishing Voice),,,9
THR-2026-0224,2026-07-10T23:27:29+00:00,Synthetic Ransomware Sample,Ransomware,DOMAIN,support.example.org,Security Vendor,70,MEDIUM,55,NEW,2026-06-11T23:27:29+00:00,2026-07-10T23:27:29+00:00,Europe,Synthetic ransomware indicator observed in demo data; associated with service stop behaviour prior to encryption and data extortion staging. ,Impact,T1486 (Data Encrypted for Impact),,,1
THR-2026-0225,2026-04-08T23:27:29+00:00,Demo Abnormal Login Pattern Observation,Account Security,IP ADDRESS,198.51.100.153,Unknown Source,35,MEDIUM,47,FALSE_POSITIVE,2026-04-04T23:27:29+00:00,2026-04-08T23:27:29+00:00,Europe,Synthetic indicator from demo account-monitoring telemetry. Context is limited. ,Persistence,T1136 (Create Account),,,6
THR-2024-0050,2024-12-12T23:27:29+00:00,Demo Credential Phishing Observation,Phishing,EMAIL DOMAIN,hr-notice.login.invalid,Public Threat Feed,40,HIGH,48,CLOSED,2024-12-09T23:27:29+00:00,2024-12-12T23:27:29+00:00,North America,Synthetic credential-phishing URL observed sending users to a fake account verification page in demo logs. ,Initial Access,T1566.002 (Phishing: Spearphishing Link),,,5
THR-2025-0265,2025-02-17T23:27:29+00:00,Synthetic Trojan Hash Indicator,Malware,FILE HASH,036ebeae7897e21aee59c485c3bc7fda7e0969c3b94d967ea626236f1947b901,Security Vendor,50,MEDIUM,41,NEW,2025-02-01T23:27:29+00:00,2025-02-17T23:27:29+00:00,Asia-Pacific,Synthetic trojan hash sighted in demo data; associated with credential dumping behaviour in the sandbox report. ,,,CVE-2024-900017,,1
THR-2025-0266,2025-04-15T23:27:29+00:00,Demo Exfiltration Endpoint Indicator,Data Exposure,IP ADDRESS,198.51.100.44,Public Threat Feed,45,LOW,42,CLOSED,2025-03-31T23:27:29+00:00,2025-04-15T23:27:29+00:00,Asia-Pacific,Synthetic e-mail collection behaviour observed in demo data; mailbox export activity was simulated. ,Collection,T1114 (Email Collection),,,5
THR-2026-0226,2026-03-19T23:27:29+00:00,Demo Exfiltration Endpoint Indicator,Data Exposure,DOMAIN,docusign-view.updates.invalid,Community Submission,50,CRITICAL,58,MONITORING,2026-03-09T23:27:29+00:00,2026-03-19T23:27:29+00:00,,Synthetic exfiltration observation in demo telemetry; large outbound transfer attempts to an external endpoint were recorded. ,Exfiltration,T1048 (Exfiltration Over Alternative Protocol),,,3
THR-2025-0267,2025-04-11T23:27:29+00:00,Synthetic Ransomware Note Indicator,Ransomware,URL,http://portal-verify.updates.invalid/portal/verify,Public Threat Feed,40,HIGH,48,MONITORING,2025-03-25T23:27:29+00:00,2025-04-11T23:27:29+00:00,Europe,Synthetic ransomware indicator observed in demo data; associated with service stop behaviour prior to encryption and data extortion staging. ,Impact,T1486 (Data Encrypted for Impact),,,5
THR-2026-0227,2026-03-16T23:27:29+00:00,Synthetic Account Takeover Risk Indicator,Account Security,IP ADDRESS,198.51.100.75,Security Vendor,65,MEDIUM,60,CLOSED,2026-02-17T23:27:29+00:00,2026-03-16T23:27:29+00:00,Unknown,Synthetic indicator from demo account-monitoring telemetry. Context is limited. ,Persistence,T1136 (Create Account),,,7
THR-2025-0268,2025-08-26T23:27:29+00:00,Synthetic Public Leak Domain Sighting,Data Exposure,IP ADDRESS,192.0.2.105,Security Vendor,55,HIGH,56,UNDER_REVIEW,2025-08-18T23:27:29+00:00,2025-08-26T23:27:29+00:00,Middle East & Africa,Synthetic exfiltration observation in demo telemetry; large outbound transfer attempts to an external endpoint were recorded. ,Exfiltration,T1048 (Exfiltration Over Alternative Protocol),,,7
THR-2026-0228,2026-03-14T23:27:29+00:00,Synthetic C2 Callback Observation,Network Threats,IP ADDRESS,203.0.113.194,Public Threat Feed,55,LOW,49,UNDER_REVIEW,2026-02-25T23:27:29+00:00,2026-03-14T23:27:29+00:00,Asia-Pacific,Synthetic network indicator recorded in demo telemetry. Limited contextual evidence. ,,,,,8
THR-2024-0051,2024-12-01T23:27:29+00:00,Synthetic Ransomware Sample,Ransomware,FILE HASH,40c58f8fa4754721ccd5a6767805393cea189f093edccc4658fb1be5e49d74b4,Public Threat Feed,40,HIGH,50,NEW,2024-11-08T23:27:29+00:00,2024-12-01T23:27:29+00:00,North America,Synthetic indicator tentatively associated with ransomware activity in demo data. Behavioural context is not yet available. ,,,,,9
THR-2026-0229,2026-06-23T23:27:29+00:00,Synthetic Exploit Kit Domain,Web Threats,DOMAIN,password.billing.invalid,Security Vendor,75,CRITICAL,74,CLOSED,2026-06-23T23:27:29+00:00,2026-06-23T23:27:29+00:00,Asia-Pacific,Synthetic web attack indicator observed in demo telemetry; exploitation attempts against a public-facing application were recorded in demo logs. ,Initial Access,T1190 (Exploit Public-Facing Application),,,8
THR-2025-0269,2025-04-15T23:27:29+00:00,Synthetic CEO Fraud Domain,Social Engineering,DOMAIN,invoice.example.org,Public Threat Feed,35,MEDIUM,37,FALSE_POSITIVE,2025-03-29T23:27:29+00:00,2025-04-15T23:27:29+00:00,Latin America,Synthetic indicator reported through the demo social-engineering reporting channel. Context is limited. ,,,,,2
THR-2026-0230,2026-06-21T23:27:29+00:00,Demo Malware Distribution Observation,Malware,FILE HASH,a35f26ea644e639aa3c3c4cd73bc07d2e41bf6752f35dfc14e15d29df462a305,Internal SOC,90,CRITICAL,80,CLOSED,2026-06-12T23:27:29+00:00,2026-06-21T23:27:29+00:00,Europe,Synthetic trojan hash sighted in demo data; associated with credential dumping behaviour in the sandbox report. ,,,,,9
THR-2026-0231,2026-06-22T23:27:29+00:00,Synthetic Loader Hash Sighting,Malware,FILE HASH,862cf0d678585e1e640bff91a0c6e50338e1edbcc296b719803995f18bc19061,Security Vendor,75,CRITICAL,72,MONITORING,2026-06-07T23:27:29+00:00,2026-06-22T23:27:29+00:00,,Synthetic malware hash observed in demo telemetry; sample behaves as a downloader that executes an obfuscated payload and establishes C2 callback traffic. ,Execution,T1204.002 (User Execution: Malicious File),,,5
THR-2026-0232,2026-08-13T23:27:29+00:00,Demo Malware Distribution Observation,Malware,FILE HASH,fcbded73cc5260ff4d96874e42eafbd564f10ccf8a0593dc04a2e2876684abfd,Research Report,75,HIGH,70,MONITORING,2026-08-09T23:27:29+00:00,2026-08-13T23:27:29+00:00,Unknown,Synthetic malware hash observed in demo telemetry; sample behaves as a downloader that executes an obfuscated payload and establishes C2 callback traffic. ,Execution,T1204.002 (User Execution: Malicious File),,,6
THR-2025-0270,2025-08-11T23:27:29+00:00,Synthetic Web Injection Observation,Web Threats,URL,http://mail.example.org/auth/check,Security Vendor,50,LOW,36,FALSE_POSITIVE,2025-07-18T23:27:29+00:00,2025-08-11T23:27:29+00:00,,Synthetic drive-by domain observed in demo data; client browser exploitation behaviour was simulated. ,Initial Access,T1190 (Exploit Public-Facing Application),,,2
THR-2026-0233,2026-01-21T23:27:29+00:00,Demo Downloader Hash Observation,Malware,DOMAIN,login.demo.invalid,Community Submission,50,CRITICAL,58,NEW,2026-01-06T23:27:29+00:00,2026-01-21T23:27:29+00:00,Europe,"Synthetic hash observed in demo telemetry. No behavioural report is available, so classification remains general. ",,,,,3
THR-2025-0271,2025-05-25T23:27:29+00:00,Synthetic Fake Portal Domain,Phishing,URL,https://verify.support.invalid/password-reset/verify,Community Submission,40,LOW,34,MONITORING,2025-04-30T23:27:29+00:00,2025-05-25T23:27:29+00:00,,Synthetic phishing lure domain observed in demo telemetry; the domain mimics a login verification portal. Indicator is analysed as data only - never visited. ,Initial Access,T1566.002 (Phishing: Spearphishing Link),,,3
THR-2025-0272,2025-06-30T23:27:29+00:00,Demo Abnormal Login Pattern Observation,Account Security,IP ADDRESS,198.51.100.127,Security Vendor,60,CRITICAL,68,CLOSED,2025-06-07T23:27:29+00:00,2025-06-30T23:27:29+00:00,Asia-Pacific,Synthetic account takeover risk indicator; demo telemetry shows compromised valid accounts used from unusual locations. ,Persistence,T1136 (Create Account),,,8
THR-2025-0273,2025-07-27T23:27:29+00:00,Demo Phishing Campaign Indicator,Phishing,DOMAIN,account.demo.invalid,Security Vendor,55,HIGH,54,CLOSED,2025-07-18T23:27:29+00:00,2025-07-27T23:27:29+00:00,Global,Synthetic indicator of possible phishing relevance observed in demo telemetry. Insufficient behavioural context for further classification. ,,,,,5
THR-2025-0274,2025-07-27T23:27:29+00:00,Demo Password Spray Observation,Credential Theft,IP ADDRESS,198.51.100.72,Community Submission,50,MEDIUM,49,UNDER_REVIEW,2025-07-16T23:27:29+00:00,2025-07-27T23:27:29+00:00,Latin America,Synthetic credential stuffing activity observed in demo telemetry; high volume of brute force attempts against login endpoints from shared infrastructure. ,Credential Access,T1110 (Brute Force),,,5
THR-2026-0234,2026-07-11T23:27:29+00:00,Synthetic Phishing Lure Domain,Phishing,URL,http://mail.invalid/verify-account.html,Security Vendor,75,LOW,56,NEW,2026-06-11T23:27:29+00:00,2026-07-11T23:27:29+00:00,Global,Synthetic phishing lure domain observed in demo telemetry; the domain mimics a login verification portal. Indicator is analysed as data only - never visited. ,Initial Access,T1566.002 (Phishing: Spearphishing Link),,,5
THR-2026-0235,2026-10-04T23:27:29+00:00,Synthetic Beaconing Host Indicator,Network Threats,IP ADDRESS,203.0.113.41,Community Submission,60,LOW,55,UNDER_REVIEW,2026-10-02T23:27:29+00:00,2026-10-04T23:27:29+00:00,Europe,Synthetic command-and-control channel observed in demo telemetry; host beacon traffic to a C2 endpoint was recorded. ,Command and Control,T1071 (Application Layer Protocol),,,5
THR-2025-0275,2025-11-21T23:27:29+00:00,Demo Downloader Hash Observation,Malware,FILE HASH,91eb8fd219c087ee5c16f4a5ce88059b984529d7966fc2ebd016f9277dd26a5e,Internal SOC,80,HIGH,68,MONITORING,2025-10-29T23:27:29+00:00,2025-11-21T23:27:29+00:00,Asia-Pacific,"Synthetic hash observed in demo telemetry. No behavioural report is available, so classification remains general. ",,,,,7
THR-2025-0276,2025-09-13T23:27:29+00:00,Synthetic Credential Stuffing Observation,Credential Theft,IP ADDRESS,198.51.100.101,Research Report,55,MEDIUM,48,MONITORING,2025-08-26T23:27:29+00:00,2025-09-13T23:27:29+00:00,Middle East & Africa,Synthetic indicator observed during credential-abuse monitoring in demo telemetry. Context is limited. ,,,,,5
THR-2025-0277,2025-02-05T23:27:29+00:00,Demo Ransomware Payload Hash,Ransomware,FILE HASH,a9ee225520452c87e0ff7523c9408ae9e52c15fa,Internal SOC,70,CRITICAL,67,FALSE_POSITIVE,2025-01-27T23:27:29+00:00,2025-02-05T23:27:29+00:00,Global,Synthetic indicator tentatively associated with ransomware activity in demo data. Behavioural context is not yet available. ,,,,,5
THR-2026-0236,2026-08-27T23:27:29+00:00,Synthetic Fake Portal Domain,Phishing,FILE HASH,e497a1b141ef79280fb946a295d9b8549e9f0aa288f6591dc1ea511eca738dd7,Security Vendor,70,MEDIUM,56,UNDER_REVIEW,2026-07-31T23:27:29+00:00,2026-08-27T23:27:29+00:00,North America,Synthetic indicator of possible phishing relevance observed in demo telemetry. Insufficient behavioural context for further classification. ,,,,,2
THR-2026-0237,2026-06-26T23:27:29+00:00,Synthetic Credential Stuffing Observation,Credential Theft,DOMAIN,account.auth.invalid,Internal SOC,90,HIGH,73,MONITORING,2026-05-27T23:27:29+00:00,2026-06-26T23:27:29+00:00,Global,Synthetic credential stuffing activity observed in demo telemetry; high volume of brute force attempts against login endpoints from shared infrastructure. ,Credential Access,T1110 (Brute Force),,,8
THR-2025-0278,2025-06-03T23:27:29+00:00,Synthetic Phishing Lure Domain,Phishing,FILE HASH,93422b7fb8e12bbd74e6f59459cf903cc7f1d7b94a5a2d4388016453b4d3f0f4,Community Submission,40,HIGH,50,CLOSED,2025-05-29T23:27:29+00:00,2025-06-03T23:27:29+00:00,Europe,Synthetic phishing lure domain observed in demo telemetry; the domain mimics a login verification portal. Indicator is analysed as data only - never visited. ,Initial Access,T1566.002 (Phishing: Spearphishing Link),,,6
THR-2025-0279,2025-06-16T23:27:29+00:00,Synthetic Credential Harvester Sighting,Credential Theft,IP ADDRESS,203.0.113.214,Security Vendor,55,HIGH,57,MONITORING,2025-06-13T23:27:29+00:00,2025-06-16T23:27:29+00:00,,Synthetic credential-harvesting page observed in demo telemetry; the page mimics a password store sign-in form. ,Credential Access,T1555 (Credentials from Password Stores),,,4
THR-2026-0238,2026-07-09T23:27:29+00:00,Synthetic Phishing Infrastructure Sighting,Phishing,DOMAIN,login.invalid,Internal SOC,90,MEDIUM,70,MONITORING,2026-07-01T23:27:29+00:00,2026-07-09T23:27:29+00:00,Unknown,Synthetic indicator of possible phishing relevance observed in demo telemetry. Insufficient behavioural context for further classification. ,,,,,6
THR-2025-0280,2026-01-05T23:27:29+00:00,Synthetic Backdoor Beacon Observation,Malware,FILE HASH,0bec7515a321bcb9e6ef44231caa1d556a33b48d,Internal SOC,80,MEDIUM,62,MONITORING,2025-12-28T23:27:29+00:00,2026-01-05T23:27:29+00:00,Asia-Pacific,Synthetic trojan hash sighted in demo data; associated with credential dumping behaviour in the sandbox report. ,,,,,9
THR-2026-0239,2026-04-02T23:27:29+00:00,Demo Malware Distribution Observation,Malware,FILE HASH,03f40950b85aaadc6cbf73b5de0d17f0da3c49868761ee50c324f18e2a235fc0,Internal SOC,75,HIGH,58,NEW,2026-04-01T23:27:29+00:00,2026-04-02T23:27:29+00:00,Asia-Pacific,"Synthetic hash observed in demo telemetry. No behavioural report is available, so classification remains general. ",,,,,1
THR-2026-0240,2026-08-16T23:27:29+00:00,Synthetic Backdoor Beacon Observation,Malware,DOMAIN,mail.billing.invalid,Security Vendor,75,INFORMATIONAL,52,CLOSED,2026-08-12T23:27:29+00:00,2026-08-16T23:27:29+00:00,North America,"Synthetic hash observed in demo telemetry. No behavioural report is available, so classification remains general. ",,,CVE-2024-900024,,7
THR-2025-0281,2025-04-05T23:27:29+00:00,Synthetic Credential Harvester Sighting,Credential Theft,DOMAIN,password.demo.invalid,Public Threat Feed,35,CRITICAL,48,UNDER_REVIEW,2025-04-02T23:27:29+00:00,2025-04-05T23:27:29+00:00,Middle East & Africa,Synthetic credential stuffing activity observed in demo telemetry; high volume of brute force attempts against login endpoints from shared infrastructure. ,Credential Access,T1110 (Brute Force),,,1
THR-2026-0241,2026-08-02T23:27:29+00:00,Demo Password Spray Observation,Credential Theft,URL,http://example.com/password-reset/verify,Community Submission,60,INFORMATIONAL,46,NEW,2026-07-20T23:27:29+00:00,2026-08-02T23:27:29+00:00,Latin America,Synthetic indicator observed during credential-abuse monitoring in demo telemetry. Context is limited. ,,,,,9
THR-2026-0242,2026-06-01T23:27:29+00:00,Demo Brute Force Activity,Credential Theft,DOMAIN,password.login.invalid,Internal SOC,90,LOW,56,MONITORING,2026-05-19T23:27:29+00:00,2026-06-01T23:27:29+00:00,Latin America,Synthetic indicator observed during credential-abuse monitoring in demo telemetry. Context is limited. ,,,,,3
THR-2025-0282,2025-06-22T23:27:29+00:00,Synthetic Web Injection Observation,Web Threats,URL,https://account.example.com/account/confirm,Security Vendor,55,CRITICAL,61,NEW,2025-06-11T23:27:29+00:00,2025-06-22T23:27:29+00:00,Middle East & Africa,Synthetic indicator observed in web-monitoring demo data. No specific technique context available. ,,,,,5
THR-2024-0052,2025-01-13T23:27:29+00:00,Synthetic C2 Callback Observation,Network Threats,IP ADDRESS,198.51.100.137,Internal SOC,80,CRITICAL,75,CLOSED,2024-12-16T23:27:29+00:00,2025-01-13T23:27:29+00:00,Latin America,Synthetic scanning behaviour observed in demo data; network service scan attempts were logged from this address. ,Discovery,T1046 (Network Service Discovery),,,6
THR-2026-0243,2026-05-26T23:27:29+00:00,Synthetic Loader Hash Sighting,Malware,FILE HASH,8b9e875e9bc77929f064655039f7ae70de7f4401,Public Threat Feed,60,MEDIUM,56,MONITORING,2026-04-29T23:27:29+00:00,2026-05-26T23:27:29+00:00,Europe,Synthetic malware hash observed in demo telemetry; sample behaves as a downloader that executes an obfuscated payload and establishes C2 callback traffic. ,Execution,T1204.002 (User Execution: Malicious File),,,7
THR-2025-0283,2025-11-22T23:27:29+00:00,Synthetic Backdoor Beacon Observation,Malware,FILE HASH,d70895fa5d0e13460e275a4a6d5d23e80bfe7a29f7effe63b0e6f8307357d12f,Public Threat Feed,45,MEDIUM,42,NEW,2025-11-01T23:27:29+00:00,2025-11-22T23:27:29+00:00,Global,"Synthetic hash observed in demo telemetry. No behavioural report is available, so classification remains general. ",,,,,2
THR-2025-0284,2025-10-25T23:27:29+00:00,Synthetic Credential Harvester Sighting,Credential Theft,IP ADDRESS,192.0.2.67,Public Threat Feed,55,HIGH,61,NEW,2025-10-09T23:27:29+00:00,2025-10-25T23:27:29+00:00,Latin America,Synthetic indicator observed during credential-abuse monitoring in demo telemetry. Context is limited. ,,,,,8
THR-2025-0285,2025-07-19T23:27:29+00:00,Synthetic Ransomware Sample,Ransomware,DOMAIN,billing.example.net,Community Submission,35,LOW,29,CLOSED,2025-06-30T23:27:29+00:00,2025-07-19T23:27:29+00:00,,Synthetic ransomware indicator observed in demo data; associated with service stop behaviour prior to encryption and data extortion staging. ,Impact,T1486 (Data Encrypted for Impact),,,1
THR-2025-0286,2025-09-21T23:27:29+00:00,Synthetic Lookalike Domain Alert,Phishing,DOMAIN,docusign-view.login.invalid,Research Report,55,MEDIUM,47,MONITORING,2025-09-01T23:27:29+00:00,2025-09-21T23:27:29+00:00,Asia-Pacific,Synthetic e-mail attachment campaign observed in demo telemetry distributing phishing documents with credential harvest links. ,Initial Access,T1566.002 (Phishing: Spearphishing Link),,,4
THR-2025-0287,2025-08-07T23:27:29+00:00,Synthetic Public Leak Domain Sighting,Data Exposure,DOMAIN,invoice.mail.invalid,Public Threat Feed,40,HIGH,46,MONITORING,2025-07-30T23:27:29+00:00,2025-08-07T23:27:29+00:00,Unknown,Synthetic exfiltration observation in demo telemetry; large outbound transfer attempts to an external endpoint were recorded. ,Exfiltration,T1048 (Exfiltration Over Alternative Protocol),,,3
THR-2024-0053,2024-11-19T23:27:29+00:00,Demo Malware Distribution Observation,Malware,DOMAIN,team-share.login.invalid,Security Vendor,55,CRITICAL,63,NEW,2024-11-09T23:27:29+00:00,2024-11-19T23:27:29+00:00,Middle East & Africa,Synthetic trojan hash sighted in demo data; associated with credential dumping behaviour in the sandbox report. ,,,,,7
THR-2025-0288,2025-11-30T23:27:29+00:00,Synthetic Trojan Hash Indicator,Malware,IP ADDRESS,203.0.113.237,Internal SOC,80,HIGH,65,MONITORING,2025-11-23T23:27:29+00:00,2025-11-30T23:27:29+00:00,Asia-Pacific,Synthetic trojan hash sighted in demo data; associated with credential dumping behaviour in the sandbox report. ,,,,,2
THR-2026-0244,2026-05-03T23:27:29+00:00,Synthetic Web Injection Observation,Web Threats,URL,https://password.auth.invalid/account/confirm,Security Vendor,75,HIGH,67,UNDER_REVIEW,2026-04-18T23:27:29+00:00,2026-05-03T23:27:29+00:00,Europe,Synthetic web attack indicator observed in demo telemetry; exploitation attempts against a public-facing application were recorded in demo logs. ,Initial Access,T1190 (Exploit Public-Facing Application),,,9
THR-2026-0245,2026-09-27T23:27:29+00:00,Synthetic Impersonation Attempt,Social Engineering,DOMAIN,password.updates.invalid,Public Threat Feed,55,MEDIUM,54,UNDER_REVIEW,2026-09-04T23:27:29+00:00,2026-09-27T23:27:29+00:00,Middle East & Africa,Synthetic SMiShing campaign indicator observed in demo data; messages impersonate a delivery service with a QR code lure. ,Initial Access,T1566.003 (Phishing: Spearphishing Voice),,,1
THR-2025-0289,2025-11-15T23:27:29+00:00,Demo Tor Proxy Exit Observation,Network Threats,URL,https://secure.example.net/secure-update/payment,Security Vendor,65,INFORMATIONAL,43,FALSE_POSITIVE,2025-11-05T23:27:29+00:00,2025-11-15T23:27:29+00:00,Europe,Synthetic command-and-control channel observed in demo telemetry; host beacon traffic to a C2 endpoint was recorded. ,Command and Control,T1071 (Application Layer Protocol),,,6
THR-2026-0246,2026-10-04T23:27:29+00:00,Demo Exfiltration Endpoint Indicator,Data Exposure,IP ADDRESS,192.0.2.123,Community Submission,55,HIGH,61,CLOSED,2026-09-23T23:27:29+00:00,2026-10-04T23:27:29+00:00,,Synthetic e-mail collection behaviour observed in demo data; mailbox export activity was simulated. ,Collection,T1114 (Email Collection),,,2
THR-2025-0290,2025-06-04T23:27:29+00:00,Synthetic Malware Sample Hash,Malware,FILE HASH,c064c13481abb7a7fd648c1751ed7df2ec83b843bec5c9a3a98b3a010c57d993,Community Submission,40,MEDIUM,44,MONITORING,2025-05-26T23:27:29+00:00,2025-06-04T23:27:29+00:00,Asia-Pacific,Synthetic trojan hash sighted in demo data; associated with credential dumping behaviour in the sandbox report. ,,,CVE-2025-900003,,8
THR-2026-0247,2026-04-21T23:27:29+00:00,Demo Brute Force Activity,Credential Theft,IP ADDRESS,192.0.2.209,Research Report,80,LOW,58,MONITORING,2026-04-18T23:27:29+00:00,2026-04-21T23:27:29+00:00,Middle East & Africa,Synthetic indicator observed during credential-abuse monitoring in demo telemetry. Context is limited. ,,,,,5
THR-2025-0291,2025-11-20T23:27:29+00:00,Demo Credential Phishing Observation,Phishing,DOMAIN,mail.example.com,Public Threat Feed,50,HIGH,51,FALSE_POSITIVE,2025-11-18T23:27:29+00:00,2025-11-20T23:27:29+00:00,North America,Synthetic phishing lure domain observed in demo telemetry; the domain mimics a login verification portal. Indicator is analysed as data only - never visited. ,Initial Access,T1566.002 (Phishing: Spearphishing Link),,,3
THR-2025-0292,2025-12-13T23:27:29+00:00,Synthetic Fraudulent Account Creation Indicator,Account Security,IP ADDRESS,203.0.113.180,Security Vendor,80,HIGH,68,UNDER_REVIEW,2025-11-15T23:27:29+00:00,2025-12-13T23:27:29+00:00,Europe,Synthetic account takeover risk indicator; demo telemetry shows compromised valid accounts used from unusual locations. ,Persistence,T1136 (Create Account),,,5
THR-2026-0248,2026-10-04T23:27:29+00:00,Synthetic Backdoor Beacon Observation,Malware,FILE HASH,773d44a00b7c36965499f5c4c4caac20,Public Threat Feed,60,MEDIUM,63,MONITORING,2026-09-21T23:27:29+00:00,2026-10-04T23:27:29+00:00,Asia-Pacific,Synthetic trojan hash sighted in demo data; associated with credential dumping behaviour in the sandbox report. ,,,,,9
THR-2026-0249,2026-08-21T23:27:29+00:00,Synthetic Phishing Infrastructure Sighting,Phishing,URL,https://wire-transfer.updates.invalid/secure-update/payment,Unknown Source,30,HIGH,47,MONITORING,2026-07-23T23:27:29+00:00,2026-08-21T23:27:29+00:00,Unknown,Synthetic indicator of possible phishing relevance observed in demo telemetry. Insufficient behavioural context for further classification. ,,,,,1
THR-2025-0293,2025-02-07T23:27:29+00:00,Synthetic Vulnerability Exposure Record,Vulnerability Exposure,CVE ID,CVE-2026-900014,Security Vendor,50,MEDIUM,42,MONITORING,2025-01-21T23:27:29+00:00,2025-02-07T23:27:29+00:00,Global,Synthetic exploitable service observation; demo scanning metadata indicates exposure requiring patch review. ,Initial Access,T1190 (Exploit Public-Facing Application),CVE-2026-900014,,2
THR-2025-0294,2025-06-28T23:27:29+00:00,Demo Phishing Campaign Indicator,Phishing,URL,http://support.support.invalid/attachment/invoice-2026.zip.html,Internal SOC,65,HIGH,53,UNDER_REVIEW,2025-06-03T23:27:29+00:00,2025-06-28T23:27:29+00:00,,Synthetic indicator of possible phishing relevance observed in demo telemetry. Insufficient behavioural context for further classification. ,,,,,1
THR-2026-0250,2026-05-10T23:27:29+00:00,Demo Unpatched Service Indicator,Vulnerability Exposure,CVE ID,CVE-2024-900016,Public Threat Feed,60,LOW,44,UNDER_REVIEW,2026-05-09T23:27:29+00:00,2026-05-10T23:27:29+00:00,North America,Synthetic vulnerability-related indicator from demo asset review. Detailed context pending. ,,,CVE-2024-900016,,3
THR-2025-0295,2025-04-03T23:27:29+00:00,Demo Malware Distribution Observation,Malware,FILE HASH,5e0bd1022de4fcdcf0599d27afb18570cdae3e2a743cf5802ddae168e77b7aa4,Unknown Source,10,HIGH,34,FALSE_POSITIVE,2025-03-22T23:27:29+00:00,2025-04-03T23:27:29+00:00,Latin America,Synthetic trojan hash sighted in demo data; associated with credential dumping behaviour in the sandbox report. ,,,,,2
THR-2026-0251,2026-07-16T23:27:29+00:00,Demo Malware Distribution Observation,Malware,IP ADDRESS,192.0.2.207,Public Threat Feed,60,HIGH,64,MONITORING,2026-06-25T23:27:29+00:00,2026-07-16T23:27:29+00:00,Latin America,Synthetic malware hash observed in demo telemetry; sample behaves as a downloader that executes an obfuscated payload and establishes C2 callback traffic. ,Execution,T1204.002 (User Execution: Malicious File),CVE-2026-900016,,7
THR-2025-0296,2025-02-10T23:27:29+00:00,Demo SMiShing Sender Observation,Social Engineering,URL,http://team-share.secure.invalid/login,Research Report,50,MEDIUM,41,MONITORING,2025-02-07T23:27:29+00:00,2025-02-10T23:27:29+00:00,,Synthetic indicator reported through the demo social-engineering reporting channel. Context is limited. ,,,,,1
THR-2026-0252,2026-05-18T23:27:29+00:00,Demo Phishing Campaign Indicator,Phishing,DOMAIN,cloud-backup.updates.invalid,Security Vendor,75,MEDIUM,61,MONITORING,2026-04-18T23:27:29+00:00,2026-05-18T23:27:29+00:00,Middle East & Africa,Synthetic indicator of possible phishing relevance observed in demo telemetry. Insufficient behavioural context for further classification. ,,,,,9
THR-2026-0253,2026-08-13T23:27:29+00:00,Synthetic Fake Portal Domain,Phishing,IP ADDRESS,192.0.2.186,Public Threat Feed,65,MEDIUM,63,CLOSED,2026-08-01T23:27:29+00:00,2026-08-13T23:27:29+00:00,Global,Synthetic phishing lure domain observed in demo telemetry; the domain mimics a login verification portal. Indicator is analysed as data only - never visited. ,Initial Access,T1566.002 (Phishing: Spearphishing Link),,,6
THR-2025-0297,2025-03-27T23:27:29+00:00,Demo Ransomware C2 Observation,Ransomware,IP ADDRESS,198.51.100.191,Internal SOC,70,LOW,50,NEW,2025-03-18T23:27:29+00:00,2025-03-27T23:27:29+00:00,Europe,Synthetic ransomware indicator observed in demo data; associated with service stop behaviour prior to encryption and data extortion staging. ,Impact,T1486 (Data Encrypted for Impact),,,6
THR-2026-0254,2026-09-23T23:27:29+00:00,Synthetic Credential Harvester Sighting,Credential Theft,URL,https://account.updates.invalid/secure/login,Public Threat Feed,55,LOW,47,NEW,2026-08-29T23:27:29+00:00,2026-09-23T23:27:29+00:00,Middle East & Africa,Synthetic credential stuffing activity observed in demo telemetry; high volume of brute force attempts against login endpoints from shared infrastructure. ,Credential Access,T1110 (Brute Force),,,2
THR-2025-0298,2025-10-19T23:27:29+00:00,Synthetic Ransomware Note Indicator,Ransomware,FILE HASH,a30da0f3c511ed2bee3d20b679f1037c4a768ca77f1cbf439c567742ce0ffb6f,Research Report,65,LOW,50,NEW,2025-10-11T23:27:29+00:00,2025-10-19T23:27:29+00:00,Asia-Pacific,Synthetic indicator tentatively associated with ransomware activity in demo data. Behavioural context is not yet available. ,,,,,9
THR-2025-0299,2025-09-28T23:27:29+00:00,Synthetic CEO Fraud Domain,Social Engineering,DOMAIN,payment.auth.invalid,Research Report,55,CRITICAL,61,UNDER_REVIEW,2025-09-11T23:27:29+00:00,2025-09-28T23:27:29+00:00,Latin America,Synthetic indicator reported through the demo social-engineering reporting channel. Context is limited. ,,,,,5
THR-2025-0300,2025-07-20T23:27:29+00:00,Demo Ransomware Payload Hash,Ransomware,IP ADDRESS,192.0.2.174,Security Vendor,70,HIGH,64,UNDER_REVIEW,2025-07-19T23:27:29+00:00,2025-07-20T23:27:29+00:00,Global,Synthetic ransomware sample observed in demo telemetry; the sample attempts file encryption of user documents and inhibits system recovery options. ,Impact,T1486 (Data Encrypted for Impact),,,6
THR-2025-0301,2025-11-19T23:27:29+00:00,Synthetic Data Leak Observation,Data Exposure,IP ADDRESS,198.51.100.104,Research Report,65,HIGH,60,NEW,2025-11-03T23:27:29+00:00,2025-11-19T23:27:29+00:00,Unknown,Synthetic indicator associated with possible data-exposure monitoring in demo data. Context is limited. ,,,,,5
THR-2025-0302,2025-07-08T23:27:29+00:00,Synthetic Credential Harvester Sighting,Credential Theft,URL,https://example.com/verify-account.html,Internal SOC,70,MEDIUM,56,FALSE_POSITIVE,2025-06-12T23:27:29+00:00,2025-07-08T23:27:29+00:00,Global,Synthetic indicator observed during credential-abuse monitoring in demo telemetry. Context is limited. ,,,,,7
THR-2025-0303,2025-06-19T23:27:29+00:00,Synthetic Data Leak Observation,Data Exposure,URL,https://auth.invalid/attachment/invoice-2026.zip.html,Security Vendor,55,HIGH,54,FALSE_POSITIVE,2025-05-31T23:27:29+00:00,2025-06-19T23:27:29+00:00,Global,Synthetic indicator associated with possible data-exposure monitoring in demo data. Context is limited. ,,,,,5
THR-2026-0255,2026-03-27T23:27:29+00:00,Demo Tor Proxy Exit Observation,Network Threats,URL,https://demo.invalid/secure/login,Public Threat Feed,50,MEDIUM,50,FALSE_POSITIVE,2026-03-25T23:27:29+00:00,2026-03-27T23:27:29+00:00,North America,Synthetic scanning behaviour observed in demo data; network service scan attempts were logged from this address. ,Discovery,T1046 (Network Service Discovery),,,8
THR-2025-0304,2025-10-04T23:27:29+00:00,Synthetic Phishing Infrastructure Sighting,Phishing,URL,https://helpdesk.secure.invalid/portal/verify,Security Vendor,65,MEDIUM,51,CLOSED,2025-09-22T23:27:29+00:00,2025-10-04T23:27:29+00:00,Unknown,Synthetic credential-phishing URL observed sending users to a fake account verification page in demo logs. ,Initial Access,T1566.002 (Phishing: Spearphishing Link),,,3
THR-2026-0256,2026-06-06T23:27:29+00:00,Synthetic Ransomware Note Indicator,Ransomware,FILE HASH,ea776d6fcc07e33f9b3a48862a079b1383dbb5c5c618a1c9ccba1e4c1037a439,Internal SOC,90,HIGH,70,MONITORING,2026-05-18T23:27:29+00:00,2026-06-06T23:27:29+00:00,Europe,Synthetic ransomware sample observed in demo telemetry; the sample attempts file encryption of user documents and inhibits system recovery options. ,Impact,T1486 (Data Encrypted for Impact),,,4
THR-2025-0305,2025-07-11T23:27:29+00:00,Synthetic Backdoor Beacon Observation,Malware,IP ADDRESS,198.51.100.5,Public Threat Feed,40,CRITICAL,52,FALSE_POSITIVE,2025-07-08T23:27:29+00:00,2025-07-11T23:27:29+00:00,Middle East & Africa,"Synthetic hash observed in demo telemetry. No behavioural report is available, so classification remains general. ",,,,,3
THR-2025-0306,2025-12-19T23:27:29+00:00,Demo Drive-by Download Serving Domain,Web Threats,IP ADDRESS,192.0.2.38,Security Vendor,65,MEDIUM,52,CLOSED,2025-12-17T23:27:29+00:00,2025-12-19T23:27:29+00:00,Latin America,Synthetic indicator observed in web-monitoring demo data. No specific technique context available. ,,,,,4
THR-2025-0307,2025-03-30T23:27:29+00:00,Synthetic Loader Hash Sighting,Malware,IP ADDRESS,203.0.113.12,Research Report,60,LOW,50,MONITORING,2025-03-21T23:27:29+00:00,2025-03-30T23:27:29+00:00,Asia-Pacific,"Synthetic hash observed in demo telemetry. No behavioural report is available, so classification remains general. ",,,,,8
THR-2025-0308,2025-08-03T23:27:29+00:00,Demo Abnormal Login Pattern Observation,Account Security,EMAIL DOMAIN,account.updates.invalid,Internal SOC,70,LOW,50,MONITORING,2025-07-26T23:27:29+00:00,2025-08-03T23:27:29+00:00,North America,Synthetic fraudulent account creation observed in demo telemetry; a new account was created outside standard process. ,Persistence,T1136 (Create Account),,,6
THR-2025-0309,2025-10-22T23:27:29+00:00,Synthetic Fake Portal Domain,Phishing,DOMAIN,team-share.secure.invalid,Research Report,65,HIGH,62,MONITORING,2025-09-30T23:27:29+00:00,2025-10-22T23:27:29+00:00,Global,Synthetic indicator of possible phishing relevance observed in demo telemetry. Insufficient behavioural context for further classification. ,,,,,7
THR-2026-0257,2026-10-04T23:27:29+00:00,Demo Credential Phishing Observation,Phishing,EMAIL DOMAIN,service.example.org,Security Vendor,75,CRITICAL,81,CLOSED,2026-09-21T23:27:29+00:00,2026-10-04T23:27:29+00:00,Unknown,Synthetic indicator of possible phishing relevance observed in demo telemetry. Insufficient behavioural context for further classification. ,,,,,8
THR-2025-0310,2025-04-11T23:27:29+00:00,Synthetic Credential Harvester Sighting,Credential Theft,URL,https://team-share.example.com/login,Public Threat Feed,40,LOW,36,MONITORING,2025-03-16T23:27:29+00:00,2025-04-11T23:27:29+00:00,Middle East & Africa,Synthetic credential stuffing activity observed in demo telemetry; high volume of brute force attempts against login endpoints from shared infrastructure. ,Credential Access,T1110 (Brute Force),,,5
THR-2026-0258,2026-06-22T23:27:29+00:00,Synthetic Web Injection Observation,Web Threats,IP ADDRESS,198.51.100.165,Public Threat Feed,60,CRITICAL,67,MONITORING,2026-06-16T23:27:29+00:00,2026-06-22T23:27:29+00:00,Asia-Pacific,Synthetic indicator observed in web-monitoring demo data. No specific technique context available. ,,,,,3
THR-2025-0311,2025-08-20T23:27:29+00:00,Synthetic Vulnerability Exposure Record,Vulnerability Exposure,URL,https://password.demo.invalid/secure-update/payment,Community Submission,40,HIGH,48,UNDER_REVIEW,2025-08-12T23:27:29+00:00,2025-08-20T23:27:29+00:00,Latin America,Synthetic vulnerability exposure record; demo asset inventory shows an unpatched public-facing service with a known exploit path. Defensive awareness only. ,Initial Access,T1190 (Exploit Public-Facing Application),CVE-2026-900009,,5
THR-2026-0259,2026-04-16T23:27:29+00:00,Demo Port Scan Activity Indicator,Network Threats,URL,https://payment.mail.invalid/auth/check,Internal SOC,90,MEDIUM,64,MONITORING,2026-04-11T23:27:29+00:00,2026-04-16T23:27:29+00:00,North America,Synthetic scanning behaviour observed in demo data; network service scan attempts were logged from this address. ,Discovery,T1046 (Network Service Discovery),,,4
THR-2025-0312,2025-02-25T23:27:29+00:00,Synthetic Credential Harvester Sighting,Credential Theft,URL,http://updates.invalid/attachment/invoice-2026.zip.html,Security Vendor,55,MEDIUM,50,FALSE_POSITIVE,2025-02-06T23:27:29+00:00,2025-02-25T23:27:29+00:00,North America,Synthetic indicator observed during credential-abuse monitoring in demo telemetry. Context is limited. ,,,,,9
THR-2026-0260,2026-07-12T23:27:29+00:00,Demo Phishing Campaign Indicator,Phishing,URL,http://billing.secure.invalid/password-reset/verify,Security Vendor,75,MEDIUM,64,MONITORING,2026-06-26T23:27:29+00:00,2026-07-12T23:27:29+00:00,Europe,Synthetic credential-phishing URL observed sending users to a fake account verification page in demo logs. ,Initial Access,T1566.002 (Phishing: Spearphishing Link),,,8
THR-2026-0261,2026-06-25T23:27:29+00:00,Demo Ransomware C2 Observation,Ransomware,URL,http://auth.invalid/secure-update/payment,Internal SOC,85,HIGH,65,CLOSED,2026-06-08T23:27:29+00:00,2026-06-25T23:27:29+00:00,North America,Synthetic ransomware sample observed in demo telemetry; the sample attempts file encryption of user documents and inhibits system recovery options. ,Impact,T1486 (Data Encrypted for Impact),,,2
THR-2026-0262,2026-06-16T23:27:29+00:00,Synthetic Impersonation Attempt,Social Engineering,DOMAIN,notify.auth.invalid,Research Report,75,HIGH,64,MONITORING,2026-05-31T23:27:29+00:00,2026-06-16T23:27:29+00:00,Latin America,Synthetic SMiShing campaign indicator observed in demo data; messages impersonate a delivery service with a QR code lure. ,Initial Access,T1566.003 (Phishing: Spearphishing Voice),,,4
THR-2026-0263,2026-02-11T23:27:29+00:00,Synthetic Exploit Kit Domain,Web Threats,IP ADDRESS,203.0.113.232,Research Report,65,MEDIUM,52,NEW,2026-01-29T23:27:29+00:00,2026-02-11T23:27:29+00:00,Global,Synthetic drive-by domain observed in demo data; client browser exploitation behaviour was simulated. ,Initial Access,T1190 (Exploit Public-Facing Application),,,4
THR-2025-0313,2025-12-21T23:27:29+00:00,Demo Port Scan Activity Indicator,Network Threats,IP ADDRESS,2001:db8:542:::769,Community Submission,50,HIGH,56,CLOSED,2025-12-01T23:27:29+00:00,2025-12-21T23:27:29+00:00,,Synthetic scanning behaviour observed in demo data; network service scan attempts were logged from this address. ,Discovery,T1046 (Network Service Discovery),,,9
THR-2026-0264,2026-02-15T23:27:29+00:00,Demo SMiShing Sender Observation,Social Engineering,URL,https://portal.support.invalid/invoice/view.html,Internal SOC,75,INFORMATIONAL,40,UNDER_REVIEW,2026-01-22T23:27:29+00:00,2026-02-15T23:27:29+00:00,Asia-Pacific,Synthetic indicator reported through the demo social-engineering reporting channel. Context is limited. ,,,,,1
THR-2025-0314,2025-10-19T23:27:29+00:00,Demo Phishing Campaign Indicator,Phishing,DOMAIN,invoice.demo.invalid,Public Threat Feed,50,MEDIUM,50,MONITORING,2025-10-09T23:27:29+00:00,2025-10-19T23:27:29+00:00,North America,Synthetic indicator of possible phishing relevance observed in demo telemetry. Insufficient behavioural context for further classification. ,,,,,8
THR-2025-0315,2025-02-20T23:27:29+00:00,Synthetic Backdoor Beacon Observation,Malware,FILE HASH,2d43471345934c211b73957cfcfa4e9b9b4a572e,Community Submission,40,HIGH,46,MONITORING,2025-01-25T23:27:29+00:00,2025-02-20T23:27:29+00:00,Latin America,Synthetic trojan hash sighted in demo data; associated with credential dumping behaviour in the sandbox report. ,,,,,3
THR-2025-0316,2025-11-30T23:27:29+00:00,Synthetic Lookalike Domain Alert,Phishing,DOMAIN,helpdesk.demo.invalid,Community Submission,50,HIGH,52,FALSE_POSITIVE,2025-11-22T23:27:29+00:00,2025-11-30T23:27:29+00:00,Global,Synthetic e-mail attachment campaign observed in demo telemetry distributing phishing documents with credential harvest links. ,Initial Access,T1566.002 (Phishing: Spearphishing Link),,,4
THR-2025-0317,2025-09-19T23:27:29+00:00,Synthetic Ransomware Sample,Ransomware,DOMAIN,wire-transfer.mail.invalid,Internal SOC,70,CRITICAL,69,NEW,2025-09-12T23:27:29+00:00,2025-09-19T23:27:29+00:00,,Synthetic indicator tentatively associated with ransomware activity in demo data. Behavioural context is not yet available. ,,,,,8
THR-2025-0318,2025-02-01T23:27:29+00:00,Demo Abnormal Login Pattern Observation,Account Security,IP ADDRESS,203.0.113.140,Public Threat Feed,45,LOW,44,MONITORING,2025-01-25T23:27:29+00:00,2025-02-01T23:27:29+00:00,Asia-Pacific,Synthetic indicator from demo account-monitoring telemetry. Context is limited. ,Persistence,T1136 (Create Account),,,8
THR-2025-0319,2025-12-05T23:27:29+00:00,Demo SMiShing Sender Observation,Social Engineering,EMAIL DOMAIN,billing.demo.invalid,Security Vendor,60,LOW,42,MONITORING,2025-11-09T23:27:29+00:00,2025-12-05T23:27:29+00:00,Europe,Synthetic indicator reported through the demo social-engineering reporting channel. Context is limited. ,,,,,2
THR-2026-0265,2026-02-18T23:27:29+00:00,Demo Phishing Campaign Indicator,Phishing,DOMAIN,hr-notice.updates.invalid,Internal SOC,80,CRITICAL,72,NEW,2026-02-11T23:27:29+00:00,2026-02-18T23:27:29+00:00,Global,Synthetic phishing lure domain observed in demo telemetry; the domain mimics a login verification portal. Indicator is analysed as data only - never visited. ,Initial Access,T1566.002 (Phishing: Spearphishing Link),,,5
THR-2025-0320,2025-01-11T23:27:29+00:00,Demo Port Scan Activity Indicator,Network Threats,DOMAIN,hr-notice.example.org,Public Threat Feed,40,MEDIUM,40,MONITORING,2025-01-11T23:27:29+00:00,2025-01-11T23:27:29+00:00,Asia-Pacific,Synthetic command-and-control channel observed in demo telemetry; host beacon traffic to a C2 endpoint was recorded. ,Command and Control,T1071 (Application Layer Protocol),,,3
THR-2025-0321,2025-04-04T23:27:29+00:00,Synthetic C2 Callback Observation,Network Threats,IP ADDRESS,192.0.2.212,Unknown Source,15,HIGH,42,MONITORING,2025-03-21T23:27:29+00:00,2025-04-04T23:27:29+00:00,Europe,Synthetic scanning behaviour observed in demo data; network service scan attempts were logged from this address. ,Discovery,T1046 (Network Service Discovery),,,9
THR-2025-0322,2025-08-15T23:27:29+00:00,Synthetic Beaconing Host Indicator,Network Threats,DOMAIN,invoice.updates.invalid,Security Vendor,55,LOW,42,MONITORING,2025-07-20T23:27:29+00:00,2025-08-15T23:27:29+00:00,,Synthetic network indicator recorded in demo telemetry. Limited contextual evidence. ,,,,,5
THR-2026-0266,2026-05-03T23:27:29+00:00,Synthetic Malware Sample Hash,Malware,FILE HASH,7dd8452a38cce98bf0f5115262a5bcefd523a617b6b4c28816b8fa164494e219,Security Vendor,70,INFORMATIONAL,40,CLOSED,2026-04-20T23:27:29+00:00,2026-05-03T23:27:29+00:00,Middle East & Africa,"Synthetic hash observed in demo telemetry. No behavioural report is available, so classification remains general. ",,,,,1
THR-2024-0054,2025-01-14T23:27:29+00:00,Synthetic Fake Portal Domain,Phishing,DOMAIN,portal-verify.example.com,Unknown Source,15,LOW,25,NEW,2024-12-15T23:27:29+00:00,2025-01-14T23:27:29+00:00,Asia-Pacific,Synthetic credential-phishing URL observed sending users to a fake account verification page in demo logs. ,Initial Access,T1566.002 (Phishing: Spearphishing Link),,,3
THR-2026-0267,2026-05-24T23:27:29+00:00,Demo Downloader Hash Observation,Malware,FILE HASH,eeea87e82de08932562d9904847ffd0c6316e2467e22d062b766325cc7479f6c,Community Submission,60,HIGH,61,CLOSED,2026-05-03T23:27:29+00:00,2026-05-24T23:27:29+00:00,Middle East & Africa,Synthetic malware hash observed in demo telemetry; sample behaves as a downloader that executes an obfuscated payload and establishes C2 callback traffic. ,Execution,T1204.002 (User Execution: Malicious File),,,6
THR-2025-0323,2025-10-01T23:27:29+00:00,Demo Credential Phishing Observation,Phishing,URL,http://login.login.invalid/password-reset/verify,Internal SOC,70,LOW,48,CLOSED,2025-09-09T23:27:29+00:00,2025-10-01T23:27:29+00:00,Middle East & Africa,Synthetic indicator of possible phishing relevance observed in demo telemetry. Insufficient behavioural context for further classification. ,,,,,5
THR-2024-0055,2025-01-23T23:27:29+00:00,Demo Phishing Campaign Indicator,Phishing,DOMAIN,billing.auth.invalid,Public Threat Feed,35,MEDIUM,37,MONITORING,2024-12-31T23:27:29+00:00,2025-01-23T23:27:29+00:00,Global,Synthetic credential-phishing URL observed sending users to a fake account verification page in demo logs. ,Initial Access,T1566.002 (Phishing: Spearphishing Link),,,2
THR-2026-0268,2026-02-25T23:27:29+00:00,Demo Vishing Campaign Indicator,Social Engineering,DOMAIN,service.updates.invalid,Security Vendor,65,INFORMATIONAL,42,MONITORING,2026-01-30T23:27:29+00:00,2026-02-25T23:27:29+00:00,Asia-Pacific,Synthetic indicator reported through the demo social-engineering reporting channel. Context is limited. ,,,,,5
THR-2025-0324,2025-11-04T23:27:29+00:00,Synthetic Lookalike Domain Alert,Phishing,FILE HASH,0d8f59b6c5a14f20398860ccfc0786bcc14fc99a1cfefb4e201a8f1d3fa3687a,Community Submission,50,HIGH,51,MONITORING,2025-11-04T23:27:29+00:00,2025-11-04T23:27:29+00:00,Latin America,Synthetic credential-phishing URL observed sending users to a fake account verification page in demo logs. ,Initial Access,T1566.002 (Phishing: Spearphishing Link),,,3
THR-2025-0325,2025-04-30T23:27:29+00:00,Demo Phishing Campaign Indicator,Phishing,DOMAIN,secure.mail.invalid,Research Report,55,MEDIUM,48,MONITORING,2025-04-19T23:27:29+00:00,2025-04-30T23:27:29+00:00,Global,Synthetic credential-phishing URL observed sending users to a fake account verification page in demo logs. ,Initial Access,T1566.002 (Phishing: Spearphishing Link),,,5
THR-2025-0326,2025-09-16T23:27:29+00:00,Synthetic Data Leak Observation,Data Exposure,IP ADDRESS,192.0.2.147,Public Threat Feed,40,INFORMATIONAL,32,NEW,2025-09-03T23:27:29+00:00,2025-09-16T23:27:29+00:00,,Synthetic indicator associated with possible data-exposure monitoring in demo data. Context is limited. ,,,,,6
THR-2026-0269,2026-08-14T23:27:29+00:00,Demo SMiShing Sender Observation,Social Engineering,DOMAIN,login.auth.invalid,Security Vendor,75,MEDIUM,59,NEW,2026-07-20T23:27:29+00:00,2026-08-14T23:27:29+00:00,Europe,Synthetic voice-phishing (vishing) attempt observed in demo telemetry; impersonation of the IT helpdesk was reported. ,Initial Access,T1566.003 (Phishing: Spearphishing Voice),,,3
THR-2025-0327,2025-09-17T23:27:29+00:00,Demo Port Scan Activity Indicator,Network Threats,IP ADDRESS,203.0.113.92,Internal SOC,70,LOW,50,MONITORING,2025-08-28T23:27:29+00:00,2025-09-17T23:27:29+00:00,Latin America,Synthetic scanning behaviour observed in demo data; network service scan attempts were logged from this address. ,Discovery,T1046 (Network Service Discovery),,,6
THR-2025-0328,2025-07-14T23:27:29+00:00,Demo Credential Phishing Observation,Phishing,FILE HASH,994fac49918bece12a4b3c9ec8b4a505383719dc69c31f31ed24cc79536defed,Security Vendor,55,MEDIUM,50,MONITORING,2025-06-30T23:27:29+00:00,2025-07-14T23:27:29+00:00,Asia-Pacific,Synthetic e-mail attachment campaign observed in demo telemetry distributing phishing documents with credential harvest links. ,Initial Access,T1566.002 (Phishing: Spearphishing Link),,,6
THR-2025-0329,2025-04-05T23:27:29+00:00,Synthetic Ransomware Note Indicator,Ransomware,FILE HASH,2d6ba682097db168c3c5e84430c9fc68d651fde1,Unknown Source,15,MEDIUM,36,CLOSED,2025-04-04T23:27:29+00:00,2025-04-05T23:27:29+00:00,Asia-Pacific,Synthetic ransomware sample observed in demo telemetry; the sample attempts file encryption of user documents and inhibits system recovery options. ,Impact,T1486 (Data Encrypted for Impact),,,8
THR-2025-0330,2025-11-24T23:27:29+00:00,Synthetic Exploit Kit Domain,Web Threats,IP ADDRESS,2001:db8:5a6:::9569,Security Vendor,65,MEDIUM,55,MONITORING,2025-11-04T23:27:29+00:00,2025-11-24T23:27:29+00:00,,Synthetic indicator observed in web-monitoring demo data. No specific technique context available. ,,,CVE-2024-900027,,6
THR-2025-0331,2025-11-12T23:27:29+00:00,Demo Password Spray Observation,Credential Theft,IP ADDRESS,192.0.2.121,Research Report,70,HIGH,67,CLOSED,2025-10-24T23:27:29+00:00,2025-11-12T23:27:29+00:00,Middle East & Africa,Synthetic credential-harvesting page observed in demo telemetry; the page mimics a password store sign-in form. ,Credential Access,T1555 (Credentials from Password Stores),,,8
THR-2025-0332,2025-03-26T23:27:29+00:00,Demo Phishing Campaign Indicator,Phishing,FILE HASH,6e4f3fea0490030871fd6350fdb7876bb94dd0f26c8e5272e1491411d6375b31,Security Vendor,55,HIGH,51,CLOSED,2025-03-11T23:27:29+00:00,2025-03-26T23:27:29+00:00,Global,Synthetic e-mail attachment campaign observed in demo telemetry distributing phishing documents with credential harvest links. ,Initial Access,T1566.002 (Phishing: Spearphishing Link),,,3
THR-2025-0333,2025-04-02T23:27:29+00:00,Synthetic Loader Hash Sighting,Malware,FILE HASH,445afa0c92d792efbe16aab5df419e87,Research Report,50,LOW,36,FALSE_POSITIVE,2025-03-18T23:27:29+00:00,2025-04-02T23:27:29+00:00,North America,Synthetic malware hash observed in demo telemetry; sample behaves as a downloader that executes an obfuscated payload and establishes C2 callback traffic. ,Execution,T1204.002 (User Execution: Malicious File),,,2
THR-2026-0270,2026-03-01T23:27:29+00:00,Demo SQL Injection Attempt Indicator,Web Threats,IP ADDRESS,192.0.2.11,Research Report,70,HIGH,67,NEW,2026-02-09T23:27:29+00:00,2026-03-01T23:27:29+00:00,Middle East & Africa,Synthetic web attack indicator observed in demo telemetry; exploitation attempts against a public-facing application were recorded in demo logs. ,Initial Access,T1190 (Exploit Public-Facing Application),,,8
THR-2025-0334,2025-06-10T23:27:29+00:00,Demo Phishing Campaign Indicator,Phishing,DOMAIN,account.example.com,Community Submission,40,MEDIUM,42,NEW,2025-05-23T23:27:29+00:00,2025-06-10T23:27:29+00:00,Europe,Synthetic phishing lure domain observed in demo telemetry; the domain mimics a login verification portal. Indicator is analysed as data only - never visited. ,Initial Access,T1566.002 (Phishing: Spearphishing Link),,,5
THR-2026-0271,2026-02-20T23:27:29+00:00,Demo SMiShing Sender Observation,Social Engineering,IP ADDRESS,192.0.2.222,Public Threat Feed,55,LOW,49,UNDER_REVIEW,2026-01-27T23:27:29+00:00,2026-02-20T23:27:29+00:00,Asia-Pacific,Synthetic indicator reported through the demo social-engineering reporting channel. Context is limited. ,,,,,6
THR-2025-0335,2025-10-01T23:27:29+00:00,Demo Malware Distribution Observation,Malware,FILE HASH,efbcabbfaa4538e2e868303ead99c4fad367bb8aa1302e9b13d864f8f48d7b76,Research Report,55,MEDIUM,50,MONITORING,2025-09-02T23:27:29+00:00,2025-10-01T23:27:29+00:00,,"Synthetic hash observed in demo telemetry. No behavioural report is available, so classification remains general. ",,,,,6
THR-2026-0272,2026-07-05T23:27:29+00:00,Demo Tor Proxy Exit Observation,Network Threats,IP ADDRESS,198.51.100.239,Security Vendor,70,HIGH,58,MONITORING,2026-06-30T23:27:29+00:00,2026-07-05T23:27:29+00:00,Unknown,Synthetic network indicator recorded in demo telemetry. Limited contextual evidence. ,,,,,1
THR-2026-0273,2026-02-10T23:27:29+00:00,Synthetic Trojan Hash Indicator,Malware,IP ADDRESS,192.0.2.32,Unknown Source,25,LOW,33,UNDER_REVIEW,2026-02-06T23:27:29+00:00,2026-02-10T23:27:29+00:00,Middle East & Africa,Synthetic malware hash observed in demo telemetry; sample behaves as a downloader that executes an obfuscated payload and establishes C2 callback traffic. ,Execution,T1204.002 (User Execution: Malicious File),,,2
THR-2025-0336,2025-03-19T23:27:29+00:00,Synthetic Fraudulent Account Creation Indicator,Account Security,IP ADDRESS,192.0.2.49,Public Threat Feed,40,LOW,38,CLOSED,2025-02-28T23:27:29+00:00,2025-03-19T23:27:29+00:00,,Synthetic indicator from demo account-monitoring telemetry. Context is limited. ,Persistence,T1136 (Create Account),,,8
THR-2026-0274,2026-04-13T23:27:29+00:00,Demo Exfiltration Endpoint Indicator,Data Exposure,URL,http://support.updates.invalid/login,Public Threat Feed,60,LOW,44,CLOSED,2026-03-23T23:27:29+00:00,2026-04-13T23:27:29+00:00,Global,Synthetic indicator associated with possible data-exposure monitoring in demo data. Context is limited. ,,,,,3
THR-2026-0275,2026-10-03T23:27:29+00:00,Synthetic Credential Harvester Sighting,Credential Theft,IP ADDRESS,198.51.100.121,Research Report,70,MEDIUM,60,NEW,2026-09-15T23:27:29+00:00,2026-10-03T23:27:29+00:00,Asia-Pacific,Synthetic credential stuffing activity observed in demo telemetry; high volume of brute force attempts against login endpoints from shared infrastructure. ,Credential Access,T1110 (Brute Force),,,1
THR-2024-0056,2024-11-11T23:27:29+00:00,Synthetic C2 Callback Observation,Network Threats,IP ADDRESS,192.0.2.226,Research Report,60,LOW,50,CLOSED,2024-11-04T23:27:29+00:00,2024-11-11T23:27:29+00:00,Global,Synthetic command-and-control channel observed in demo telemetry; host beacon traffic to a C2 endpoint was recorded. ,Command and Control,T1071 (Application Layer Protocol),,,9
THR-2024-0057,2024-12-07T23:27:29+00:00,Synthetic CEO Fraud Domain,Social Engineering,URL,https://billing.invalid/auth/check,Community Submission,40,MEDIUM,44,MONITORING,2024-11-11T23:27:29+00:00,2024-12-07T23:27:29+00:00,,Synthetic indicator reported through the demo social-engineering reporting channel. Context is limited. ,,,,,6
THR-2025-0337,2025-09-16T23:27:29+00:00,Demo Credential Phishing Observation,Phishing,URL,https://verify.login.invalid/account/confirm,Internal SOC,70,HIGH,60,UNDER_REVIEW,2025-09-04T23:27:29+00:00,2025-09-16T23:27:29+00:00,Middle East & Africa,Synthetic indicator of possible phishing relevance observed in demo telemetry. Insufficient behavioural context for further classification. ,,,,,5
THR-2026-0276,2026-03-17T23:27:29+00:00,Demo Exfiltration Endpoint Indicator,Data Exposure,URL,https://cloud-backup.support.invalid/invoice/view.html,Public Threat Feed,50,MEDIUM,50,MONITORING,2026-02-20T23:27:29+00:00,2026-03-17T23:27:29+00:00,,Synthetic exfiltration observation in demo telemetry; large outbound transfer attempts to an external endpoint were recorded. ,Exfiltration,T1048 (Exfiltration Over Alternative Protocol),,,7
THR-2026-0277,2026-03-07T23:27:29+00:00,Demo Abnormal Login Pattern Observation,Account Security,IP ADDRESS,198.51.100.151,Security Vendor,65,INFORMATIONAL,44,UNDER_REVIEW,2026-02-19T23:27:29+00:00,2026-03-07T23:27:29+00:00,Asia-Pacific,Synthetic indicator from demo account-monitoring telemetry. Context is limited. ,Persistence,T1136 (Create Account),,,9
THR-2026-0278,2026-03-19T23:27:29+00:00,Demo Drive-by Download Serving Domain,Web Threats,URL,https://billing.invalid/portal/verify,Research Report,65,MEDIUM,55,MONITORING,2026-02-19T23:27:29+00:00,2026-03-19T23:27:29+00:00,Europe,Synthetic drive-by domain observed in demo data; client browser exploitation behaviour was simulated. ,Initial Access,T1190 (Exploit Public-Facing Application),CVE-2025-900008,,6
THR-2026-0279,2026-10-04T23:27:29+00:00,Synthetic Exploitable Service Observation,Vulnerability Exposure,DOMAIN,update.example.com,Community Submission,60,MEDIUM,61,CLOSED,2026-09-28T23:27:29+00:00,2026-10-04T23:27:29+00:00,Global,Synthetic vulnerability-related indicator from demo asset review. Detailed context pending. ,,,CVE-2026-900017,,5
THR-2025-0338,2025-07-02T23:27:29+00:00,Synthetic Phishing Infrastructure Sighting,Phishing,URL,http://document.portal.invalid/attachment/invoice-2026.zip.html,Security Vendor,55,MEDIUM,48,NEW,2025-06-19T23:27:29+00:00,2025-07-02T23:27:29+00:00,Unknown,Synthetic indicator of possible phishing relevance observed in demo telemetry. Insufficient behavioural context for further classification. ,,,,,5
THR-2025-0339,2025-06-07T23:27:29+00:00,Synthetic Malware Sample Hash,Malware,FILE HASH,4bc535ed33c992733f99710a52ecd326646cd46335b4c27fa17fcb3b7e27b0de,Security Vendor,55,LOW,44,MONITORING,2025-05-14T23:27:29+00:00,2025-06-07T23:27:29+00:00,Unknown,Synthetic malware hash observed in demo telemetry; sample behaves as a downloader that executes an obfuscated payload and establishes C2 callback traffic. ,Execution,T1204.002 (User Execution: Malicious File),,,9
THR-2025-0340,2025-01-27T23:27:29+00:00,Synthetic Ransomware Note Indicator,Ransomware,IP ADDRESS,192.0.2.74,Public Threat Feed,40,LOW,36,MONITORING,2025-01-20T23:27:29+00:00,2025-01-27T23:27:29+00:00,Europe,Synthetic indicator tentatively associated with ransomware activity in demo data. Behavioural context is not yet available. ,,,,,5
THR-2026-0280,2026-07-16T23:27:29+00:00,Synthetic Vulnerability Exposure Record,Vulnerability Exposure,DOMAIN,invoice.auth.invalid,Security Vendor,75,INFORMATIONAL,47,CLOSED,2026-06-19T23:27:29+00:00,2026-07-16T23:27:29+00:00,Latin America,Synthetic vulnerability-related indicator from demo asset review. Detailed context pending. ,,,CVE-2026-900027,,3
THR-2026-0281,2026-10-04T23:27:29+00:00,Demo Vishing Campaign Indicator,Social Engineering,URL,http://docusign-view.example.com/attachment/invoice-2026.zip.html,Community Submission,60,CRITICAL,75,CLOSED,2026-09-29T23:27:29+00:00,2026-10-04T23:27:29+00:00,Asia-Pacific,Synthetic voice-phishing (vishing) attempt observed in demo telemetry; impersonation of the IT helpdesk was reported. ,Initial Access,T1566.003 (Phishing: Spearphishing Voice),,,6
THR-2026-0282,2026-02-28T23:27:29+00:00,Synthetic Exploitable Service Observation,Vulnerability Exposure,URL,http://cloud-backup.auth.invalid/secure-update/payment,Community Submission,50,MEDIUM,50,MONITORING,2026-01-31T23:27:29+00:00,2026-02-28T23:27:29+00:00,Latin America,Synthetic exploitable service observation; demo scanning metadata indicates exposure requiring patch review. ,Initial Access,T1190 (Exploit Public-Facing Application),CVE-2024-900022,,7
THR-2026-0283,2026-10-04T23:27:29+00:00,Synthetic Credential Harvester Sighting,Credential Theft,DOMAIN,payment.portal.invalid,Internal SOC,90,LOW,66,NEW,2026-09-30T23:27:29+00:00,2026-10-04T23:27:29+00:00,North America,Synthetic credential stuffing activity observed in demo telemetry; high volume of brute force attempts against login endpoints from shared infrastructure. ,Credential Access,T1110 (Brute Force),,,5
THR-2025-0341,2025-06-05T23:27:29+00:00,Demo Port Scan Activity Indicator,Network Threats,IP ADDRESS,2001:db8:e6d:::6952,Public Threat Feed,35,LOW,29,MONITORING,2025-05-06T23:27:29+00:00,2025-06-05T23:27:29+00:00,Latin America,Synthetic scanning behaviour observed in demo data; network service scan attempts were logged from this address. ,Discovery,T1046 (Network Service Discovery),,,1
THR-2024-0058,2024-12-22T23:27:29+00:00,Demo Tor Proxy Exit Observation,Network Threats,IP ADDRESS,198.51.100.213,Internal SOC,75,HIGH,64,MONITORING,2024-12-22T23:27:29+00:00,2024-12-22T23:27:29+00:00,North America,Synthetic network indicator recorded in demo telemetry. Limited contextual evidence. ,,,,,4
THR-2026-0284,2026-06-23T23:27:29+00:00,Synthetic Phishing Lure Domain,Phishing,FILE HASH,bb9cb1807d93a3045f5e32bb777fe4a1e2e4ee2c323ade27042a6ba1a0a0ec02,Security Vendor,75,CRITICAL,69,MONITORING,2026-06-07T23:27:29+00:00,2026-06-23T23:27:29+00:00,Unknown,Synthetic indicator of possible phishing relevance observed in demo telemetry. Insufficient behavioural context for further classification. ,,,,,3
THR-2025-0342,2025-01-25T23:27:29+00:00,Synthetic Fake Portal Domain,Phishing,DOMAIN,notify.billing.invalid,Public Threat Feed,40,MEDIUM,44,UNDER_REVIEW,2025-01-02T23:27:29+00:00,2025-01-25T23:27:29+00:00,Unknown,Synthetic indicator of possible phishing relevance observed in demo telemetry. Insufficient behavioural context for further classification. ,,,,,9
THR-2025-0343,2025-12-07T23:27:29+00:00,Synthetic Exploit Kit Domain,Web Threats,IP ADDRESS,2001:db8:d86:::9781,Security Vendor,60,CRITICAL,59,CLOSED,2025-11-15T23:27:29+00:00,2025-12-07T23:27:29+00:00,,Synthetic drive-by domain observed in demo data; client browser exploitation behaviour was simulated. ,Initial Access,T1190 (Exploit Public-Facing Application),,,1
THR-2026-0285,2026-06-08T23:27:29+00:00,Demo Phishing Campaign Indicator,Phishing,DOMAIN,support.example.net,Internal SOC,90,LOW,61,UNDER_REVIEW,2026-05-10T23:27:29+00:00,2026-06-08T23:27:29+00:00,,Synthetic credential-phishing URL observed sending users to a fake account verification page in demo logs. ,Initial Access,T1566.002 (Phishing: Spearphishing Link),,,9
THR-2026-0286,2026-06-18T23:27:29+00:00,Synthetic Account Takeover Risk Indicator,Account Security,IP ADDRESS,198.51.100.222,Internal SOC,90,LOW,57,NEW,2026-06-06T23:27:29+00:00,2026-06-18T23:27:29+00:00,Middle East & Africa,Synthetic indicator from demo account-monitoring telemetry. Context is limited. ,Persistence,T1136 (Create Account),,,1
THR-2024-0059,2024-12-16T23:27:29+00:00,Synthetic Lookalike Domain Alert,Phishing,EMAIL DOMAIN,document.auth.invalid,Public Threat Feed,40,MEDIUM,44,NEW,2024-11-17T23:27:29+00:00,2024-12-16T23:27:29+00:00,Latin America,Synthetic credential-phishing URL observed sending users to a fake account verification page in demo logs. ,Initial Access,T1566.002 (Phishing: Spearphishing Link),,,9
THR-2025-0344,2025-09-22T23:27:29+00:00,Synthetic Ransomware Note Indicator,Ransomware,FILE HASH,7c832a8ec30399fb206368b81cb5d897,Public Threat Feed,35,INFORMATIONAL,23,MONITORING,2025-08-26T23:27:29+00:00,2025-09-22T23:27:29+00:00,,Synthetic indicator tentatively associated with ransomware activity in demo data. Behavioural context is not yet available. ,,,,,1
THR-2026-0287,2026-08-19T23:27:29+00:00,Demo Phishing Campaign Indicator,Phishing,URL,http://notify.billing.invalid/update-password,Internal SOC,90,MEDIUM,68,UNDER_REVIEW,2026-08-06T23:27:29+00:00,2026-08-19T23:27:29+00:00,Global,Synthetic credential-phishing URL observed sending users to a fake account verification page in demo logs. ,Initial Access,T1566.002 (Phishing: Spearphishing Link),,,5
THR-2024-0060,2024-12-25T23:27:29+00:00,Synthetic Fraudulent Account Creation Indicator,Account Security,EMAIL DOMAIN,billing.example.org,Community Submission,40,MEDIUM,44,MONITORING,2024-12-03T23:27:29+00:00,2024-12-25T23:27:29+00:00,Latin America,Synthetic indicator from demo account-monitoring telemetry. Context is limited. ,Persistence,T1136 (Create Account),,,6
THR-2025-0345,2025-09-01T23:27:29+00:00,Demo Drive-by Download Serving Domain,Web Threats,IP ADDRESS,198.51.100.251,Internal SOC,70,LOW,46,NEW,2025-08-07T23:27:29+00:00,2025-09-01T23:27:29+00:00,North America,Synthetic web attack indicator observed in demo telemetry; exploitation attempts against a public-facing application were recorded in demo logs. ,Initial Access,T1190 (Exploit Public-Facing Application),,,1
THR-2026-0288,2026-05-18T23:27:29+00:00,Synthetic Vulnerability Exposure Record,Vulnerability Exposure,CVE ID,CVE-2024-900027,Research Report,85,MEDIUM,68,CLOSED,2026-05-02T23:27:29+00:00,2026-05-18T23:27:29+00:00,Asia-Pacific,Synthetic vulnerability exposure record; demo asset inventory shows an unpatched public-facing service with a known exploit path. Defensive awareness only. ,Initial Access,T1190 (Exploit Public-Facing Application),CVE-2024-900027,,8
THR-2026-0289,2026-04-27T23:27:29+00:00,Demo Tor Proxy Exit Observation,Network Threats,IP ADDRESS,203.0.113.13,Security Vendor,70,HIGH,62,MONITORING,2026-04-14T23:27:29+00:00,2026-04-27T23:27:29+00:00,Global,Synthetic scanning behaviour observed in demo data; network service scan attempts were logged from this address. ,Discovery,T1046 (Network Service Discovery),,,1
THR-2026-0290,2026-08-12T23:27:29+00:00,Synthetic Credential Harvester Sighting,Credential Theft,DOMAIN,payment.updates.invalid,Community Submission,60,MEDIUM,58,FALSE_POSITIVE,2026-08-03T23:27:29+00:00,2026-08-12T23:27:29+00:00,Asia-Pacific,Synthetic credential-harvesting page observed in demo telemetry; the page mimics a password store sign-in form. ,Credential Access,T1555 (Credentials from Password Stores),,,7
THR-2025-0346,2025-03-25T23:27:29+00:00,Demo Exfiltration Endpoint Indicator,Data Exposure,DOMAIN,signin.login.invalid,Internal SOC,65,HIGH,53,NEW,2025-03-17T23:27:29+00:00,2025-03-25T23:27:29+00:00,Latin America,Synthetic indicator associated with possible data-exposure monitoring in demo data. Context is limited. ,,,,,1
THR-2026-0291,2026-09-09T23:27:29+00:00,Synthetic Malware Sample Hash,Malware,FILE HASH,60fa0671968037b2d8bec96522d46116f038dc71fae16b378a7d87690ef95594,Research Report,75,CRITICAL,79,CLOSED,2026-09-08T23:27:29+00:00,2026-09-09T23:27:29+00:00,Middle East & Africa,Synthetic malware hash observed in demo telemetry; sample behaves as a downloader that executes an obfuscated payload and establishes C2 callback traffic. ,Execution,T1204.002 (User Execution: Malicious File),,,7
THR-2026-0292,2026-04-02T23:27:29+00:00,Demo Ransomware C2 Observation,Ransomware,FILE HASH,210208c7845f1993e17df38af391b51abbaaaf98b2e5f6ab5d6fa58150410080,Security Vendor,65,MEDIUM,56,CLOSED,2026-03-12T23:27:29+00:00,2026-04-02T23:27:29+00:00,North America,Synthetic ransomware indicator observed in demo data; associated with service stop behaviour prior to encryption and data extortion staging. ,Impact,T1486 (Data Encrypted for Impact),,,9
THR-2026-0293,2026-09-05T23:27:29+00:00,Demo Tor Proxy Exit Observation,Network Threats,IP ADDRESS,2001:db8:379:::643,Public Threat Feed,60,HIGH,62,MONITORING,2026-08-18T23:27:29+00:00,2026-09-05T23:27:29+00:00,North America,Synthetic network indicator recorded in demo telemetry. Limited contextual evidence. ,,,,,3
THR-2025-0347,2025-11-18T23:27:29+00:00,Synthetic Ransomware Note Indicator,Ransomware,FILE HASH,5ec4cd800d5a534677fd959a4fabc2a2b9ec9f61b161c478de148c9f5be434bd,Community Submission,50,LOW,44,UNDER_REVIEW,2025-10-29T23:27:29+00:00,2025-11-18T23:27:29+00:00,Unknown,Synthetic indicator tentatively associated with ransomware activity in demo data. Behavioural context is not yet available. ,,,,,9
THR-2025-0348,2025-10-02T23:27:29+00:00,Synthetic Exploitable Service Observation,Vulnerability Exposure,CVE ID,CVE-2025-900011,Internal SOC,70,LOW,50,UNDER_REVIEW,2025-09-09T23:27:29+00:00,2025-10-02T23:27:29+00:00,Europe,Synthetic vulnerability-related indicator from demo asset review. Detailed context pending. ,,,CVE-2025-900011,,7
THR-2025-0349,2025-02-15T23:27:29+00:00,Synthetic Backdoor Beacon Observation,Malware,FILE HASH,f588988896aa32f8aa8fcb0a1c0863b2,Public Threat Feed,40,MEDIUM,44,MONITORING,2025-02-12T23:27:29+00:00,2025-02-15T23:27:29+00:00,Europe,"Synthetic hash observed in demo telemetry. No behavioural report is available, so classification remains general. ",,,,,7
THR-2025-0350,2025-07-16T23:27:29+00:00,Demo SQL Injection Attempt Indicator,Web Threats,IP ADDRESS,2001:db8:27f:::1931,Internal SOC,70,INFORMATIONAL,44,UNDER_REVIEW,2025-06-18T23:27:29+00:00,2025-07-16T23:27:29+00:00,Asia-Pacific,Synthetic indicator observed in web-monitoring demo data. No specific technique context available. ,,,,,9
THR-2025-0351,2025-06-07T23:27:29+00:00,Demo Malware Distribution Observation,Malware,IP ADDRESS,203.0.113.217,Internal SOC,70,LOW,48,UNDER_REVIEW,2025-05-19T23:27:29+00:00,2025-06-07T23:27:29+00:00,Asia-Pacific,Synthetic malware hash observed in demo telemetry; sample behaves as a downloader that executes an obfuscated payload and establishes C2 callback traffic. ,Execution,T1204.002 (User Execution: Malicious File),,,2
THR-2025-0352,2025-08-18T23:27:29+00:00,Synthetic Malware Sample Hash,Malware,IP ADDRESS,203.0.113.77,Internal SOC,70,CRITICAL,69,MONITORING,2025-07-22T23:27:29+00:00,2025-08-18T23:27:29+00:00,Latin America,"Synthetic hash observed in demo telemetry. No behavioural report is available, so classification remains general. ",,,,,8
THR-2025-0353,2025-03-31T23:27:29+00:00,Demo Ransomware C2 Observation,Ransomware,IP ADDRESS,203.0.113.168,Internal SOC,85,LOW,58,FALSE_POSITIVE,2025-03-15T23:27:29+00:00,2025-03-31T23:27:29+00:00,North America,Synthetic indicator tentatively associated with ransomware activity in demo data. Behavioural context is not yet available. ,,,,,8
THR-2026-0294,2026-06-15T23:27:29+00:00,Demo Downloader Hash Observation,Malware,FILE HASH,d07fa56c1c5bb7529ac98f1362a5fbaa,Community Submission,60,HIGH,62,CLOSED,2026-05-17T23:27:29+00:00,2026-06-15T23:27:29+00:00,North America,Synthetic malware hash observed in demo telemetry; sample behaves as a downloader that executes an obfuscated payload and establishes C2 callback traffic. ,Execution,T1204.002 (User Execution: Malicious File),,,9
THR-2026-0295,2026-06-13T23:27:29+00:00,Demo Drive-by Download Serving Domain,Web Threats,IP ADDRESS,2001:db8:519:::1386,Public Threat Feed,60,CRITICAL,68,FALSE_POSITIVE,2026-05-26T23:27:29+00:00,2026-06-13T23:27:29+00:00,Global,Synthetic indicator observed in web-monitoring demo data. No specific technique context available. ,,,,,9
THR-2026-0296,2026-09-29T23:27:29+00:00,Synthetic Exploit Kit Domain,Web Threats,DOMAIN,login.secure.invalid,Community Submission,60,MEDIUM,62,MONITORING,2026-09-06T23:27:29+00:00,2026-09-29T23:27:29+00:00,Europe,Synthetic drive-by domain observed in demo data; client browser exploitation behaviour was simulated. ,Initial Access,T1190 (Exploit Public-Facing Application),,,6
THR-2025-0354,2025-04-23T23:27:29+00:00,Synthetic Phishing Lure Domain,Phishing,DOMAIN,account.support.invalid,Public Threat Feed,40,MEDIUM,40,CLOSED,2025-04-01T23:27:29+00:00,2025-04-23T23:27:29+00:00,Europe,Synthetic indicator of possible phishing relevance observed in demo telemetry. Insufficient behavioural context for further classification. ,,,,,3
THR-2024-0061,2024-12-10T23:27:29+00:00,Synthetic Exploitable Service Observation,Vulnerability Exposure,URL,http://payment.updates.invalid/document.html,Security Vendor,55,MEDIUM,47,UNDER_REVIEW,2024-11-22T23:27:29+00:00,2024-12-10T23:27:29+00:00,Latin America,Synthetic vulnerability exposure record; demo asset inventory shows an unpatched public-facing service with a known exploit path. Defensive awareness only. ,Initial Access,T1190 (Exploit Public-Facing Application),CVE-2024-900002,,4
THR-2025-0355,2025-05-26T23:27:29+00:00,Synthetic Beaconing Host Indicator,Network Threats,IP ADDRESS,2001:db8:3fa:::3634,Internal SOC,70,LOW,48,MONITORING,2025-05-22T23:27:29+00:00,2025-05-26T23:27:29+00:00,Middle East & Africa,Synthetic scanning behaviour observed in demo data; network service scan attempts were logged from this address. ,Discovery,T1046 (Network Service Discovery),,,5
THR-2026-0297,2026-04-26T23:27:29+00:00,Demo Drive-by Download Serving Domain,Web Threats,DOMAIN,update.auth.invalid,Security Vendor,75,LOW,55,MONITORING,2026-04-16T23:27:29+00:00,2026-04-26T23:27:29+00:00,North America,Synthetic web attack indicator observed in demo telemetry; exploitation attempts against a public-facing application were recorded in demo logs. ,Initial Access,T1190 (Exploit Public-Facing Application),CVE-2024-900010,,8
THR-2025-0356,2025-10-13T23:27:29+00:00,Demo Abnormal Login Pattern Observation,Account Security,IP ADDRESS,198.51.100.210,Community Submission,50,HIGH,56,MONITORING,2025-09-30T23:27:29+00:00,2025-10-13T23:27:29+00:00,Unknown,Synthetic indicator from demo account-monitoring telemetry. Context is limited. ,Persistence,T1136 (Create Account),,,7
THR-2024-0062,2024-12-07T23:27:29+00:00,Demo SQL Injection Attempt Indicator,Web Threats,DOMAIN,secure.auth.invalid,Community Submission,40,HIGH,50,UNDER_REVIEW,2024-11-14T23:27:29+00:00,2024-12-07T23:27:29+00:00,,Synthetic indicator observed in web-monitoring demo data. No specific technique context available. ,,,,,6
THR-2024-0063,2024-12-24T23:27:29+00:00,Demo Abnormal Login Pattern Observation,Account Security,IP ADDRESS,203.0.113.253,Public Threat Feed,40,CRITICAL,57,NEW,2024-12-02T23:27:29+00:00,2024-12-24T23:27:29+00:00,,Synthetic indicator from demo account-monitoring telemetry. Context is limited. ,Persistence,T1136 (Create Account),,,9
THR-2024-0064,2025-01-01T23:27:29+00:00,Demo Abnormal Login Pattern Observation,Account Security,EMAIL DOMAIN,portal-verify.auth.invalid,Security Vendor,55,HIGH,53,MONITORING,2024-12-22T23:27:29+00:00,2025-01-01T23:27:29+00:00,North America,Synthetic fraudulent account creation observed in demo telemetry; a new account was created outside standard process. ,Persistence,T1136 (Create Account),,,4
THR-2026-0298,2026-10-04T23:27:29+00:00,Synthetic C2 Callback Observation,Network Threats,IP ADDRESS,192.0.2.26,Public Threat Feed,70,CRITICAL,80,MONITORING,2026-09-13T23:27:29+00:00,2026-10-04T23:27:29+00:00,Asia-Pacific,Synthetic scanning behaviour observed in demo data; network service scan attempts were logged from this address. ,Discovery,T1046 (Network Service Discovery),,,5
THR-2025-0357,2025-05-04T23:27:29+00:00,Demo Exfiltration Endpoint Indicator,Data Exposure,URL,http://mail.invalid/secure-update/payment,Community Submission,35,INFORMATIONAL,25,CLOSED,2025-04-15T23:27:29+00:00,2025-05-04T23:27:29+00:00,Europe,Synthetic indicator associated with possible data-exposure monitoring in demo data. Context is limited. ,,,,,2
THR-2026-0299,2026-04-15T23:27:29+00:00,Synthetic Exploitable Service Observation,Vulnerability Exposure,CVE ID,CVE-2026-900023,Security Vendor,70,MEDIUM,56,NEW,2026-03-24T23:27:29+00:00,2026-04-15T23:27:29+00:00,Unknown,Synthetic exploitable service observation; demo scanning metadata indicates exposure requiring patch review. ,Initial Access,T1190 (Exploit Public-Facing Application),CVE-2026-900023,,1
THR-2026-0300,2026-08-22T23:27:29+00:00,Synthetic Ransomware Sample,Ransomware,FILE HASH,8e7fda9a1fe59fbcb3cc021fa136f57a2e204f95b1306964dc51ffca7aa1a860,Public Threat Feed,60,HIGH,61,MONITORING,2026-07-27T23:27:29+00:00,2026-08-22T23:27:29+00:00,Asia-Pacific,Synthetic indicator tentatively associated with ransomware activity in demo data. Behavioural context is not yet available. ,,,,,4
THR-2026-0301,2026-04-02T23:27:29+00:00,Synthetic Phishing Infrastructure Sighting,Phishing,DOMAIN,portal.mail.invalid,Security Vendor,60,MEDIUM,48,MONITORING,2026-04-01T23:27:29+00:00,2026-04-02T23:27:29+00:00,Asia-Pacific,Synthetic indicator of possible phishing relevance observed in demo telemetry. Insufficient behavioural context for further classification. ,,,,,2
THR-2024-0065,2024-12-27T23:27:29+00:00,Demo Downloader Hash Observation,Malware,URL,http://secure.invalid/secure-update/payment,Unknown Source,10,MEDIUM,28,CLOSED,2024-12-12T23:27:29+00:00,2024-12-27T23:27:29+00:00,,Synthetic malware hash observed in demo telemetry; sample behaves as a downloader that executes an obfuscated payload and establishes C2 callback traffic. ,Execution,T1204.002 (User Execution: Malicious File),,,2
THR-2025-0358,2025-07-30T23:27:29+00:00,Synthetic Phishing Lure Domain,Phishing,IP ADDRESS,192.0.2.117,Community Submission,35,INFORMATIONAL,23,FALSE_POSITIVE,2025-07-05T23:27:29+00:00,2025-07-30T23:27:29+00:00,Middle East & Africa,Synthetic indicator of possible phishing relevance observed in demo telemetry. Insufficient behavioural context for further classification. ,,,,,1
THR-2025-0359,2025-05-30T23:27:29+00:00,Synthetic Ransomware Sample,Ransomware,FILE HASH,550c819d26eba8cba2306f82bbf69752909a9d05e59d7f6c5d45e381aaa2c91b,Internal SOC,70,LOW,45,CLOSED,2025-05-11T23:27:29+00:00,2025-05-30T23:27:29+00:00,Global,Synthetic ransomware indicator observed in demo data; associated with service stop behaviour prior to encryption and data extortion staging. ,Impact,T1486 (Data Encrypted for Impact),,,3
THR-2024-0066,2024-11-10T23:27:29+00:00,Demo Vishing Campaign Indicator,Social Engineering,URL,https://mail.invalid/account/confirm,Internal SOC,65,HIGH,53,MONITORING,2024-11-08T23:27:29+00:00,2024-11-10T23:27:29+00:00,Latin America,Synthetic SMiShing campaign indicator observed in demo data; messages impersonate a delivery service with a QR code lure. ,Initial Access,T1566.003 (Phishing: Spearphishing Voice),,,1
THR-2025-0360,2025-03-04T23:27:29+00:00,Synthetic Trojan Hash Indicator,Malware,FILE HASH,0eec8fd4ea6ffd69f40665078e78ab892bbfffd82a8dc2347dc84cb4af7b53bc,Security Vendor,55,CRITICAL,62,FALSE_POSITIVE,2025-02-19T23:27:29+00:00,2025-03-04T23:27:29+00:00,Asia-Pacific,"Synthetic hash observed in demo telemetry. No behavioural report is available, so classification remains general. ",,,CVE-2025-900024,,6
THR-2026-0302,2026-05-05T23:27:29+00:00,Demo Malware Distribution Observation,Malware,IP ADDRESS,203.0.113.11,Research Report,75,MEDIUM,59,MONITORING,2026-04-30T23:27:29+00:00,2026-05-05T23:27:29+00:00,North America,Synthetic malware hash observed in demo telemetry; sample behaves as a downloader that executes an obfuscated payload and establishes C2 callback traffic. ,Execution,T1204.002 (User Execution: Malicious File),,,2
THR-2025-0361,2025-08-20T23:27:29+00:00,Demo Unpatched Service Indicator,Vulnerability Exposure,CVE ID,CVE-2026-900007,Internal SOC,75,CRITICAL,70,FALSE_POSITIVE,2025-08-01T23:27:29+00:00,2025-08-20T23:27:29+00:00,Global,Synthetic exploitable service observation; demo scanning metadata indicates exposure requiring patch review. ,Initial Access,T1190 (Exploit Public-Facing Application),CVE-2026-900007,,4
THR-2026-0303,2026-08-05T23:27:29+00:00,Demo Drive-by Download Serving Domain,Web Threats,IP ADDRESS,198.51.100.184,Research Report,75,CRITICAL,73,UNDER_REVIEW,2026-07-10T23:27:29+00:00,2026-08-05T23:27:29+00:00,North America,Synthetic web attack indicator observed in demo telemetry; exploitation attempts against a public-facing application were recorded in demo logs. ,Initial Access,T1190 (Exploit Public-Facing Application),,,4
THR-2024-0067,2024-12-27T23:27:29+00:00,Synthetic Data Leak Observation,Data Exposure,DOMAIN,invoice.billing.invalid,Public Threat Feed,40,CRITICAL,57,NEW,2024-12-17T23:27:29+00:00,2024-12-27T23:27:29+00:00,North America,Synthetic indicator associated with possible data-exposure monitoring in demo data. Context is limited. ,,,,,9
THR-2026-0304,2026-08-16T23:27:29+00:00,Synthetic Public Leak Domain Sighting,Data Exposure,URL,https://verify.example.com/invoice/view.html,Public Threat Feed,60,CRITICAL,69,MONITORING,2026-07-26T23:27:29+00:00,2026-08-16T23:27:29+00:00,North America,Synthetic exfiltration observation in demo telemetry; large outbound transfer attempts to an external endpoint were recorded. ,Exfiltration,T1048 (Exfiltration Over Alternative Protocol),,,5
THR-2025-0362,2025-09-11T23:27:29+00:00,Demo Credential Phishing Observation,Phishing,FILE HASH,31894ed0307561b0e813720ea9624fc0bea8cfa7,Public Threat Feed,35,HIGH,43,MONITORING,2025-08-25T23:27:29+00:00,2025-09-11T23:27:29+00:00,Latin America,Synthetic phishing lure domain observed in demo telemetry; the domain mimics a login verification portal. Indicator is analysed as data only - never visited. ,Initial Access,T1566.002 (Phishing: Spearphishing Link),,,2
THR-2025-0363,2025-05-16T23:27:29+00:00,Demo Ransomware Payload Hash,Ransomware,FILE HASH,7d5b5e2dfda14ba15078f286ae401657c4f0ca86f1a6c51ac49753d12c68f2f9,Internal SOC,70,LOW,50,MONITORING,2025-05-12T23:27:29+00:00,2025-05-16T23:27:29+00:00,Global,Synthetic ransomware sample observed in demo telemetry; the sample attempts file encryption of user documents and inhibits system recovery options. ,Impact,T1486 (Data Encrypted for Impact),,,9
THR-2025-0364,2025-02-18T23:27:29+00:00,Demo Credential Phishing Observation,Phishing,IP ADDRESS,198.51.100.111,Public Threat Feed,45,HIGH,56,NEW,2025-01-21T23:27:29+00:00,2025-02-18T23:27:29+00:00,Europe,Synthetic indicator of possible phishing relevance observed in demo telemetry. Insufficient behavioural context for further classification. ,,,,,9
THR-2025-0365,2025-08-14T23:27:29+00:00,Synthetic Data Leak Observation,Data Exposure,DOMAIN,verify.example.com,Research Report,50,CRITICAL,55,NEW,2025-08-14T23:27:29+00:00,2025-08-14T23:27:29+00:00,Latin America,Synthetic indicator associated with possible data-exposure monitoring in demo data. Context is limited. ,,,,,2
THR-2026-0305,2026-04-17T23:27:29+00:00,Demo Exfiltration Endpoint Indicator,Data Exposure,IP ADDRESS,192.0.2.67,Research Report,80,MEDIUM,66,FALSE_POSITIVE,2026-04-07T23:27:29+00:00,2026-04-17T23:27:29+00:00,,Synthetic indicator associated with possible data-exposure monitoring in demo data. Context is limited. ,,,,,8
THR-2025-0366,2025-11-16T23:27:29+00:00,Synthetic Phishing Infrastructure Sighting,Phishing,FILE HASH,5dcedfcaa5d443d9fff1c0b916cb514162a33c63da232cd4cbe31e9c318d2219,Internal SOC,80,HIGH,62,NEW,2025-11-14T23:27:29+00:00,2025-11-16T23:27:29+00:00,North America,Synthetic indicator of possible phishing relevance observed in demo telemetry. Insufficient behavioural context for further classification. ,,,,,3
THR-2026-0306,2026-07-13T23:27:29+00:00,Demo Port Scan Activity Indicator,Network Threats,URL,http://cloud-backup.demo.invalid/update-password,Public Threat Feed,60,LOW,52,CLOSED,2026-06-27T23:27:29+00:00,2026-07-13T23:27:29+00:00,Unknown,Synthetic network indicator recorded in demo telemetry. Limited contextual evidence. ,,,,,9
THR-2026-0307,2026-03-31T23:27:29+00:00,Synthetic Trojan Hash Indicator,Malware,URL,https://docusign-view.secure.invalid/login,Public Threat Feed,50,HIGH,56,MONITORING,2026-03-05T23:27:29+00:00,2026-03-31T23:27:29+00:00,Asia-Pacific,Synthetic malware hash observed in demo telemetry; sample behaves as a downloader that executes an obfuscated payload and establishes C2 callback traffic. ,Execution,T1204.002 (User Execution: Malicious File),CVE-2024-900019,,6
THR-2026-0308,2026-08-06T23:27:29+00:00,Synthetic Beaconing Host Indicator,Network Threats,IP ADDRESS,192.0.2.171,Research Report,70,HIGH,61,FALSE_POSITIVE,2026-07-23T23:27:29+00:00,2026-08-06T23:27:29+00:00,Europe,Synthetic scanning behaviour observed in demo data; network service scan attempts were logged from this address. ,Discovery,T1046 (Network Service Discovery),,,1
THR-2025-0367,2025-02-22T23:27:29+00:00,Synthetic Fake Portal Domain,Phishing,EMAIL DOMAIN,update.demo.invalid,Public Threat Feed,40,MEDIUM,44,UNDER_REVIEW,2025-01-25T23:27:29+00:00,2025-02-22T23:27:29+00:00,Unknown,Synthetic phishing lure domain observed in demo telemetry; the domain mimics a login verification portal. Indicator is analysed as data only - never visited. ,Initial Access,T1566.002 (Phishing: Spearphishing Link),,,8
THR-2026-0309,2026-04-18T23:27:29+00:00,Demo Credential Phishing Observation,Phishing,IP ADDRESS,192.0.2.53,Internal SOC,85,INFORMATIONAL,46,UNDER_REVIEW,2026-03-31T23:27:29+00:00,2026-04-18T23:27:29+00:00,Middle East & Africa,Synthetic e-mail attachment campaign observed in demo telemetry distributing phishing documents with credential harvest links. ,Initial Access,T1566.002 (Phishing: Spearphishing Link),,,1
THR-2026-0310,2026-05-14T23:27:29+00:00,Synthetic Fake Portal Domain,Phishing,FILE HASH,e4dcab79f3ec83f0bbab079223c381675bb53d9d,Public Threat Feed,55,LOW,40,FALSE_POSITIVE,2026-05-05T23:27:29+00:00,2026-05-14T23:27:29+00:00,,Synthetic indicator of possible phishing relevance observed in demo telemetry. Insufficient behavioural context for further classification. ,,,,,1
THR-2024-0068,2024-12-04T23:27:29+00:00,Synthetic Ransomware Note Indicator,Ransomware,FILE HASH,6296d76ba0b14805d6b2f83c09fe35385ae58c573dba2c059740ff76657cad0a,Public Threat Feed,35,INFORMATIONAL,23,MONITORING,2024-11-26T23:27:29+00:00,2024-12-04T23:27:29+00:00,Unknown,Synthetic ransomware sample observed in demo telemetry; the sample attempts file encryption of user documents and inhibits system recovery options. ,Impact,T1486 (Data Encrypted for Impact),,,1
THR-2024-0069,2024-12-19T23:27:29+00:00,Demo Vishing Campaign Indicator,Social Engineering,URL,https://portal.example.org/account/confirm,Security Vendor,55,HIGH,56,FALSE_POSITIVE,2024-12-02T23:27:29+00:00,2024-12-19T23:27:29+00:00,North America,Synthetic indicator reported through the demo social-engineering reporting channel. Context is limited. ,,,,,6
THR-2026-0311,2026-04-11T23:27:29+00:00,Demo Unpatched Service Indicator,Vulnerability Exposure,DOMAIN,invoice.support.invalid,Research Report,75,CRITICAL,72,MONITORING,2026-04-08T23:27:29+00:00,2026-04-11T23:27:29+00:00,North America,Synthetic vulnerability exposure record; demo asset inventory shows an unpatched public-facing service with a known exploit path. Defensive awareness only. ,Initial Access,T1190 (Exploit Public-Facing Application),CVE-2024-900014,,5
THR-2026-0312,2026-04-20T23:27:29+00:00,Demo Downloader Hash Observation,Malware,FILE HASH,e3de2bec0fb4af03553a33a37019cd62ef1ef58e8ee2d4b8e8d7985c20dc9836,Unknown Source,35,MEDIUM,47,UNDER_REVIEW,2026-04-19T23:27:29+00:00,2026-04-20T23:27:29+00:00,Middle East & Africa,"Synthetic hash observed in demo telemetry. No behavioural report is available, so classification remains general. ",,,,,6
THR-2024-0070,2024-12-24T23:27:29+00:00,Synthetic Lookalike Domain Alert,Phishing,FILE HASH,76f820548f53d5fb9e974f064b78c2368d2db22e830ea40cb53cd7b43e13eee8,Community Submission,40,HIGH,50,MONITORING,2024-12-11T23:27:29+00:00,2024-12-24T23:27:29+00:00,Asia-Pacific,Synthetic indicator of possible phishing relevance observed in demo telemetry. Insufficient behavioural context for further classification. ,,,,,9
THR-2026-0313,2026-02-22T23:27:29+00:00,Synthetic Credential Harvester Sighting,Credential Theft,IP ADDRESS,192.0.2.33,Community Submission,55,CRITICAL,64,CLOSED,2026-02-07T23:27:29+00:00,2026-02-22T23:27:29+00:00,Asia-Pacific,Synthetic credential-harvesting page observed in demo telemetry; the page mimics a password store sign-in form. ,Credential Access,T1555 (Credentials from Password Stores),,,4
THR-2025-0368,2025-02-03T23:27:29+00:00,Synthetic Backdoor Beacon Observation,Malware,IP ADDRESS,198.51.100.192,Research Report,55,CRITICAL,62,CLOSED,2025-01-13T23:27:29+00:00,2025-02-03T23:27:29+00:00,Europe,"Synthetic hash observed in demo telemetry. No behavioural report is available, so classification remains general. ",,,CVE-2025-900013,,6
THR-2025-0369,2026-01-07T23:27:29+00:00,Synthetic Lookalike Domain Alert,Phishing,FILE HASH,9aa8c4cfb7198dbf7d8527beab770529,Internal SOC,75,MEDIUM,54,CLOSED,2025-12-23T23:27:29+00:00,2026-01-07T23:27:29+00:00,,Synthetic indicator of possible phishing relevance observed in demo telemetry. Insufficient behavioural context for further classification. ,,,,,2
THR-2024-0071,2024-11-27T23:27:29+00:00,Synthetic Ransomware Note Indicator,Ransomware,FILE HASH,31794085742e891eac40184a5b27a94a8b26b139ef6823a0b79ce50dc0ceee76,Research Report,55,MEDIUM,50,FALSE_POSITIVE,2024-11-12T23:27:29+00:00,2024-11-27T23:27:29+00:00,Asia-Pacific,Synthetic ransomware indicator observed in demo data; associated with service stop behaviour prior to encryption and data extortion staging. ,Impact,T1486 (Data Encrypted for Impact),,,7
THR-2026-0314,2026-05-01T23:27:29+00:00,Demo Phishing Campaign Indicator,Phishing,FILE HASH,13859eb3c5960668ada750947d1e84f614b701042b44538326015c5cfec32224,Community Submission,55,LOW,40,MONITORING,2026-04-10T23:27:29+00:00,2026-05-01T23:27:29+00:00,Latin America,Synthetic indicator of possible phishing relevance observed in demo telemetry. Insufficient behavioural context for further classification. ,,,,,1
THR-2025-0370,2025-10-14T23:27:29+00:00,Synthetic Fake Portal Domain,Phishing,EMAIL DOMAIN,password.mail.invalid,Public Threat Feed,50,LOW,40,MONITORING,2025-09-15T23:27:29+00:00,2025-10-14T23:27:29+00:00,Middle East & Africa,Synthetic indicator of possible phishing relevance observed in demo telemetry. Insufficient behavioural context for further classification. ,,,,,4
THR-2025-0371,2025-09-08T23:27:29+00:00,Synthetic Credential Harvester Sighting,Credential Theft,IP ADDRESS,192.0.2.160,Research Report,55,INFORMATIONAL,34,MONITORING,2025-08-31T23:27:29+00:00,2025-09-08T23:27:29+00:00,Latin America,Synthetic indicator observed during credential-abuse monitoring in demo telemetry. Context is limited. ,,,,,1
THR-2025-0372,2025-07-09T23:27:29+00:00,Synthetic Data Leak Observation,Data Exposure,DOMAIN,helpdesk.auth.invalid,Internal SOC,70,HIGH,62,UNDER_REVIEW,2025-06-23T23:27:29+00:00,2025-07-09T23:27:29+00:00,Europe,Synthetic exfiltration observation in demo telemetry; large outbound transfer attempts to an external endpoint were recorded. ,Exfiltration,T1048 (Exfiltration Over Alternative Protocol),,,9
THR-2025-0373,2025-07-18T23:27:29+00:00,Demo Credential Phishing Observation,Phishing,IP ADDRESS,198.51.100.176,Public Threat Feed,45,CRITICAL,62,UNDER_REVIEW,2025-07-13T23:27:29+00:00,2025-07-18T23:27:29+00:00,Europe,Synthetic credential-phishing URL observed sending users to a fake account verification page in demo logs. ,Initial Access,T1566.002 (Phishing: Spearphishing Link),,,7
THR-2026-0315,2026-07-25T23:27:29+00:00,Synthetic Vulnerability Exposure Record,Vulnerability Exposure,CVE ID,CVE-2025-900026,Internal SOC,85,HIGH,68,MONITORING,2026-07-03T23:27:29+00:00,2026-07-25T23:27:29+00:00,Europe,Synthetic vulnerability exposure record; demo asset inventory shows an unpatched public-facing service with a known exploit path. Defensive awareness only. ,Initial Access,T1190 (Exploit Public-Facing Application),CVE-2025-900026,,2
THR-2026-0316,2026-06-20T23:27:29+00:00,Demo Downloader Hash Observation,Malware,FILE HASH,b5a8e52750838c1e791a150f1ba2d2430ebb947d36b51e6b01fc6b737fbe5935,Research Report,75,HIGH,67,NEW,2026-06-03T23:27:29+00:00,2026-06-20T23:27:29+00:00,Middle East & Africa,Synthetic malware hash observed in demo telemetry; sample behaves as a downloader that executes an obfuscated payload and establishes C2 callback traffic. ,Execution,T1204.002 (User Execution: Malicious File),,,7
THR-2026-0317,2026-09-04T23:27:29+00:00,Synthetic Public Leak Domain Sighting,Data Exposure,IP ADDRESS,198.51.100.57,Public Threat Feed,60,HIGH,66,UNDER_REVIEW,2026-08-09T23:27:29+00:00,2026-09-04T23:27:29+00:00,Latin America,Synthetic exfiltration observation in demo telemetry; large outbound transfer attempts to an external endpoint were recorded. ,Exfiltration,T1048 (Exfiltration Over Alternative Protocol),,,6
THR-2026-0318,2026-08-31T23:27:29+00:00,Demo Ransomware C2 Observation,Ransomware,FILE HASH,36ffb8329a44ef5234d1cce096487ef2cfe9817e,Public Threat Feed,60,MEDIUM,58,MONITORING,2026-08-01T23:27:29+00:00,2026-08-31T23:27:29+00:00,North America,Synthetic indicator tentatively associated with ransomware activity in demo data. Behavioural context is not yet available. ,,,,,9
THR-2025-0374,2025-09-04T23:27:29+00:00,Demo SMiShing Sender Observation,Social Engineering,EMAIL DOMAIN,payment.example.org,Security Vendor,55,HIGH,56,MONITORING,2025-08-20T23:27:29+00:00,2025-09-04T23:27:29+00:00,Latin America,Synthetic SMiShing campaign indicator observed in demo data; messages impersonate a delivery service with a QR code lure. ,Initial Access,T1566.003 (Phishing: Spearphishing Voice),,,9
THR-2025-0375,2025-02-24T23:27:29+00:00,Synthetic Exploitable Service Observation,Vulnerability Exposure,CVE ID,CVE-2026-900009,Community Submission,40,LOW,34,MONITORING,2025-02-20T23:27:29+00:00,2025-02-24T23:27:29+00:00,,Synthetic exploitable service observation; demo scanning metadata indicates exposure requiring patch review. ,Initial Access,T1190 (Exploit Public-Facing Application),CVE-2026-900009,,3
THR-2026-0319,2026-06-11T23:27:29+00:00,Synthetic Ransomware Note Indicator,Ransomware,URL,http://login.invalid/team/share,Public Threat Feed,60,MEDIUM,56,NEW,2026-05-20T23:27:29+00:00,2026-06-11T23:27:29+00:00,Europe,Synthetic indicator tentatively associated with ransomware activity in demo data. Behavioural context is not yet available. ,,,,,7
THR-2025-0376,2025-08-24T23:27:29+00:00,Synthetic Lookalike Domain Alert,Phishing,URL,https://docusign-view.billing.invalid/invoice/view.html,Research Report,55,MEDIUM,47,MONITORING,2025-08-17T23:27:29+00:00,2025-08-24T23:27:29+00:00,Latin America,Synthetic indicator of possible phishing relevance observed in demo telemetry. Insufficient behavioural context for further classification. ,,,,,4
THR-2025-0377,2025-05-10T23:27:29+00:00,Synthetic Exploit Kit Domain,Web Threats,IP ADDRESS,198.51.100.165,Public Threat Feed,40,INFORMATIONAL,34,CLOSED,2025-04-23T23:27:29+00:00,2025-05-10T23:27:29+00:00,Asia-Pacific,Synthetic indicator observed in web-monitoring demo data. No specific technique context available. ,,,,,5
THR-2025-0378,2026-01-04T23:27:29+00:00,Demo Port Scan Activity Indicator,Network Threats,IP ADDRESS,192.0.2.168,Security Vendor,65,LOW,46,CLOSED,2025-12-19T23:27:29+00:00,2026-01-04T23:27:29+00:00,North America,Synthetic scanning behaviour observed in demo data; network service scan attempts were logged from this address. ,Discovery,T1046 (Network Service Discovery),,,4
THR-2025-0379,2025-05-05T23:27:29+00:00,Demo Tor Proxy Exit Observation,Network Threats,IP ADDRESS,192.0.2.66,Public Threat Feed,35,HIGH,41,MONITORING,2025-04-27T23:27:29+00:00,2025-05-05T23:27:29+00:00,Middle East & Africa,Synthetic network indicator recorded in demo telemetry. Limited contextual evidence. ,,,,,1
THR-2026-0320,2026-09-08T23:27:29+00:00,Synthetic Loader Hash Sighting,Malware,FILE HASH,17d34706d4f16930d6f4545fd561461ac2e22c0a,Research Report,75,HIGH,72,UNDER_REVIEW,2026-08-26T23:27:29+00:00,2026-09-08T23:27:29+00:00,North America,"Synthetic hash observed in demo telemetry. No behavioural report is available, so classification remains general. ",,,,,8
THR-2026-0321,2026-07-29T23:27:29+00:00,Synthetic Public Leak Domain Sighting,Data Exposure,URL,https://helpdesk.example.com/update-password,Research Report,70,CRITICAL,68,UNDER_REVIEW,2026-07-17T23:27:29+00:00,2026-07-29T23:27:29+00:00,Latin America,Synthetic indicator associated with possible data-exposure monitoring in demo data. Context is limited. ,,,,,1
THR-2026-0322,2026-09-21T23:27:29+00:00,Synthetic Vulnerability Exposure Record,Vulnerability Exposure,CVE ID,CVE-2026-900024,Community Submission,55,LOW,46,CLOSED,2026-08-27T23:27:29+00:00,2026-09-21T23:27:29+00:00,Middle East & Africa,Synthetic exploitable service observation; demo scanning metadata indicates exposure requiring patch review. ,Initial Access,T1190 (Exploit Public-Facing Application),CVE-2026-900024,,1
THR-2026-0323,2026-09-23T23:27:29+00:00,Synthetic Public Leak Domain Sighting,Data Exposure,IP ADDRESS,203.0.113.35,Security Vendor,80,LOW,66,CLOSED,2026-09-16T23:27:29+00:00,2026-09-23T23:27:29+00:00,,Synthetic e-mail collection behaviour observed in demo data; mailbox export activity was simulated. ,Collection,T1114 (Email Collection),,,9
THR-2026-0324,2026-05-28T23:27:29+00:00,Synthetic Credential Stuffing Observation,Credential Theft,IP ADDRESS,203.0.113.142,Public Threat Feed,60,HIGH,62,MONITORING,2026-05-09T23:27:29+00:00,2026-05-28T23:27:29+00:00,Middle East & Africa,Synthetic credential stuffing activity observed in demo telemetry; high volume of brute force attempts against login endpoints from shared infrastructure. ,Credential Access,T1110 (Brute Force),,,8
THR-2026-0325,2026-06-02T23:27:29+00:00,Demo Brute Force Activity,Credential Theft,URL,http://mail.secure.invalid/account/confirm,Public Threat Feed,60,INFORMATIONAL,40,NEW,2026-05-26T23:27:29+00:00,2026-06-02T23:27:29+00:00,North America,Synthetic indicator observed during credential-abuse monitoring in demo telemetry. Context is limited. ,,,,,4
THR-2026-0326,2026-02-01T23:27:29+00:00,Synthetic Web Injection Observation,Web Threats,DOMAIN,helpdesk.mail.invalid,Security Vendor,65,LOW,49,NEW,2026-01-21T23:27:29+00:00,2026-02-01T23:27:29+00:00,Asia-Pacific,Synthetic web attack indicator observed in demo telemetry; exploitation attempts against a public-facing application were recorded in demo logs. ,Initial Access,T1190 (Exploit Public-Facing Application),,,6
THR-2025-0380,2025-11-28T23:27:29+00:00,Demo Exfiltration Endpoint Indicator,Data Exposure,DOMAIN,team-share.updates.invalid,Community Submission,50,INFORMATIONAL,36,FALSE_POSITIVE,2025-10-31T23:27:29+00:00,2025-11-28T23:27:29+00:00,North America,Synthetic e-mail collection behaviour observed in demo data; mailbox export activity was simulated. ,Collection,T1114 (Email Collection),,,5
THR-2025-0381,2025-04-29T23:27:29+00:00,Synthetic Backdoor Beacon Observation,Malware,FILE HASH,b580e1edcf844c37ee6b95f8b4fbc49b7d6de3d421a08080aff813ab7efd2689,Internal SOC,70,MEDIUM,56,MONITORING,2025-04-16T23:27:29+00:00,2025-04-29T23:27:29+00:00,Latin America,Synthetic trojan hash sighted in demo data; associated with credential dumping behaviour in the sandbox report. ,,,,,7
THR-2025-0382,2025-07-10T23:27:29+00:00,Synthetic Fake Portal Domain,Phishing,EMAIL DOMAIN,notify.mail.invalid,Research Report,55,LOW,41,NEW,2025-06-15T23:27:29+00:00,2025-07-10T23:27:29+00:00,Unknown,Synthetic e-mail attachment campaign observed in demo telemetry distributing phishing documents with credential harvest links. ,Initial Access,T1566.002 (Phishing: Spearphishing Link),,,4
THR-2025-0383,2025-07-09T23:27:29+00:00,Synthetic Lookalike Domain Alert,Phishing,FILE HASH,1a7fa93b05cc418a22bdd65cb194608261836d324da9a2891d8ac485ca7064e9,Community Submission,40,LOW,34,UNDER_REVIEW,2025-07-05T23:27:29+00:00,2025-07-09T23:27:29+00:00,Europe,Synthetic e-mail attachment campaign observed in demo telemetry distributing phishing documents with credential harvest links. ,Initial Access,T1566.002 (Phishing: Spearphishing Link),,,3
THR-2025-0384,2025-06-27T23:27:29+00:00,Synthetic Lookalike Domain Alert,Phishing,IP ADDRESS,203.0.113.231,Unknown Source,15,INFORMATIONAL,22,MONITORING,2025-06-21T23:27:29+00:00,2025-06-27T23:27:29+00:00,Latin America,Synthetic indicator of possible phishing relevance observed in demo telemetry. Insufficient behavioural context for further classification. ,,,,,5
THR-2025-0385,2025-02-17T23:27:29+00:00,Synthetic C2 Callback Observation,Network Threats,IP ADDRESS,203.0.113.203,Public Threat Feed,40,CRITICAL,54,MONITORING,2025-01-23T23:27:29+00:00,2025-02-17T23:27:29+00:00,Asia-Pacific,Synthetic network indicator recorded in demo telemetry. Limited contextual evidence. ,,,,,4
THR-2025-0386,2025-10-03T23:27:29+00:00,Synthetic Exploit Kit Domain,Web Threats,IP ADDRESS,198.51.100.96,Public Threat Feed,45,MEDIUM,50,CLOSED,2025-09-23T23:27:29+00:00,2025-10-03T23:27:29+00:00,Europe,Synthetic web attack indicator observed in demo telemetry; exploitation attempts against a public-facing application were recorded in demo logs. ,Initial Access,T1190 (Exploit Public-Facing Application),CVE-2024-900019,,8
THR-2025-0387,2025-08-30T23:27:29+00:00,Demo Credential Phishing Observation,Phishing,URL,http://document.secure.invalid/team/share,Security Vendor,55,LOW,42,CLOSED,2025-08-04T23:27:29+00:00,2025-08-30T23:27:29+00:00,Global,Synthetic indicator of possible phishing relevance observed in demo telemetry. Insufficient behavioural context for further classification. ,,,,,5
THR-2026-0327,2026-02-27T23:27:29+00:00,Demo Unpatched Service Indicator,Vulnerability Exposure,CVE ID,CVE-2026-900017,Research Report,70,LOW,50,MONITORING,2026-02-18T23:27:29+00:00,2026-02-27T23:27:29+00:00,Latin America,Synthetic vulnerability exposure record; demo asset inventory shows an unpatched public-facing service with a known exploit path. Defensive awareness only. ,Initial Access,T1190 (Exploit Public-Facing Application),CVE-2026-900017,,3
THR-2025-0388,2025-01-17T23:27:29+00:00,Synthetic Phishing Lure Domain,Phishing,IP ADDRESS,192.0.2.227,Internal SOC,70,MEDIUM,51,FALSE_POSITIVE,2025-01-16T23:27:29+00:00,2025-01-17T23:27:29+00:00,Asia-Pacific,Synthetic indicator of possible phishing relevance observed in demo telemetry. Insufficient behavioural context for further classification. ,,,,,3
THR-2025-0389,2025-06-25T23:27:29+00:00,Synthetic Backdoor Beacon Observation,Malware,FILE HASH,5023af602d06ea1832ee63e30c6b2b21,Community Submission,35,LOW,31,CLOSED,2025-06-21T23:27:29+00:00,2025-06-25T23:27:29+00:00,,Synthetic malware hash observed in demo telemetry; sample behaves as a downloader that executes an obfuscated payload and establishes C2 callback traffic. ,Execution,T1204.002 (User Execution: Malicious File),,,2
THR-2026-0328,2026-01-11T23:27:29+00:00,Demo Ransomware C2 Observation,Ransomware,IP ADDRESS,192.0.2.11,Public Threat Feed,55,LOW,49,MONITORING,2026-01-04T23:27:29+00:00,2026-01-11T23:27:29+00:00,Unknown,Synthetic ransomware indicator observed in demo data; associated with service stop behaviour prior to encryption and data extortion staging. ,Impact,T1486 (Data Encrypted for Impact),,,9
THR-2025-0390,2025-10-31T23:27:29+00:00,Synthetic Credential Harvester Sighting,Credential Theft,IP ADDRESS,198.51.100.56,Research Report,60,MEDIUM,48,CLOSED,2025-10-23T23:27:29+00:00,2025-10-31T23:27:29+00:00,North America,Synthetic credential-harvesting page observed in demo telemetry; the page mimics a password store sign-in form. ,Credential Access,T1555 (Credentials from Password Stores),,,2
THR-2025-0391,2025-10-02T23:27:29+00:00,Demo Password Spray Observation,Credential Theft,IP ADDRESS,198.51.100.209,Community Submission,45,HIGH,54,MONITORING,2025-09-12T23:27:29+00:00,2025-10-02T23:27:29+00:00,Unknown,Synthetic credential-harvesting page observed in demo telemetry; the page mimics a password store sign-in form. ,Credential Access,T1555 (Credentials from Password Stores),,,5
THR-2026-0329,2026-09-12T23:27:29+00:00,Synthetic Ransomware Note Indicator,Ransomware,IP ADDRESS,192.0.2.161,Unknown Source,40,HIGH,63,CLOSED,2026-09-12T23:27:29+00:00,2026-09-12T23:27:29+00:00,Unknown,Synthetic indicator tentatively associated with ransomware activity in demo data. Behavioural context is not yet available. ,,,,,6
THR-2024-0072,2024-12-03T23:27:29+00:00,Synthetic Exploit Kit Domain,Web Threats,IP ADDRESS,2001:db8:ba7:::364,Public Threat Feed,35,HIGH,41,MONITORING,2024-12-02T23:27:29+00:00,2024-12-03T23:27:29+00:00,North America,Synthetic drive-by domain observed in demo data; client browser exploitation behaviour was simulated. ,Initial Access,T1190 (Exploit Public-Facing Application),,,1
THR-2025-0392,2025-09-03T23:27:29+00:00,Synthetic Public Leak Domain Sighting,Data Exposure,IP ADDRESS,192.0.2.241,Security Vendor,50,HIGH,48,NEW,2025-08-26T23:27:29+00:00,2025-09-03T23:27:29+00:00,North America,Synthetic e-mail collection behaviour observed in demo data; mailbox export activity was simulated. ,Collection,T1114 (Email Collection),,,2
THR-2025-0393,2025-05-24T23:27:29+00:00,Demo Brute Force Activity,Credential Theft,IP ADDRESS,192.0.2.247,Public Threat Feed,35,HIGH,41,NEW,2025-04-24T23:27:29+00:00,2025-05-24T23:27:29+00:00,Latin America,Synthetic credential-harvesting page observed in demo telemetry; the page mimics a password store sign-in form. ,Credential Access,T1555 (Credentials from Password Stores),,,1
THR-2025-0394,2025-02-04T23:27:29+00:00,Synthetic Ransomware Sample,Ransomware,FILE HASH,df03475dcb79605e62d897d3161d6bc9712da0a086b7066c097ec5834531cc2d,Public Threat Feed,40,HIGH,50,MONITORING,2025-01-30T23:27:29+00:00,2025-02-04T23:27:29+00:00,,Synthetic ransomware sample observed in demo telemetry; the sample attempts file encryption of user documents and inhibits system recovery options. ,Impact,T1486 (Data Encrypted for Impact),,,9
THR-2025-0395,2025-04-15T23:27:29+00:00,Synthetic Loader Hash Sighting,Malware,FILE HASH,65ff1d212b21141878df927dc90ac21b,Unknown Source,15,HIGH,39,UNDER_REVIEW,2025-03-31T23:27:29+00:00,2025-04-15T23:27:29+00:00,,Synthetic malware hash observed in demo telemetry; sample behaves as a downloader that executes an obfuscated payload and establishes C2 callback traffic. ,Execution,T1204.002 (User Execution: Malicious File),CVE-2026-900017,,4
THR-2026-0330,2026-03-16T23:27:29+00:00,Demo Vishing Campaign Indicator,Social Engineering,FILE HASH,90f2bf5b390b97152f8ad1942da523730b31751f,Internal SOC,80,HIGH,68,MONITORING,2026-03-04T23:27:29+00:00,2026-03-16T23:27:29+00:00,,Synthetic SMiShing campaign indicator observed in demo data; messages impersonate a delivery service with a QR code lure. ,Initial Access,T1566.003 (Phishing: Spearphishing Voice),,,9
THR-2025-0396,2025-04-11T23:27:29+00:00,Synthetic Credential Harvester Sighting,Credential Theft,IP ADDRESS,192.0.2.174,Research Report,65,MEDIUM,50,MONITORING,2025-03-12T23:27:29+00:00,2025-04-11T23:27:29+00:00,North America,Synthetic indicator observed during credential-abuse monitoring in demo telemetry. Context is limited. ,,,,,2
THR-2025-0397,2025-07-29T23:27:29+00:00,Synthetic Fraudulent Account Creation Indicator,Account Security,IP ADDRESS,203.0.113.180,Security Vendor,65,MEDIUM,50,CLOSED,2025-07-07T23:27:29+00:00,2025-07-29T23:27:29+00:00,Latin America,Synthetic indicator from demo account-monitoring telemetry. Context is limited. ,Persistence,T1136 (Create Account),,,2
THR-2024-0073,2024-12-13T23:27:29+00:00,Synthetic Phishing Infrastructure Sighting,Phishing,DOMAIN,verify.support.invalid,Internal SOC,70,INFORMATIONAL,39,CLOSED,2024-11-18T23:27:29+00:00,2024-12-13T23:27:29+00:00,Middle East & Africa,Synthetic indicator of possible phishing relevance observed in demo telemetry. Insufficient behavioural context for further classification. ,,,,,3
THR-2024-0074,2024-12-10T23:27:29+00:00,Demo Downloader Hash Observation,Malware,FILE HASH,93f460979e2efd22eddf8d55b9d3956e,Internal SOC,70,LOW,48,NEW,2024-11-21T23:27:29+00:00,2024-12-10T23:27:29+00:00,North America,Synthetic malware hash observed in demo telemetry; sample behaves as a downloader that executes an obfuscated payload and establishes C2 callback traffic. ,Execution,T1204.002 (User Execution: Malicious File),,,5
THR-2026-0331,2026-06-18T23:27:29+00:00,Demo Ransomware Payload Hash,Ransomware,FILE HASH,4d2ddd5d45f73efe5b7af0db0fa1340b89b0e1ad,Community Submission,60,CRITICAL,65,NEW,2026-06-01T23:27:29+00:00,2026-06-18T23:27:29+00:00,,Synthetic ransomware sample observed in demo telemetry; the sample attempts file encryption of user documents and inhibits system recovery options. ,Impact,T1486 (Data Encrypted for Impact),,,4
THR-2025-0398,2025-10-05T23:27:29+00:00,Demo Vishing Campaign Indicator,Social Engineering,DOMAIN,password.portal.invalid,Unknown Source,25,MEDIUM,40,NEW,2025-09-23T23:27:29+00:00,2025-10-05T23:27:29+00:00,Middle East & Africa,Synthetic voice-phishing (vishing) attempt observed in demo telemetry; impersonation of the IT helpdesk was reported. ,Initial Access,T1566.003 (Phishing: Spearphishing Voice),,,5
THR-2026-0332,2026-03-11T23:27:29+00:00,Synthetic Phishing Lure Domain,Phishing,URL,http://portal.invalid/login,Internal SOC,75,INFORMATIONAL,40,MONITORING,2026-03-02T23:27:29+00:00,2026-03-11T23:27:29+00:00,North America,Synthetic phishing lure domain observed in demo telemetry; the domain mimics a login verification portal. Indicator is analysed as data only - never visited. ,Initial Access,T1566.002 (Phishing: Spearphishing Link),,,1
THR-2026-0333,2026-05-11T23:27:29+00:00,Demo Unpatched Service Indicator,Vulnerability Exposure,URL,http://password.mail.invalid/team/share,Community Submission,60,MEDIUM,56,MONITORING,2026-05-01T23:27:29+00:00,2026-05-11T23:27:29+00:00,Latin America,Synthetic vulnerability exposure record; demo asset inventory shows an unpatched public-facing service with a known exploit path. Defensive awareness only. ,Initial Access,T1190 (Exploit Public-Facing Application),CVE-2026-900012,,7
THR-2026-0334,2026-10-04T23:27:29+00:00,Synthetic Vulnerability Exposure Record,Vulnerability Exposure,CVE ID,CVE-2025-900018,Research Report,70,HIGH,67,MONITORING,2026-09-20T23:27:29+00:00,2026-10-04T23:27:29+00:00,Unknown,Synthetic vulnerability-related indicator from demo asset review. Detailed context pending. ,,,CVE-2025-900018,,2
THR-2025-0399,2025-08-25T23:27:29+00:00,Synthetic Trojan Hash Indicator,Malware,IP ADDRESS,203.0.113.205,Unknown Source,20,CRITICAL,52,FALSE_POSITIVE,2025-08-15T23:27:29+00:00,2025-08-25T23:27:29+00:00,Middle East & Africa,Synthetic malware hash observed in demo telemetry; sample behaves as a downloader that executes an obfuscated payload and establishes C2 callback traffic. ,Execution,T1204.002 (User Execution: Malicious File),CVE-2026-900004,,5
THR-2026-0335,2026-01-31T23:27:29+00:00,Demo Downloader Hash Observation,Malware,FILE HASH,69382f55e97f0b02dc79e71add7be0c7,Research Report,65,HIGH,57,CLOSED,2026-01-15T23:27:29+00:00,2026-01-31T23:27:29+00:00,Global,"Synthetic hash observed in demo telemetry. No behavioural report is available, so classification remains general. ",,,CVE-2026-900003,,3
THR-2025-0400,2025-11-27T23:27:29+00:00,Synthetic Backdoor Beacon Observation,Malware,FILE HASH,e7b375715f4a9549ef9f57b92c5d25a7,Security Vendor,65,HIGH,61,CLOSED,2025-11-08T23:27:29+00:00,2025-11-27T23:27:29+00:00,Asia-Pacific,"Synthetic hash observed in demo telemetry. No behavioural report is available, so classification remains general. ",,,,,6
THR-2026-0336,2026-03-30T23:27:29+00:00,Synthetic Exploit Kit Domain,Web Threats,DOMAIN,document.login.invalid,Public Threat Feed,50,LOW,39,NEW,2026-03-09T23:27:29+00:00,2026-03-30T23:27:29+00:00,Global,Synthetic indicator observed in web-monitoring demo data. No specific technique context available. ,,,,,3
THR-2025-0401,2025-12-22T23:27:29+00:00,Synthetic Ransomware Note Indicator,Ransomware,IP ADDRESS,192.0.2.216,Public Threat Feed,55,INFORMATIONAL,43,UNDER_REVIEW,2025-11-30T23:27:29+00:00,2025-12-22T23:27:29+00:00,Global,Synthetic indicator tentatively associated with ransomware activity in demo data. Behavioural context is not yet available. ,,,,,8
THR-2025-0402,2025-07-08T23:27:29+00:00,Synthetic Phishing Lure Domain,Phishing,FILE HASH,f23da885fa974fb8c107eb3b3f91a8cc63db701d,Public Threat Feed,40,HIGH,50,NEW,2025-07-04T23:27:29+00:00,2025-07-08T23:27:29+00:00,North America,Synthetic indicator of possible phishing relevance observed in demo telemetry. Insufficient behavioural context for further classification. ,,,,,8
THR-2026-0337,2026-09-16T23:27:29+00:00,Synthetic C2 Callback Observation,Network Threats,IP ADDRESS,192.0.2.186,Community Submission,65,HIGH,72,NEW,2026-09-05T23:27:29+00:00,2026-09-16T23:27:29+00:00,Asia-Pacific,Synthetic network indicator recorded in demo telemetry. Limited contextual evidence. ,,,,,8
THR-2026-0338,2026-08-17T23:27:29+00:00,Demo Malware Distribution Observation,Malware,FILE HASH,ee2642c9928a61cc21b36849791af6b7b3215024,Research Report,75,INFORMATIONAL,52,FALSE_POSITIVE,2026-07-23T23:27:29+00:00,2026-08-17T23:27:29+00:00,Latin America,Synthetic trojan hash sighted in demo data; associated with credential dumping behaviour in the sandbox report. ,,,,,8
THR-2024-0075,2024-11-30T23:27:29+00:00,Synthetic Data Leak Observation,Data Exposure,URL,http://secure.invalid/portal/verify,Unknown Source,15,LOW,30,UNDER_REVIEW,2024-11-23T23:27:29+00:00,2024-11-30T23:27:29+00:00,Europe,Synthetic indicator associated with possible data-exposure monitoring in demo data. Context is limited. ,,,,,8
THR-2026-0339,2026-05-03T23:27:29+00:00,Synthetic Backdoor Beacon Observation,Malware,FILE HASH,e1faeb15f8273ab04388b2c1c4187c0e509932bdcd71e83560a780a5660fff0a,Security Vendor,75,MEDIUM,61,NEW,2026-04-18T23:27:29+00:00,2026-05-03T23:27:29+00:00,Europe,"Synthetic hash observed in demo telemetry. No behavioural report is available, so classification remains general. ",,,,,6
THR-2024-0076,2024-12-28T23:27:29+00:00,Synthetic Credential Harvester Sighting,Credential Theft,IP ADDRESS,198.51.100.125,Research Report,55,HIGH,56,UNDER_REVIEW,2024-12-10T23:27:29+00:00,2024-12-28T23:27:29+00:00,,Synthetic credential-harvesting page observed in demo telemetry; the page mimics a password store sign-in form. ,Credential Access,T1555 (Credentials from Password Stores),,,8
THR-2026-0340,2026-05-07T23:27:29+00:00,Demo Exfiltration Endpoint Indicator,Data Exposure,IP ADDRESS,198.51.100.21,Unknown Source,40,HIGH,55,NEW,2026-04-08T23:27:29+00:00,2026-05-07T23:27:29+00:00,North America,Synthetic e-mail collection behaviour observed in demo data; mailbox export activity was simulated. ,Collection,T1114 (Email Collection),,,4
THR-2025-0403,2025-09-08T23:27:29+00:00,Demo Unpatched Service Indicator,Vulnerability Exposure,DOMAIN,payment.example.net,Public Threat Feed,35,LOW,29,CLOSED,2025-09-02T23:27:29+00:00,2025-09-08T23:27:29+00:00,,Synthetic vulnerability-related indicator from demo asset review. Detailed context pending. ,,,CVE-2025-900014,,1
THR-2024-0077,2025-01-01T23:27:29+00:00,Demo Ransomware C2 Observation,Ransomware,IP ADDRESS,192.0.2.107,Public Threat Feed,40,HIGH,47,CLOSED,2024-12-15T23:27:29+00:00,2025-01-01T23:27:29+00:00,Asia-Pacific,Synthetic ransomware sample observed in demo telemetry; the sample attempts file encryption of user documents and inhibits system recovery options. ,Impact,T1486 (Data Encrypted for Impact),,,4
THR-2025-0404,2026-01-06T23:27:29+00:00,Synthetic CEO Fraud Domain,Social Engineering,DOMAIN,login.example.com,Public Threat Feed,50,LOW,44,MONITORING,2025-12-25T23:27:29+00:00,2026-01-06T23:27:29+00:00,Unknown,Synthetic indicator reported through the demo social-engineering reporting channel. Context is limited. ,,,,,7
THR-2026-0341,2026-03-30T23:27:29+00:00,Synthetic Vulnerability Exposure Record,Vulnerability Exposure,DOMAIN,document.example.org,Internal SOC,80,MEDIUM,62,MONITORING,2026-03-14T23:27:29+00:00,2026-03-30T23:27:29+00:00,Middle East & Africa,Synthetic vulnerability exposure record; demo asset inventory shows an unpatched public-facing service with a known exploit path. Defensive awareness only. ,Initial Access,T1190 (Exploit Public-Facing Application),CVE-2024-900018,,9
THR-2025-0405,2025-06-24T23:27:29+00:00,Synthetic Vulnerability Exposure Record,Vulnerability Exposure,URL,http://service.example.com/password-reset/verify,Internal SOC,70,LOW,46,CLOSED,2025-05-29T23:27:29+00:00,2025-06-24T23:27:29+00:00,Latin America,Synthetic exploitable service observation; demo scanning metadata indicates exposure requiring patch review. ,Initial Access,T1190 (Exploit Public-Facing Application),CVE-2024-900019,,4
THR-2025-0406,2025-12-27T23:27:29+00:00,Synthetic C2 Callback Observation,Network Threats,IP ADDRESS,192.0.2.154,Community Submission,50,MEDIUM,50,NEW,2025-12-11T23:27:29+00:00,2025-12-27T23:27:29+00:00,Latin America,Synthetic network indicator recorded in demo telemetry. Limited contextual evidence. ,,,,,6
THR-2026-0342,2026-04-03T23:27:29+00:00,Synthetic Fake Portal Domain,Phishing,FILE HASH,96df62d35625e88eac9511d117a51fab,Community Submission,50,MEDIUM,46,MONITORING,2026-03-23T23:27:29+00:00,2026-04-03T23:27:29+00:00,Asia-Pacific,Synthetic e-mail attachment campaign observed in demo telemetry distributing phishing documents with credential harvest links. ,Initial Access,T1566.002 (Phishing: Spearphishing Link),,,4
THR-2026-0343,2026-01-05T23:27:29+00:00,Synthetic Ransomware Sample,Ransomware,FILE HASH,6d71434e291d96e5835ff2d18d3e6c158f71361b,Community Submission,50,HIGH,56,MONITORING,2026-01-04T23:27:29+00:00,2026-01-05T23:27:29+00:00,North America,Synthetic ransomware sample observed in demo telemetry; the sample attempts file encryption of user documents and inhibits system recovery options. ,Impact,T1486 (Data Encrypted for Impact),,,7
THR-2026-0344,2026-04-28T23:27:29+00:00,Synthetic Lookalike Domain Alert,Phishing,EMAIL DOMAIN,docusign-view.demo.invalid,Internal SOC,90,INFORMATIONAL,53,UNDER_REVIEW,2026-04-04T23:27:29+00:00,2026-04-28T23:27:29+00:00,Global,Synthetic phishing lure domain observed in demo telemetry; the domain mimics a login verification portal. Indicator is analysed as data only - never visited. ,Initial Access,T1566.002 (Phishing: Spearphishing Link),,,5
THR-2025-0407,2025-11-04T23:27:29+00:00,Synthetic Lookalike Domain Alert,Phishing,URL,http://billing.portal.invalid/secure-update/payment,Public Threat Feed,45,INFORMATIONAL,29,MONITORING,2025-10-28T23:27:29+00:00,2025-11-04T23:27:29+00:00,Europe,Synthetic phishing lure domain observed in demo telemetry; the domain mimics a login verification portal. Indicator is analysed as data only - never visited. ,Initial Access,T1566.002 (Phishing: Spearphishing Link),,,1
THR-2025-0408,2025-01-18T23:27:29+00:00,Synthetic Beaconing Host Indicator,Network Threats,URL,http://updates.invalid/document.html,Public Threat Feed,35,MEDIUM,37,FALSE_POSITIVE,2025-01-14T23:27:29+00:00,2025-01-18T23:27:29+00:00,Europe,Synthetic command-and-control channel observed in demo telemetry; host beacon traffic to a C2 endpoint was recorded. ,Command and Control,T1071 (Application Layer Protocol),,,2
THR-2025-0409,2025-11-26T23:27:29+00:00,Synthetic Phishing Lure Domain,Phishing,DOMAIN,portal.portal.invalid,Community Submission,50,MEDIUM,50,NEW,2025-11-12T23:27:29+00:00,2025-11-26T23:27:29+00:00,Asia-Pacific,Synthetic e-mail attachment campaign observed in demo telemetry distributing phishing documents with credential harvest links. ,Initial Access,T1566.002 (Phishing: Spearphishing Link),,,9
THR-2026-0345,2026-06-20T23:27:29+00:00,Synthetic Loader Hash Sighting,Malware,FILE HASH,5d99121fe174a822369def55cc450fe7018aaea89e56b1f0efddebd8fbb65fac,Community Submission,60,CRITICAL,68,CLOSED,2026-06-12T23:27:29+00:00,2026-06-20T23:27:29+00:00,Unknown,"Synthetic hash observed in demo telemetry. No behavioural report is available, so classification remains general. ",,,,,8
THR-2026-0346,2026-08-01T23:27:29+00:00,Synthetic Impersonation Attempt,Social Engineering,IP ADDRESS,198.51.100.133,Internal SOC,95,HIGH,81,CLOSED,2026-07-18T23:27:29+00:00,2026-08-01T23:27:29+00:00,Middle East & Africa,Synthetic indicator reported through the demo social-engineering reporting channel. Context is limited. ,,,,,9
THR-2025-0410,2025-06-17T23:27:29+00:00,Synthetic Phishing Lure Domain,Phishing,IP ADDRESS,203.0.113.167,Community Submission,40,MEDIUM,40,FALSE_POSITIVE,2025-06-15T23:27:29+00:00,2025-06-17T23:27:29+00:00,North America,Synthetic indicator of possible phishing relevance observed in demo telemetry. Insufficient behavioural context for further classification. ,,,,,1
THR-2026-0347,2026-07-01T23:27:29+00:00,Synthetic C2 Callback Observation,Network Threats,URL,https://auth.invalid/auth/check,Community Submission,60,LOW,50,CLOSED,2026-06-24T23:27:29+00:00,2026-07-01T23:27:29+00:00,Asia-Pacific,Synthetic scanning behaviour observed in demo data; network service scan attempts were logged from this address. ,Discovery,T1046 (Network Service Discovery),,,7
THR-2026-0348,2026-09-10T23:27:29+00:00,Synthetic Credential Harvester Sighting,Credential Theft,DOMAIN,invoice.secure.invalid,Public Threat Feed,60,CRITICAL,73,CLOSED,2026-09-10T23:27:29+00:00,2026-09-10T23:27:29+00:00,North America,Synthetic credential stuffing activity observed in demo telemetry; high volume of brute force attempts against login endpoints from shared infrastructure. ,Credential Access,T1110 (Brute Force),,,7
THR-2026-0349,2026-02-13T23:27:29+00:00,Demo Unpatched Service Indicator,Vulnerability Exposure,CVE ID,CVE-2026-900022,Public Threat Feed,50,LOW,44,CLOSED,2026-02-05T23:27:29+00:00,2026-02-13T23:27:29+00:00,Global,Synthetic vulnerability-related indicator from demo asset review. Detailed context pending. ,,,CVE-2026-900022,,8
THR-2025-0411,2025-11-06T23:27:29+00:00,Demo Drive-by Download Serving Domain,Web Threats,IP ADDRESS,192.0.2.6,Research Report,70,MEDIUM,61,NEW,2025-11-01T23:27:29+00:00,2025-11-06T23:27:29+00:00,North America,Synthetic indicator observed in web-monitoring demo data. No specific technique context available. ,,,,,7
THR-2026-0350,2026-06-05T23:27:29+00:00,Synthetic Fraudulent Account Creation Indicator,Account Security,IP ADDRESS,203.0.113.128,Security Vendor,75,HIGH,66,CLOSED,2026-05-25T23:27:29+00:00,2026-06-05T23:27:29+00:00,Asia-Pacific,Synthetic fraudulent account creation observed in demo telemetry; a new account was created outside standard process. ,Persistence,T1136 (Create Account),,,3
THR-2026-0351,2026-09-05T23:27:29+00:00,Synthetic Exploitable Service Observation,Vulnerability Exposure,CVE ID,CVE-2024-900007,Security Vendor,80,CRITICAL,81,MONITORING,2026-09-05T23:27:29+00:00,2026-09-05T23:27:29+00:00,Latin America,Synthetic vulnerability-related indicator from demo asset review. Detailed context pending. ,,,CVE-2024-900007,,4
THR-2026-0352,2026-02-04T23:27:29+00:00,Demo Tor Proxy Exit Observation,Network Threats,IP ADDRESS,192.0.2.243,Community Submission,60,LOW,50,UNDER_REVIEW,2026-01-11T23:27:29+00:00,2026-02-04T23:27:29+00:00,Europe,Synthetic scanning behaviour observed in demo data; network service scan attempts were logged from this address. ,Discovery,T1046 (Network Service Discovery),,,9
THR-2026-0353,2026-03-08T23:27:29+00:00,Synthetic Malware Sample Hash,Malware,FILE HASH,bffef99fcb5f9d91cbcc2e64614f3d7991d2924c0ba0d34d5d5ae3fff55519a3,Security Vendor,65,MEDIUM,54,UNDER_REVIEW,2026-02-19T23:27:29+00:00,2026-03-08T23:27:29+00:00,Latin America,"Synthetic hash observed in demo telemetry. No behavioural report is available, so classification remains general. ",,,,,5
THR-2024-0078,2024-12-02T23:27:29+00:00,Synthetic Phishing Infrastructure Sighting,Phishing,DOMAIN,notify.example.net,Security Vendor,50,LOW,35,CLOSED,2024-11-07T23:27:29+00:00,2024-12-02T23:27:29+00:00,,Synthetic phishing lure domain observed in demo telemetry; the domain mimics a login verification portal. Indicator is analysed as data only - never visited. ,Initial Access,T1566.002 (Phishing: Spearphishing Link),,,1
THR-2025-0412,2025-12-20T23:27:29+00:00,Synthetic Fake Portal Domain,Phishing,EMAIL DOMAIN,docusign-view.secure.invalid,Community Submission,50,HIGH,56,UNDER_REVIEW,2025-12-12T23:27:29+00:00,2025-12-20T23:27:29+00:00,Unknown,Synthetic phishing lure domain observed in demo telemetry; the domain mimics a login verification portal. Indicator is analysed as data only - never visited. ,Initial Access,T1566.002 (Phishing: Spearphishing Link),,,8
THR-2025-0413,2025-02-03T23:27:29+00:00,Synthetic Account Takeover Risk Indicator,Account Security,IP ADDRESS,192.0.2.90,Security Vendor,55,MEDIUM,50,NEW,2025-01-10T23:27:29+00:00,2025-02-03T23:27:29+00:00,Unknown,Synthetic indicator from demo account-monitoring telemetry. Context is limited. ,Persistence,T1136 (Create Account),,,6
THR-2025-0414,2025-02-20T23:27:29+00:00,Synthetic Exploitable Service Observation,Vulnerability Exposure,CVE ID,CVE-2026-900011,Research Report,65,CRITICAL,69,MONITORING,2025-01-31T23:27:29+00:00,2025-02-20T23:27:29+00:00,Asia-Pacific,Synthetic vulnerability-related indicator from demo asset review. Detailed context pending. ,,,CVE-2026-900011,,6
THR-2024-0079,2024-11-10T23:27:29+00:00,Synthetic Beaconing Host Indicator,Network Threats,IP ADDRESS,203.0.113.227,Internal SOC,65,INFORMATIONAL,35,MONITORING,2024-11-05T23:27:29+00:00,2024-11-10T23:27:29+00:00,Global,Synthetic network indicator recorded in demo telemetry. Limited contextual evidence. ,,,,,1
THR-2025-0415,2025-09-02T23:27:29+00:00,Synthetic Vulnerability Exposure Record,Vulnerability Exposure,CVE ID,CVE-2024-900010,Research Report,60,MEDIUM,56,UNDER_REVIEW,2025-08-28T23:27:29+00:00,2025-09-02T23:27:29+00:00,Asia-Pacific,Synthetic exploitable service observation; demo scanning metadata indicates exposure requiring patch review. ,Initial Access,T1190 (Exploit Public-Facing Application),CVE-2024-900010,,9
THR-2024-0080,2024-12-14T23:27:29+00:00,Synthetic Account Takeover Risk Indicator,Account Security,IP ADDRESS,192.0.2.71,Security Vendor,55,LOW,42,MONITORING,2024-11-30T23:27:29+00:00,2024-12-14T23:27:29+00:00,North America,Synthetic indicator from demo account-monitoring telemetry. Context is limited. ,Persistence,T1136 (Create Account),,,2
THR-2026-0354,2026-02-13T23:27:29+00:00,Demo Phishing Campaign Indicator,Phishing,DOMAIN,mail.example.net,Public Threat Feed,55,MEDIUM,52,NEW,2026-02-01T23:27:29+00:00,2026-02-13T23:27:29+00:00,Latin America,Synthetic indicator of possible phishing relevance observed in demo telemetry. Insufficient behavioural context for further classification. ,,,,,4
THR-2026-0355,2026-03-28T23:27:29+00:00,Demo Unpatched Service Indicator,Vulnerability Exposure,CVE ID,CVE-2025-900008,Research Report,70,HIGH,64,FALSE_POSITIVE,2026-03-03T23:27:29+00:00,2026-03-28T23:27:29+00:00,Middle East & Africa,Synthetic vulnerability-related indicator from demo asset review. Detailed context pending. ,,,CVE-2025-900008,,4
THR-2025-0416,2025-12-25T23:27:29+00:00,Demo Drive-by Download Serving Domain,Web Threats,IP ADDRESS,203.0.113.171,Research Report,65,LOW,45,MONITORING,2025-12-17T23:27:29+00:00,2025-12-25T23:27:29+00:00,,Synthetic drive-by domain observed in demo data; client browser exploitation behaviour was simulated. ,Initial Access,T1190 (Exploit Public-Facing Application),,,3
THR-2026-0356,2026-08-26T23:27:29+00:00,Synthetic Loader Hash Sighting,Malware,FILE HASH,6470a92a7370a28ba870fc536823062c,Public Threat Feed,55,LOW,43,MONITORING,2026-08-24T23:27:29+00:00,2026-08-26T23:27:29+00:00,Middle East & Africa,"Synthetic hash observed in demo telemetry. No behavioural report is available, so classification remains general. ",,,,,1
THR-2026-0357,2026-09-19T23:27:29+00:00,Synthetic Trojan Hash Indicator,Malware,FILE HASH,f512ffb3d52469f9d4eb4461748a6599b1ac2c6c752e8f325738a543a2d4ed57,Public Threat Feed,60,HIGH,63,MONITORING,2026-08-26T23:27:29+00:00,2026-09-19T23:27:29+00:00,Global,"Synthetic hash observed in demo telemetry. No behavioural report is available, so classification remains general. ",,,,,4
THR-2025-0417,2025-11-07T23:27:29+00:00,Demo Password Spray Observation,Credential Theft,IP ADDRESS,203.0.113.183,Internal SOC,80,MEDIUM,56,CLOSED,2025-10-19T23:27:29+00:00,2025-11-07T23:27:29+00:00,Middle East & Africa,Synthetic credential stuffing activity observed in demo telemetry; high volume of brute force attempts against login endpoints from shared infrastructure. ,Credential Access,T1110 (Brute Force),,,3
THR-2025-0418,2025-06-08T23:27:29+00:00,Synthetic CEO Fraud Domain,Social Engineering,DOMAIN,mail.secure.invalid,Security Vendor,50,MEDIUM,42,MONITORING,2025-06-02T23:27:29+00:00,2025-06-08T23:27:29+00:00,,Synthetic indicator reported through the demo social-engineering reporting channel. Context is limited. ,,,,,2
THR-2025-0419,2025-06-07T23:27:29+00:00,Demo Password Spray Observation,Credential Theft,IP ADDRESS,203.0.113.209,Security Vendor,70,MEDIUM,56,MONITORING,2025-05-30T23:27:29+00:00,2025-06-07T23:27:29+00:00,Latin America,Synthetic credential-harvesting page observed in demo telemetry; the page mimics a password store sign-in form. ,Credential Access,T1555 (Credentials from Password Stores),,,5
THR-2026-0358,2026-08-27T23:27:29+00:00,Synthetic Loader Hash Sighting,Malware,FILE HASH,0639578b5b69386aa9960469e0e14be61e863a172a4806ef24feb578a15ddbfd,Community Submission,55,HIGH,55,CLOSED,2026-08-23T23:27:29+00:00,2026-08-27T23:27:29+00:00,North America,Synthetic trojan hash sighted in demo data; associated with credential dumping behaviour in the sandbox report. ,,,CVE-2026-900027,,1
THR-2026-0359,2026-10-01T23:27:29+00:00,Demo Credential Phishing Observation,Phishing,FILE HASH,9aa0e45fcb9923791e387daf3020c62a1712ea34,Research Report,70,INFORMATIONAL,48,MONITORING,2026-10-01T23:27:29+00:00,2026-10-01T23:27:29+00:00,Asia-Pacific,Synthetic e-mail attachment campaign observed in demo telemetry distributing phishing documents with credential harvest links. ,Initial Access,T1566.002 (Phishing: Spearphishing Link),,,1
THR-2024-0081,2025-01-17T23:27:29+00:00,Synthetic Fake Portal Domain,Phishing,DOMAIN,mail.updates.invalid,Public Threat Feed,40,MEDIUM,42,MONITORING,2024-12-26T23:27:29+00:00,2025-01-17T23:27:29+00:00,Asia-Pacific,Synthetic credential-phishing URL observed sending users to a fake account verification page in demo logs. ,Initial Access,T1566.002 (Phishing: Spearphishing Link),,,5
THR-2025-0420,2025-11-01T23:27:29+00:00,Synthetic Lookalike Domain Alert,Phishing,URL,https://verify.billing.invalid/portal/verify,Internal SOC,80,CRITICAL,69,CLOSED,2025-10-16T23:27:29+00:00,2025-11-01T23:27:29+00:00,Europe,Synthetic e-mail attachment campaign observed in demo telemetry distributing phishing documents with credential harvest links. ,Initial Access,T1566.002 (Phishing: Spearphishing Link),,,3
THR-2025-0421,2025-08-13T23:27:29+00:00,Synthetic Backdoor Beacon Observation,Malware,FILE HASH,0ca31b965f7d76fc2758f4e18da48f87,Public Threat Feed,40,LOW,36,FALSE_POSITIVE,2025-08-06T23:27:29+00:00,2025-08-13T23:27:29+00:00,Global,Synthetic trojan hash sighted in demo data; associated with credential dumping behaviour in the sandbox report. ,,,,,5
THR-2025-0422,2025-06-08T23:27:29+00:00,Synthetic Web Injection Observation,Web Threats,IP ADDRESS,198.51.100.246,Internal SOC,75,INFORMATIONAL,49,UNDER_REVIEW,2025-05-13T23:27:29+00:00,2025-06-08T23:27:29+00:00,Asia-Pacific,Synthetic indicator observed in web-monitoring demo data. No specific technique context available. ,,,,,7
THR-2026-0360,2026-06-12T23:27:29+00:00,Demo Downloader Hash Observation,Malware,IP ADDRESS,192.0.2.233,Security Vendor,70,MEDIUM,52,UNDER_REVIEW,2026-05-22T23:27:29+00:00,2026-06-12T23:27:29+00:00,Middle East & Africa,Synthetic trojan hash sighted in demo data; associated with credential dumping behaviour in the sandbox report. ,,,CVE-2024-900030,,1
THR-2025-0423,2025-11-15T23:27:29+00:00,Demo Downloader Hash Observation,Malware,FILE HASH,a3badd0b867cedf3123b8e774cc82ab3d20e12404f0fb2c26592528e5aa6f63b,Security Vendor,60,LOW,42,UNDER_REVIEW,2025-11-13T23:27:29+00:00,2025-11-15T23:27:29+00:00,Unknown,"Synthetic hash observed in demo telemetry. No behavioural report is available, so classification remains general. ",,,CVE-2025-900023,,2
THR-2025-0424,2025-11-11T23:27:29+00:00,Synthetic Public Leak Domain Sighting,Data Exposure,IP ADDRESS,203.0.113.178,Public Threat Feed,55,MEDIUM,52,NEW,2025-10-31T23:27:29+00:00,2025-11-11T23:27:29+00:00,Global,Synthetic exfiltration observation in demo telemetry; large outbound transfer attempts to an external endpoint were recorded. ,Exfiltration,T1048 (Exfiltration Over Alternative Protocol),,,4
THR-2026-0361,2026-06-22T23:27:29+00:00,Demo Ransomware Payload Hash,Ransomware,IP ADDRESS,203.0.113.49,Security Vendor,80,LOW,60,UNDER_REVIEW,2026-06-14T23:27:29+00:00,2026-06-22T23:27:29+00:00,Unknown,Synthetic ransomware sample observed in demo telemetry; the sample attempts file encryption of user documents and inhibits system recovery options. ,Impact,T1486 (Data Encrypted for Impact),,,7
THR-2025-0425,2025-05-07T23:27:29+00:00,Synthetic Vulnerability Exposure Record,Vulnerability Exposure,URL,https://signin.secure.invalid/portal/verify,Public Threat Feed,35,MEDIUM,35,NEW,2025-04-14T23:27:29+00:00,2025-05-07T23:27:29+00:00,North America,Synthetic vulnerability-related indicator from demo asset review. Detailed context pending. ,,,CVE-2026-900011,,1
THR-2025-0426,2025-09-21T23:27:29+00:00,Synthetic Data Leak Observation,Data Exposure,URL,https://portal.updates.invalid/portal/verify,Community Submission,40,HIGH,50,CLOSED,2025-09-20T23:27:29+00:00,2025-09-21T23:27:29+00:00,Unknown,Synthetic indicator associated with possible data-exposure monitoring in demo data. Context is limited. ,,,,,8
THR-2025-0427,2025-03-29T23:27:29+00:00,Synthetic Malware Sample Hash,Malware,FILE HASH,efaf61895b1506d77d00438a6ae018c6,Security Vendor,55,LOW,44,NEW,2025-03-24T23:27:29+00:00,2025-03-29T23:27:29+00:00,North America,Synthetic trojan hash sighted in demo data; associated with credential dumping behaviour in the sandbox report. ,,,,,6
THR-2025-0428,2025-02-03T23:27:29+00:00,Demo Credential Phishing Observation,Phishing,FILE HASH,3fa40b3d2315afb694f9e5c927c7b5cae22a17f1537c412c263d7cd2a6f597dd,Community Submission,35,MEDIUM,37,CLOSED,2025-01-20T23:27:29+00:00,2025-02-03T23:27:29+00:00,Unknown,Synthetic e-mail attachment campaign observed in demo telemetry distributing phishing documents with credential harvest links. ,Initial Access,T1566.002 (Phishing: Spearphishing Link),,,2
THR-2025-0429,2025-05-09T23:27:29+00:00,Synthetic Account Takeover Risk Indicator,Account Security,IP ADDRESS,203.0.113.116,Public Threat Feed,40,LOW,38,NEW,2025-04-20T23:27:29+00:00,2025-05-09T23:27:29+00:00,Unknown,Synthetic fraudulent account creation observed in demo telemetry; a new account was created outside standard process. ,Persistence,T1136 (Create Account),,,7
THR-2024-0082,2024-12-20T23:27:29+00:00,Synthetic Phishing Infrastructure Sighting,Phishing,IP ADDRESS,192.0.2.56,Security Vendor,55,HIGH,56,FALSE_POSITIVE,2024-12-19T23:27:29+00:00,2024-12-20T23:27:29+00:00,Unknown,Synthetic phishing lure domain observed in demo telemetry; the domain mimics a login verification portal. Indicator is analysed as data only - never visited. ,Initial Access,T1566.002 (Phishing: Spearphishing Link),,,8
THR-2026-0362,2026-05-13T23:27:29+00:00,Demo Malware Distribution Observation,Malware,IP ADDRESS,198.51.100.84,Security Vendor,75,CRITICAL,74,MONITORING,2026-05-11T23:27:29+00:00,2026-05-13T23:27:29+00:00,Latin America,"Synthetic hash observed in demo telemetry. No behavioural report is available, so classification remains general. ",,,CVE-2024-900013,,9
THR-2026-0363,2026-02-09T23:27:29+00:00,Synthetic C2 Callback Observation,Network Threats,DOMAIN,billing.support.invalid,Security Vendor,60,HIGH,54,UNDER_REVIEW,2026-01-31T23:27:29+00:00,2026-02-09T23:27:29+00:00,Europe,Synthetic network indicator recorded in demo telemetry. Limited contextual evidence. ,,,,,2
THR-2025-0430,2025-10-02T23:27:29+00:00,Synthetic Ransomware Note Indicator,Ransomware,FILE HASH,671f53b51a05fa250cb8bee05172433e1e83174ec05e9bce3ddb9cc799e48be9,Public Threat Feed,40,LOW,38,NEW,2025-09-26T23:27:29+00:00,2025-10-02T23:27:29+00:00,,Synthetic ransomware indicator observed in demo data; associated with service stop behaviour prior to encryption and data extortion staging. ,Impact,T1486 (Data Encrypted for Impact),,,8
THR-2026-0364,2026-03-06T23:27:29+00:00,Demo SMiShing Sender Observation,Social Engineering,DOMAIN,login.updates.invalid,Research Report,65,LOW,48,MONITORING,2026-03-04T23:27:29+00:00,2026-03-06T23:27:29+00:00,Latin America,Synthetic indicator reported through the demo social-engineering reporting channel. Context is limited. ,,,,,5
THR-2025-0431,2025-07-23T23:27:29+00:00,Synthetic Lookalike Domain Alert,Phishing,DOMAIN,payment.demo.invalid,Public Threat Feed,35,LOW,31,UNDER_REVIEW,2025-07-03T23:27:29+00:00,2025-07-23T23:27:29+00:00,Europe,Synthetic credential-phishing URL observed sending users to a fake account verification page in demo logs. ,Initial Access,T1566.002 (Phishing: Spearphishing Link),,,2
THR-2026-0365,2026-06-01T23:27:29+00:00,Synthetic Phishing Lure Domain,Phishing,IP ADDRESS,198.51.100.22,Community Submission,55,MEDIUM,46,MONITORING,2026-05-06T23:27:29+00:00,2026-06-01T23:27:29+00:00,Global,Synthetic phishing lure domain observed in demo telemetry; the domain mimics a login verification portal. Indicator is analysed as data only - never visited. ,Initial Access,T1566.002 (Phishing: Spearphishing Link),,,1
THR-2025-0432,2025-12-11T23:27:29+00:00,Demo Downloader Hash Observation,Malware,FILE HASH,05a04afa1df1f2792cd0b64ed2f570bcb47ffaf0,Research Report,65,MEDIUM,56,CLOSED,2025-11-25T23:27:29+00:00,2025-12-11T23:27:29+00:00,Unknown,"Synthetic hash observed in demo telemetry. No behavioural report is available, so classification remains general. ",,,,,7
THR-2026-0366,2026-05-03T23:27:29+00:00,Synthetic Exploitable Service Observation,Vulnerability Exposure,CVE ID,CVE-2025-900023,Internal SOC,90,MEDIUM,65,MONITORING,2026-04-07T23:27:29+00:00,2026-05-03T23:27:29+00:00,Latin America,Synthetic vulnerability exposure record; demo asset inventory shows an unpatched public-facing service with a known exploit path. Defensive awareness only. ,Initial Access,T1190 (Exploit Public-Facing Application),CVE-2025-900023,,5
THR-2025-0433,2025-10-10T23:27:29+00:00,Synthetic Account Takeover Risk Indicator,Account Security,IP ADDRESS,203.0.113.233,Security Vendor,65,LOW,49,FALSE_POSITIVE,2025-10-03T23:27:29+00:00,2025-10-10T23:27:29+00:00,Latin America,Synthetic fraudulent account creation observed in demo telemetry; a new account was created outside standard process. ,Persistence,T1136 (Create Account),,,6
THR-2025-0434,2025-06-20T23:27:29+00:00,Demo Abnormal Login Pattern Observation,Account Security,IP ADDRESS,198.51.100.158,Community Submission,45,MEDIUM,50,UNDER_REVIEW,2025-05-31T23:27:29+00:00,2025-06-20T23:27:29+00:00,,Synthetic account takeover risk indicator; demo telemetry shows compromised valid accounts used from unusual locations. ,Persistence,T1136 (Create Account),,,8
THR-2025-0435,2025-09-27T23:27:29+00:00,Synthetic Malware Sample Hash,Malware,FILE HASH,2cbf614c7bb5e1354bb40feea868b483,Research Report,55,INFORMATIONAL,38,CLOSED,2025-09-13T23:27:29+00:00,2025-09-27T23:27:29+00:00,Global,Synthetic trojan hash sighted in demo data; associated with credential dumping behaviour in the sandbox report. ,,,CVE-2025-900027,,8
THR-2025-0436,2025-12-31T23:27:29+00:00,Demo Ransomware C2 Observation,Ransomware,URL,https://example.net/account/confirm,Research Report,60,MEDIUM,46,MONITORING,2025-12-04T23:27:29+00:00,2025-12-31T23:27:29+00:00,Unknown,Synthetic indicator tentatively associated with ransomware activity in demo data. Behavioural context is not yet available. ,,,,,1
THR-2025-0437,2025-11-10T23:27:29+00:00,Synthetic Malware Sample Hash,Malware,FILE HASH,150d8b61628244bcc7268a329553972be26289a1516774cb550b755aa1da0ef0,Public Threat Feed,45,MEDIUM,42,CLOSED,2025-10-31T23:27:29+00:00,2025-11-10T23:27:29+00:00,Middle East & Africa,"Synthetic hash observed in demo telemetry. No behavioural report is available, so classification remains general. ",,,,,2
THR-2026-0367,2026-07-31T23:27:29+00:00,Demo Unpatched Service Indicator,Vulnerability Exposure,DOMAIN,service.portal.invalid,Research Report,70,HIGH,62,CLOSED,2026-07-27T23:27:29+00:00,2026-07-31T23:27:29+00:00,,Synthetic exploitable service observation; demo scanning metadata indicates exposure requiring patch review. ,Initial Access,T1190 (Exploit Public-Facing Application),CVE-2024-900030,,2
THR-2026-0368,2026-10-04T23:27:29+00:00,Demo SMiShing Sender Observation,Social Engineering,URL,http://example.net/portal/verify,Internal SOC,90,MEDIUM,70,FALSE_POSITIVE,2026-10-03T23:27:29+00:00,2026-10-04T23:27:29+00:00,Global,Synthetic voice-phishing (vishing) attempt observed in demo telemetry; impersonation of the IT helpdesk was reported. ,Initial Access,T1566.003 (Phishing: Spearphishing Voice),,,3
THR-2026-0369,2026-06-26T23:27:29+00:00,Synthetic Web Injection Observation,Web Threats,IP ADDRESS,203.0.113.28,Research Report,75,LOW,55,UNDER_REVIEW,2026-06-02T23:27:29+00:00,2026-06-26T23:27:29+00:00,Global,Synthetic indicator observed in web-monitoring demo data. No specific technique context available. ,,,,,9
THR-2026-0370,2026-06-05T23:27:29+00:00,Synthetic Credential Harvester Sighting,Credential Theft,IP ADDRESS,192.0.2.206,Security Vendor,80,INFORMATIONAL,54,MONITORING,2026-05-15T23:27:29+00:00,2026-06-05T23:27:29+00:00,Latin America,Synthetic indicator observed during credential-abuse monitoring in demo telemetry. Context is limited. ,,,,,6
THR-2025-0438,2025-01-31T23:27:29+00:00,Synthetic Loader Hash Sighting,Malware,FILE HASH,c4310648c846e380a93eee1e579a0587c415d4f49fba1792878d34ffc5442442,Security Vendor,55,HIGH,56,UNDER_REVIEW,2025-01-14T23:27:29+00:00,2025-01-31T23:27:29+00:00,Middle East & Africa,Synthetic malware hash observed in demo telemetry; sample behaves as a downloader that executes an obfuscated payload and establishes C2 callback traffic. ,Execution,T1204.002 (User Execution: Malicious File),,,8
THR-2026-0371,2026-02-05T23:27:29+00:00,Demo Port Scan Activity Indicator,Network Threats,IP ADDRESS,203.0.113.197,Research Report,65,MEDIUM,52,MONITORING,2026-02-04T23:27:29+00:00,2026-02-05T23:27:29+00:00,Middle East & Africa,Synthetic scanning behaviour observed in demo data; network service scan attempts were logged from this address. ,Discovery,T1046 (Network Service Discovery),,,1
THR-2025-0439,2025-08-12T23:27:29+00:00,Demo Credential Phishing Observation,Phishing,URL,https://support.example.org/secure/login,Public Threat Feed,35,CRITICAL,49,CLOSED,2025-07-29T23:27:29+00:00,2025-08-12T23:27:29+00:00,,Synthetic indicator of possible phishing relevance observed in demo telemetry. Insufficient behavioural context for further classification. ,,,,,2
THR-2026-0372,2026-07-24T23:27:29+00:00,Synthetic C2 Callback Observation,Network Threats,URL,https://docusign-view.example.net/account/confirm,Public Threat Feed,60,HIGH,61,MONITORING,2026-07-02T23:27:29+00:00,2026-07-24T23:27:29+00:00,Latin America,Synthetic scanning behaviour observed in demo data; network service scan attempts were logged from this address. ,Discovery,T1046 (Network Service Discovery),,,4
THR-2025-0440,2025-07-18T23:27:29+00:00,Demo SMiShing Sender Observation,Social Engineering,URL,http://updates.invalid/team/share,Community Submission,40,HIGH,50,NEW,2025-07-04T23:27:29+00:00,2025-07-18T23:27:29+00:00,North America,Synthetic voice-phishing (vishing) attempt observed in demo telemetry; impersonation of the IT helpdesk was reported. ,Initial Access,T1566.003 (Phishing: Spearphishing Voice),,,6
THR-2025-0441,2025-12-10T23:27:29+00:00,Demo SMiShing Sender Observation,Social Engineering,IP ADDRESS,198.51.100.95,Research Report,70,MEDIUM,58,UNDER_REVIEW,2025-11-10T23:27:29+00:00,2025-12-10T23:27:29+00:00,Latin America,Synthetic voice-phishing (vishing) attempt observed in demo telemetry; impersonation of the IT helpdesk was reported. ,Initial Access,T1566.003 (Phishing: Spearphishing Voice),,,4
THR-2026-0373,2026-03-10T23:27:29+00:00,Synthetic Phishing Infrastructure Sighting,Phishing,URL,http://updates.invalid/secure/login,Public Threat Feed,50,LOW,44,UNDER_REVIEW,2026-03-10T23:27:29+00:00,2026-03-10T23:27:29+00:00,Europe,Synthetic credential-phishing URL observed sending users to a fake account verification page in demo logs. ,Initial Access,T1566.002 (Phishing: Spearphishing Link),,,8
THR-2026-0374,2026-07-09T23:27:29+00:00,Synthetic Backdoor Beacon Observation,Malware,FILE HASH,e5b7feec17c3b4677ea10cf7894015b9fbb6e968ef11a13a21593e12212232de,Security Vendor,75,LOW,58,CLOSED,2026-06-15T23:27:29+00:00,2026-07-09T23:27:29+00:00,Unknown,"Synthetic hash observed in demo telemetry. No behavioural report is available, so classification remains general. ",,,,,7
THR-2024-0083,2025-01-09T23:27:29+00:00,Synthetic Vulnerability Exposure Record,Vulnerability Exposure,CVE ID,CVE-2026-900003,Research Report,60,INFORMATIONAL,44,CLOSED,2024-12-21T23:27:29+00:00,2025-01-09T23:27:29+00:00,Latin America,Synthetic vulnerability exposure record; demo asset inventory shows an unpatched public-facing service with a known exploit path. Defensive awareness only. ,Initial Access,T1190 (Exploit Public-Facing Application),CVE-2026-900003,,9
THR-2025-0442,2025-07-20T23:27:29+00:00,Demo Phishing Campaign Indicator,Phishing,URL,https://login.login.invalid/auth/check,Internal SOC,70,LOW,50,MONITORING,2025-07-01T23:27:29+00:00,2025-07-20T23:27:29+00:00,Unknown,Synthetic e-mail attachment campaign observed in demo telemetry distributing phishing documents with credential harvest links. ,Initial Access,T1566.002 (Phishing: Spearphishing Link),,,9
THR-2025-0443,2025-11-23T23:27:29+00:00,Demo Phishing Campaign Indicator,Phishing,URL,http://account.example.net/account/confirm,Public Threat Feed,50,HIGH,52,NEW,2025-11-03T23:27:29+00:00,2025-11-23T23:27:29+00:00,North America,Synthetic indicator of possible phishing relevance observed in demo telemetry. Insufficient behavioural context for further classification. ,,,,,4
THR-2025-0444,2025-10-06T23:27:29+00:00,Synthetic Phishing Lure Domain,Phishing,URL,http://payment.example.org/document.html,Research Report,65,MEDIUM,56,CLOSED,2025-09-26T23:27:29+00:00,2025-10-06T23:27:29+00:00,Europe,Synthetic phishing lure domain observed in demo telemetry; the domain mimics a login verification portal. Indicator is analysed as data only - never visited. ,Initial Access,T1566.002 (Phishing: Spearphishing Link),,,7
THR-2025-0445,2025-11-03T23:27:29+00:00,Synthetic Lookalike Domain Alert,Phishing,IP ADDRESS,192.0.2.129,Research Report,70,LOW,55,MONITORING,2025-10-04T23:27:29+00:00,2025-11-03T23:27:29+00:00,Middle East & Africa,Synthetic credential-phishing URL observed sending users to a fake account verification page in demo logs. ,Initial Access,T1566.002 (Phishing: Spearphishing Link),,,9
THR-2026-0375,2026-02-19T23:27:29+00:00,Demo Password Spray Observation,Credential Theft,IP ADDRESS,203.0.113.127,Public Threat Feed,50,LOW,48,MONITORING,2026-02-18T23:27:29+00:00,2026-02-19T23:27:29+00:00,Global,Synthetic indicator observed during credential-abuse monitoring in demo telemetry. Context is limited. ,,,,,9
THR-2026-0376,2026-07-16T23:27:29+00:00,Synthetic Phishing Lure Domain,Phishing,URL,http://billing.example.org/secure-update/payment,Public Threat Feed,60,MEDIUM,58,MONITORING,2026-07-04T23:27:29+00:00,2026-07-16T23:27:29+00:00,,Synthetic indicator of possible phishing relevance observed in demo telemetry. Insufficient behavioural context for further classification. ,,,,,6
THR-2026-0377,2026-03-03T23:27:29+00:00,Demo Ransomware C2 Observation,Ransomware,IP ADDRESS,192.0.2.242,Public Threat Feed,50,CRITICAL,59,MONITORING,2026-02-01T23:27:29+00:00,2026-03-03T23:27:29+00:00,Middle East & Africa,Synthetic indicator tentatively associated with ransomware activity in demo data. Behavioural context is not yet available. ,,,,,4
THR-2025-0446,2026-01-02T23:27:29+00:00,Demo Exfiltration Endpoint Indicator,Data Exposure,URL,http://mail.invalid/account/confirm,Unknown Source,25,CRITICAL,49,MONITORING,2025-12-27T23:27:29+00:00,2026-01-02T23:27:29+00:00,Unknown,Synthetic indicator associated with possible data-exposure monitoring in demo data. Context is limited. ,,,,,3
THR-2025-0447,2025-09-27T23:27:29+00:00,Synthetic Exploitable Service Observation,Vulnerability Exposure,URL,https://portal.invalid/portal/verify,Internal SOC,65,MEDIUM,48,NEW,2025-08-28T23:27:29+00:00,2025-09-27T23:27:29+00:00,,Synthetic vulnerability-related indicator from demo asset review. Detailed context pending. ,,,CVE-2025-900026,,2
THR-2025-0448,2025-07-31T23:27:29+00:00,Synthetic Beaconing Host Indicator,Network Threats,IP ADDRESS,203.0.113.69,Research Report,55,MEDIUM,50,MONITORING,2025-07-19T23:27:29+00:00,2025-07-31T23:27:29+00:00,Asia-Pacific,Synthetic scanning behaviour observed in demo data; network service scan attempts were logged from this address. ,Discovery,T1046 (Network Service Discovery),,,8
THR-2024-0084,2024-12-23T23:27:29+00:00,Synthetic Phishing Infrastructure Sighting,Phishing,FILE HASH,de93e94460992fdfd43a55f1957cee0a4b82e85f,Research Report,55,LOW,44,CLOSED,2024-12-04T23:27:29+00:00,2024-12-23T23:27:29+00:00,Europe,Synthetic indicator of possible phishing relevance observed in demo telemetry. Insufficient behavioural context for further classification. ,,,,,6
THR-2026-0378,2026-01-29T23:27:29+00:00,Synthetic Vulnerability Exposure Record,Vulnerability Exposure,CVE ID,CVE-2026-900030,Unknown Source,35,LOW,40,NEW,2026-01-21T23:27:29+00:00,2026-01-29T23:27:29+00:00,Global,Synthetic vulnerability exposure record; demo asset inventory shows an unpatched public-facing service with a known exploit path. Defensive awareness only. ,Initial Access,T1190 (Exploit Public-Facing Application),CVE-2026-900030,,5
THR-2025-0449,2025-01-15T23:27:29+00:00,Demo Ransomware C2 Observation,Ransomware,FILE HASH,45d5083577eb94239be4de55bdc6bf710d8e68d3c0a4b5282ae7b37eb0c78533,Public Threat Feed,40,LOW,38,MONITORING,2025-01-12T23:27:29+00:00,2025-01-15T23:27:29+00:00,Europe,Synthetic indicator tentatively associated with ransomware activity in demo data. Behavioural context is not yet available. ,,,,,9
THR-2024-0085,2024-12-15T23:27:29+00:00,Synthetic Loader Hash Sighting,Malware,FILE HASH,fec2060e6ed4f2018bc5d77eb0e48309bab7e5f30497ce3410d1c913df045eea,Internal SOC,70,MEDIUM,56,MONITORING,2024-11-29T23:27:29+00:00,2024-12-15T23:27:29+00:00,Asia-Pacific,"Synthetic hash observed in demo telemetry. No behavioural report is available, so classification remains general. ",,,,,9
THR-2025-0450,2025-09-12T23:27:29+00:00,Synthetic Lookalike Domain Alert,Phishing,IP ADDRESS,198.51.100.51,Public Threat Feed,50,HIGH,56,MONITORING,2025-09-03T23:27:29+00:00,2025-09-12T23:27:29+00:00,Global,Synthetic indicator of possible phishing relevance observed in demo telemetry. Insufficient behavioural context for further classification. ,,,,,6
THR-2026-0379,2026-10-04T23:27:29+00:00,Demo Password Spray Observation,Credential Theft,URL,https://notify.example.com/document.html,Internal SOC,90,CRITICAL,87,NEW,2026-09-17T23:27:29+00:00,2026-10-04T23:27:29+00:00,Global,Synthetic credential-harvesting page observed in demo telemetry; the page mimics a password store sign-in form. ,Credential Access,T1555 (Credentials from Password Stores),,,7
THR-2024-0086,2025-01-02T23:27:29+00:00,Synthetic Phishing Lure Domain,Phishing,URL,http://password.billing.invalid/secure-update/payment,Research Report,55,LOW,44,NEW,2024-12-04T23:27:29+00:00,2025-01-02T23:27:29+00:00,North America,Synthetic indicator of possible phishing relevance observed in demo telemetry. Insufficient behavioural context for further classification. ,,,,,8
THR-2026-0380,2026-04-02T23:27:29+00:00,Demo Credential Phishing Observation,Phishing,FILE HASH,f5ff1ed0959b0c8e8b5f269c287055e5,Internal SOC,80,MEDIUM,62,MONITORING,2026-03-21T23:27:29+00:00,2026-04-02T23:27:29+00:00,Asia-Pacific,Synthetic indicator of possible phishing relevance observed in demo telemetry. Insufficient behavioural context for further classification. ,,,,,9
THR-2025-0451,2025-05-13T23:27:29+00:00,Demo Drive-by Download Serving Domain,Web Threats,URL,https://secure.portal.invalid/team/share,Research Report,55,HIGH,56,UNDER_REVIEW,2025-04-19T23:27:29+00:00,2025-05-13T23:27:29+00:00,,Synthetic web attack indicator observed in demo telemetry; exploitation attempts against a public-facing application were recorded in demo logs. ,Initial Access,T1190 (Exploit Public-Facing Application),CVE-2024-900012,,9
THR-2026-0381,2026-07-14T23:27:29+00:00,Demo Tor Proxy Exit Observation,Network Threats,DOMAIN,cloud-backup.support.invalid,Public Threat Feed,60,CRITICAL,68,MONITORING,2026-06-18T23:27:29+00:00,2026-07-14T23:27:29+00:00,Asia-Pacific,Synthetic network indicator recorded in demo telemetry. Limited contextual evidence. ,,,,,4
THR-2025-0452,2025-08-01T23:27:29+00:00,Demo SMiShing Sender Observation,Social Engineering,DOMAIN,notify.secure.invalid,Internal SOC,70,MEDIUM,54,CLOSED,2025-07-30T23:27:29+00:00,2025-08-01T23:27:29+00:00,Latin America,Synthetic SMiShing campaign indicator observed in demo data; messages impersonate a delivery service with a QR code lure. ,Initial Access,T1566.003 (Phishing: Spearphishing Voice),,,5
THR-2025-0453,2026-01-05T23:27:29+00:00,Synthetic Ransomware Sample,Ransomware,FILE HASH,b21533d216a281a688357b01355655492ed6446b813f806c3278110432535377,Internal SOC,75,INFORMATIONAL,42,FALSE_POSITIVE,2025-12-26T23:27:29+00:00,2026-01-05T23:27:29+00:00,Middle East & Africa,Synthetic indicator tentatively associated with ransomware activity in demo data. Behavioural context is not yet available. ,,,,,2
THR-2025-0454,2025-07-30T23:27:29+00:00,Synthetic Vulnerability Exposure Record,Vulnerability Exposure,DOMAIN,docusign-view.support.invalid,Community Submission,40,CRITICAL,54,NEW,2025-07-11T23:27:29+00:00,2025-07-30T23:27:29+00:00,Asia-Pacific,Synthetic vulnerability-related indicator from demo asset review. Detailed context pending. ,,,CVE-2024-900020,,4
THR-2026-0382,2026-07-03T23:27:29+00:00,Demo Unpatched Service Indicator,Vulnerability Exposure,DOMAIN,portal-verify.login.invalid,Internal SOC,90,HIGH,73,MONITORING,2026-06-21T23:27:29+00:00,2026-07-03T23:27:29+00:00,Latin America,Synthetic vulnerability exposure record; demo asset inventory shows an unpatched public-facing service with a known exploit path. Defensive awareness only. ,Initial Access,T1190 (Exploit Public-Facing Application),CVE-2025-900003,,9
THR-2026-0383,2026-02-22T23:27:29+00:00,Synthetic Credential Stuffing Observation,Credential Theft,DOMAIN,wire-transfer.example.org,Security Vendor,65,HIGH,62,NEW,2026-02-02T23:27:29+00:00,2026-02-22T23:27:29+00:00,Asia-Pacific,Synthetic credential stuffing activity observed in demo telemetry; high volume of brute force attempts against login endpoints from shared infrastructure. ,Credential Access,T1110 (Brute Force),,,7
THR-2025-0455,2025-04-23T23:27:29+00:00,Synthetic Exploitable Service Observation,Vulnerability Exposure,URL,https://mail.invalid/attachment/invoice-2026.zip.html,Public Threat Feed,40,HIGH,46,NEW,2025-03-28T23:27:29+00:00,2025-04-23T23:27:29+00:00,North America,Synthetic vulnerability exposure record; demo asset inventory shows an unpatched public-facing service with a known exploit path. Defensive awareness only. ,Initial Access,T1190 (Exploit Public-Facing Application),CVE-2024-900020,,3
THR-2026-0384,2026-10-04T23:27:29+00:00,Synthetic Credential Harvester Sighting,Credential Theft,URL,https://password.example.org/update-password,Security Vendor,75,LOW,58,MONITORING,2026-09-21T23:27:29+00:00,2026-10-04T23:27:29+00:00,North America,Synthetic credential stuffing activity observed in demo telemetry; high volume of brute force attempts against login endpoints from shared infrastructure. ,Credential Access,T1110 (Brute Force),,,3
THR-2026-0385,2026-06-01T23:27:29+00:00,Synthetic Lookalike Domain Alert,Phishing,URL,http://cloud-backup.login.invalid/secure/login,Internal SOC,85,LOW,53,CLOSED,2026-05-03T23:27:29+00:00,2026-06-01T23:27:29+00:00,Middle East & Africa,Synthetic indicator of possible phishing relevance observed in demo telemetry. Insufficient behavioural context for further classification. ,,,,,2
THR-2026-0386,2026-10-04T23:27:29+00:00,Synthetic Vulnerability Exposure Record,Vulnerability Exposure,URL,https://account.billing.invalid/password-reset/verify,Research Report,75,LOW,63,NEW,2026-09-20T23:27:29+00:00,2026-10-04T23:27:29+00:00,Global,Synthetic vulnerability exposure record; demo asset inventory shows an unpatched public-facing service with a known exploit path. Defensive awareness only. ,Initial Access,T1190 (Exploit Public-Facing Application),CVE-2025-900005,,9
THR-2025-0456,2025-06-06T23:27:29+00:00,Synthetic Lookalike Domain Alert,Phishing,URL,http://billing.secure.invalid/secure/login,Research Report,50,HIGH,47,CLOSED,2025-06-02T23:27:29+00:00,2025-06-06T23:27:29+00:00,Global,Synthetic e-mail attachment campaign observed in demo telemetry distributing phishing documents with credential harvest links. ,Initial Access,T1566.002 (Phishing: Spearphishing Link),,,1
THR-2026-0387,2026-03-14T23:27:29+00:00,Synthetic Credential Harvester Sighting,Credential Theft,DOMAIN,verify.portal.invalid,Security Vendor,65,HIGH,60,UNDER_REVIEW,2026-03-06T23:27:29+00:00,2026-03-14T23:27:29+00:00,Unknown,Synthetic credential stuffing activity observed in demo telemetry; high volume of brute force attempts against login endpoints from shared infrastructure. ,Credential Access,T1110 (Brute Force),,,5
THR-2025-0457,2025-05-13T23:27:29+00:00,Demo Exfiltration Endpoint Indicator,Data Exposure,DOMAIN,account.login.invalid,Security Vendor,50,MEDIUM,42,CLOSED,2025-04-15T23:27:29+00:00,2025-05-13T23:27:29+00:00,North America,Synthetic exfiltration observation in demo telemetry; large outbound transfer attempts to an external endpoint were recorded. ,Exfiltration,T1048 (Exfiltration Over Alternative Protocol),,,2
THR-2025-0458,2025-04-26T23:27:29+00:00,Demo SMiShing Sender Observation,Social Engineering,IP ADDRESS,203.0.113.22,Security Vendor,55,MEDIUM,47,UNDER_REVIEW,2025-03-30T23:27:29+00:00,2025-04-26T23:27:29+00:00,Europe,Synthetic SMiShing campaign indicator observed in demo data; messages impersonate a delivery service with a QR code lure. ,Initial Access,T1566.003 (Phishing: Spearphishing Voice),,,4
THR-2025-0459,2025-07-06T23:27:29+00:00,Demo Brute Force Activity,Credential Theft,URL,https://account.example.com/password-reset/verify,Community Submission,35,LOW,31,MONITORING,2025-07-03T23:27:29+00:00,2025-07-06T23:27:29+00:00,Unknown,Synthetic credential-harvesting page observed in demo telemetry; the page mimics a password store sign-in form. ,Credential Access,T1555 (Credentials from Password Stores),,,2
THR-2025-0460,2025-02-21T23:27:29+00:00,Synthetic Lookalike Domain Alert,Phishing,EMAIL DOMAIN,service.secure.invalid,Community Submission,40,HIGH,50,CLOSED,2025-02-02T23:27:29+00:00,2025-02-21T23:27:29+00:00,,Synthetic indicator of possible phishing relevance observed in demo telemetry. Insufficient behavioural context for further classification. ,,,,,9
THR-2025-0461,2025-11-10T23:27:29+00:00,Synthetic Malware Sample Hash,Malware,FILE HASH,fe0c77b2707ea04ce07f383cbb688739,Community Submission,45,LOW,35,CLOSED,2025-10-16T23:27:29+00:00,2025-11-10T23:27:29+00:00,Unknown,"Synthetic hash observed in demo telemetry. No behavioural report is available, so classification remains general. ",,,,,1
THR-2025-0462,2025-09-30T23:27:29+00:00,Synthetic Web Injection Observation,Web Threats,IP ADDRESS,2001:db8:799:::1481,Security Vendor,55,INFORMATIONAL,38,NEW,2025-09-23T23:27:29+00:00,2025-09-30T23:27:29+00:00,Europe,Synthetic indicator observed in web-monitoring demo data. No specific technique context available. ,,,,,6
THR-2026-0388,2026-08-25T23:27:29+00:00,Demo SQL Injection Attempt Indicator,Web Threats,IP ADDRESS,203.0.113.76,Internal SOC,85,INFORMATIONAL,50,UNDER_REVIEW,2026-08-08T23:27:29+00:00,2026-08-25T23:27:29+00:00,Global,Synthetic web attack indicator observed in demo telemetry; exploitation attempts against a public-facing application were recorded in demo logs. ,Initial Access,T1190 (Exploit Public-Facing Application),,,2
THR-2026-0389,2026-01-15T23:27:29+00:00,Demo SQL Injection Attempt Indicator,Web Threats,IP ADDRESS,2001:db8:f2d:::530,Community Submission,50,HIGH,56,MONITORING,2026-01-12T23:27:29+00:00,2026-01-15T23:27:29+00:00,Latin America,Synthetic indicator observed in web-monitoring demo data. No specific technique context available. ,,,,,6
THR-2026-0390,2026-02-03T23:27:29+00:00,Demo Vishing Campaign Indicator,Social Engineering,IP ADDRESS,192.0.2.89,Community Submission,55,LOW,49,UNDER_REVIEW,2026-01-24T23:27:29+00:00,2026-02-03T23:27:29+00:00,Europe,Synthetic indicator reported through the demo social-engineering reporting channel. Context is limited. ,,,,,6
THR-2026-0391,2026-10-01T23:27:29+00:00,Synthetic Fraudulent Account Creation Indicator,Account Security,IP ADDRESS,203.0.113.123,Community Submission,65,MEDIUM,68,NEW,2026-09-09T23:27:29+00:00,2026-10-01T23:27:29+00:00,Middle East & Africa,Synthetic account takeover risk indicator; demo telemetry shows compromised valid accounts used from unusual locations. ,Persistence,T1136 (Create Account),,,9
THR-2026-0392,2026-09-06T23:27:29+00:00,Demo Malware Distribution Observation,Malware,FILE HASH,1925642f8226c15c0ddfae36ba98cff02b06f32e456c7e3dafe53ff85fa8777f,Internal SOC,85,CRITICAL,76,MONITORING,2026-08-18T23:27:29+00:00,2026-09-06T23:27:29+00:00,Asia-Pacific,Synthetic malware hash observed in demo telemetry; sample behaves as a downloader that executes an obfuscated payload and establishes C2 callback traffic. ,Execution,T1204.002 (User Execution: Malicious File),,,1
THR-2025-0463,2025-05-28T23:27:29+00:00,Synthetic Trojan Hash Indicator,Malware,FILE HASH,324b9ae6b517ac1cded30a8b3aed16ed8cb45b7079fc156cf28a3c1e6af6b134,Community Submission,35,LOW,29,FALSE_POSITIVE,2025-05-25T23:27:29+00:00,2025-05-28T23:27:29+00:00,North America,"Synthetic hash observed in demo telemetry. No behavioural report is available, so classification remains general. ",,,,,1
THR-2025-0464,2025-10-28T23:27:29+00:00,Synthetic Trojan Hash Indicator,Malware,IP ADDRESS,198.51.100.171,Security Vendor,70,LOW,55,CLOSED,2025-10-05T23:27:29+00:00,2025-10-28T23:27:29+00:00,Asia-Pacific,"Synthetic hash observed in demo telemetry. No behavioural report is available, so classification remains general. ",,,CVE-2026-900019,,7
THR-2026-0393,2026-09-25T23:27:29+00:00,Demo SMiShing Sender Observation,Social Engineering,FILE HASH,f2e947aa089e69926d527d4aeaad806ae8c70ec1c0850c5e791304a2b7312fb3,Internal SOC,85,INFORMATIONAL,51,MONITORING,2026-09-15T23:27:29+00:00,2026-09-25T23:27:29+00:00,Europe,Synthetic SMiShing campaign indicator observed in demo data; messages impersonate a delivery service with a QR code lure. ,Initial Access,T1566.003 (Phishing: Spearphishing Voice),,,1
THR-2026-0394,2026-09-23T23:27:29+00:00,Demo SMiShing Sender Observation,Social Engineering,URL,http://login.invalid/auth/check,Internal SOC,90,MEDIUM,72,FALSE_POSITIVE,2026-09-23T23:27:29+00:00,2026-09-23T23:27:29+00:00,Middle East & Africa,Synthetic indicator reported through the demo social-engineering reporting channel. Context is limited. ,,,,,8
THR-2025-0465,2025-03-26T23:27:29+00:00,Demo Ransomware C2 Observation,Ransomware,FILE HASH,d58afd14f22f8765f9a804926b3741344bc133fb6c97507a179a2c1eaceb14cb,Research Report,55,HIGH,53,CLOSED,2025-03-16T23:27:29+00:00,2025-03-26T23:27:29+00:00,,Synthetic indicator tentatively associated with ransomware activity in demo data. Behavioural context is not yet available. ,,,,,4
THR-2026-0395,2026-04-05T23:27:29+00:00,Synthetic Vulnerability Exposure Record,Vulnerability Exposure,CVE ID,CVE-2026-900016,Public Threat Feed,50,CRITICAL,58,MONITORING,2026-03-21T23:27:29+00:00,2026-04-05T23:27:29+00:00,North America,Synthetic vulnerability-related indicator from demo asset review. Detailed context pending. ,,,CVE-2026-900016,,3
THR-2025-0466,2025-11-07T23:27:29+00:00,Synthetic Exploitable Service Observation,Vulnerability Exposure,URL,http://secure.mail.invalid/document.html,Public Threat Feed,45,INFORMATIONAL,30,NEW,2025-10-26T23:27:29+00:00,2025-11-07T23:27:29+00:00,Middle East & Africa,Synthetic exploitable service observation; demo scanning metadata indicates exposure requiring patch review. ,Initial Access,T1190 (Exploit Public-Facing Application),CVE-2026-900013,,2
THR-2025-0467,2025-08-09T23:27:29+00:00,Demo Brute Force Activity,Credential Theft,URL,http://support.invalid/invoice/view.html,Internal SOC,70,MEDIUM,54,MONITORING,2025-07-18T23:27:29+00:00,2025-08-09T23:27:29+00:00,Middle East & Africa,Synthetic credential-harvesting page observed in demo telemetry; the page mimics a password store sign-in form. ,Credential Access,T1555 (Credentials from Password Stores),,,5
THR-2026-0396,2026-09-28T23:27:29+00:00,Synthetic Lookalike Domain Alert,Phishing,IP ADDRESS,203.0.113.229,Public Threat Feed,60,MEDIUM,67,MONITORING,2026-09-02T23:27:29+00:00,2026-09-28T23:27:29+00:00,Unknown,Synthetic indicator of possible phishing relevance observed in demo telemetry. Insufficient behavioural context for further classification. ,,,,,9
THR-2025-0468,2025-10-25T23:27:29+00:00,Demo Malware Distribution Observation,Malware,FILE HASH,fbd40c09b40d2bffa9ab8cc590e8239923659f1f,Security Vendor,65,HIGH,57,CLOSED,2025-10-23T23:27:29+00:00,2025-10-25T23:27:29+00:00,Middle East & Africa,"Synthetic hash observed in demo telemetry. No behavioural report is available, so classification remains general. ",,,,,3
THR-2025-0469,2025-10-08T23:27:29+00:00,Demo Ransomware C2 Observation,Ransomware,IP ADDRESS,203.0.113.112,Security Vendor,70,HIGH,66,NEW,2025-09-21T23:27:29+00:00,2025-10-08T23:27:29+00:00,,Synthetic ransomware indicator observed in demo data; associated with service stop behaviour prior to encryption and data extortion staging. ,Impact,T1486 (Data Encrypted for Impact),,,6
THR-2025-0470,2025-05-20T23:27:29+00:00,Synthetic Beaconing Host Indicator,Network Threats,IP ADDRESS,192.0.2.150,Internal SOC,65,CRITICAL,59,FALSE_POSITIVE,2025-05-16T23:27:29+00:00,2025-05-20T23:27:29+00:00,Asia-Pacific,Synthetic network indicator recorded in demo telemetry. Limited contextual evidence. ,,,,,1
THR-2026-0397,2026-08-18T23:27:29+00:00,Demo Brute Force Activity,Credential Theft,URL,https://team-share.example.net/account/confirm,Community Submission,60,HIGH,60,MONITORING,2026-08-07T23:27:29+00:00,2026-08-18T23:27:29+00:00,Global,Synthetic indicator observed during credential-abuse monitoring in demo telemetry. Context is limited. ,,,,,3
THR-2025-0471,2025-12-18T23:27:29+00:00,Synthetic Lookalike Domain Alert,Phishing,IP ADDRESS,192.0.2.20,Internal SOC,85,INFORMATIONAL,54,NEW,2025-11-27T23:27:29+00:00,2025-12-18T23:27:29+00:00,Middle East & Africa,Synthetic credential-phishing URL observed sending users to a fake account verification page in demo logs. ,Initial Access,T1566.002 (Phishing: Spearphishing Link),,,6
THR-2026-0398,2026-03-14T23:27:29+00:00,Demo Ransomware Payload Hash,Ransomware,FILE HASH,0aeb74acca910d12261720fd84edf0bf1ab7fe6bbf3b253f052c19944a711fda,Internal SOC,80,MEDIUM,61,MONITORING,2026-02-12T23:27:29+00:00,2026-03-14T23:27:29+00:00,Unknown,Synthetic indicator tentatively associated with ransomware activity in demo data. Behavioural context is not yet available. ,,,,,6
THR-2024-0087,2025-01-11T23:27:29+00:00,Demo Password Spray Observation,Credential Theft,IP ADDRESS,192.0.2.188,Public Threat Feed,40,LOW,36,MONITORING,2024-12-17T23:27:29+00:00,2025-01-11T23:27:29+00:00,Europe,Synthetic credential-harvesting page observed in demo telemetry; the page mimics a password store sign-in form. ,Credential Access,T1555 (Credentials from Password Stores),,,5
THR-2025-0472,2025-04-28T23:27:29+00:00,Synthetic Credential Harvester Sighting,Credential Theft,IP ADDRESS,192.0.2.214,Research Report,50,LOW,35,NEW,2025-04-10T23:27:29+00:00,2025-04-28T23:27:29+00:00,North America,Synthetic indicator observed during credential-abuse monitoring in demo telemetry. Context is limited. ,,,,,1
THR-2025-0473,2025-04-26T23:27:29+00:00,Synthetic Beaconing Host Indicator,Network Threats,IP ADDRESS,198.51.100.254,Public Threat Feed,40,LOW,38,FALSE_POSITIVE,2025-04-26T23:27:29+00:00,2025-04-26T23:27:29+00:00,North America,Synthetic network indicator recorded in demo telemetry. Limited contextual evidence. ,,,,,6
THR-2025-0474,2025-09-18T23:27:29+00:00,Synthetic Account Takeover Risk Indicator,Account Security,IP ADDRESS,198.51.100.82,Community Submission,45,MEDIUM,50,MONITORING,2025-09-07T23:27:29+00:00,2025-09-18T23:27:29+00:00,Europe,Synthetic account takeover risk indicator; demo telemetry shows compromised valid accounts used from unusual locations. ,Persistence,T1136 (Create Account),,,9
THR-2026-0399,2026-09-05T23:27:29+00:00,Synthetic Exploit Kit Domain,Web Threats,IP ADDRESS,192.0.2.65,Research Report,80,LOW,66,NEW,2026-08-23T23:27:29+00:00,2026-09-05T23:27:29+00:00,,Synthetic drive-by domain observed in demo data; client browser exploitation behaviour was simulated. ,Initial Access,T1190 (Exploit Public-Facing Application),,,8
THR-2025-0475,2025-05-07T23:27:29+00:00,Demo Credential Phishing Observation,Phishing,DOMAIN,portal.login.invalid,Security Vendor,55,LOW,42,MONITORING,2025-04-21T23:27:29+00:00,2025-05-07T23:27:29+00:00,,Synthetic e-mail attachment campaign observed in demo telemetry distributing phishing documents with credential harvest links. ,Initial Access,T1566.002 (Phishing: Spearphishing Link),,,5
THR-2026-0400,2026-08-29T23:27:29+00:00,Demo Phishing Campaign Indicator,Phishing,FILE HASH,9a0cea12bb8059bc9e9b7f7b74237dfa,Research Report,75,MEDIUM,64,MONITORING,2026-08-27T23:27:29+00:00,2026-08-29T23:27:29+00:00,Asia-Pacific,Synthetic credential-phishing URL observed sending users to a fake account verification page in demo logs. ,Initial Access,T1566.002 (Phishing: Spearphishing Link),,,7
THR-2026-0401,2026-03-18T23:27:29+00:00,Synthetic Fake Portal Domain,Phishing,DOMAIN,wire-transfer.demo.invalid,Internal SOC,80,MEDIUM,62,UNDER_REVIEW,2026-02-20T23:27:29+00:00,2026-03-18T23:27:29+00:00,Middle East & Africa,Synthetic indicator of possible phishing relevance observed in demo telemetry. Insufficient behavioural context for further classification. ,,,,,7
THR-2025-0476,2025-05-16T23:27:29+00:00,Synthetic Ransomware Sample,Ransomware,FILE HASH,ea94b8aebc2f6260e9281c699f9b20b75a80ee4c,Internal SOC,65,HIGH,54,CLOSED,2025-04-22T23:27:29+00:00,2025-05-16T23:27:29+00:00,Latin America,Synthetic indicator tentatively associated with ransomware activity in demo data. Behavioural context is not yet available. ,,,,,2
THR-2025-0477,2025-10-02T23:27:29+00:00,Synthetic Fake Portal Domain,Phishing,DOMAIN,mail.login.invalid,Internal SOC,70,CRITICAL,69,CLOSED,2025-09-27T23:27:29+00:00,2025-10-02T23:27:29+00:00,Middle East & Africa,Synthetic e-mail attachment campaign observed in demo telemetry distributing phishing documents with credential harvest links. ,Initial Access,T1566.002 (Phishing: Spearphishing Link),,,7
THR-2025-0478,2025-09-29T23:27:29+00:00,Synthetic Phishing Infrastructure Sighting,Phishing,EMAIL DOMAIN,document.demo.invalid,Internal SOC,70,HIGH,62,CLOSED,2025-09-26T23:27:29+00:00,2025-09-29T23:27:29+00:00,Global,Synthetic phishing lure domain observed in demo telemetry; the domain mimics a login verification portal. Indicator is analysed as data only - never visited. ,Initial Access,T1566.002 (Phishing: Spearphishing Link),,,7
THR-2025-0479,2025-11-11T23:27:29+00:00,Synthetic Malware Sample Hash,Malware,FILE HASH,6a4091d6535c02d0626944b972bd43bed714984f011ff9c4e73d87022ac0322a,Research Report,65,HIGH,62,MONITORING,2025-10-24T23:27:29+00:00,2025-11-11T23:27:29+00:00,,Synthetic malware hash observed in demo telemetry; sample behaves as a downloader that executes an obfuscated payload and establishes C2 callback traffic. ,Execution,T1204.002 (User Execution: Malicious File),,,7
THR-2025-0480,2025-02-02T23:27:29+00:00,Synthetic Credential Harvester Sighting,Credential Theft,DOMAIN,support.secure.invalid,Community Submission,40,MEDIUM,42,UNDER_REVIEW,2025-01-25T23:27:29+00:00,2025-02-02T23:27:29+00:00,Unknown,Synthetic credential stuffing activity observed in demo telemetry; high volume of brute force attempts against login endpoints from shared infrastructure. ,Credential Access,T1110 (Brute Force),,,5
THR-2025-0481,2025-03-12T23:27:29+00:00,Demo Malware Distribution Observation,Malware,FILE HASH,77f688c575da132e33cb1f64a78b2b2b6bdbd4a2f572331ee4aef44de58d4185,Public Threat Feed,40,LOW,35,UNDER_REVIEW,2025-02-12T23:27:29+00:00,2025-03-12T23:27:29+00:00,Middle East & Africa,"Synthetic hash observed in demo telemetry. No behavioural report is available, so classification remains general. ",,,CVE-2025-900026,,4
THR-2024-0088,2024-12-11T23:27:29+00:00,Demo Port Scan Activity Indicator,Network Threats,IP ADDRESS,198.51.100.71,Research Report,60,LOW,44,NEW,2024-11-19T23:27:29+00:00,2024-12-11T23:27:29+00:00,Latin America,Synthetic scanning behaviour observed in demo data; network service scan attempts were logged from this address. ,Discovery,T1046 (Network Service Discovery),,,3
THR-2025-0482,2025-09-21T23:27:29+00:00,Synthetic Malware Sample Hash,Malware,FILE HASH,0a0f677be73a4e01a481ab8325fc5e3298999f50,Research Report,55,CRITICAL,63,CLOSED,2025-08-29T23:27:29+00:00,2025-09-21T23:27:29+00:00,Unknown,"Synthetic hash observed in demo telemetry. No behavioural report is available, so classification remains general. ",,,,,8
THR-2026-0402,2026-04-05T23:27:29+00:00,Synthetic Exploitable Service Observation,Vulnerability Exposure,CVE ID,CVE-2024-900006,Unknown Source,40,MEDIUM,49,FALSE_POSITIVE,2026-03-13T23:27:29+00:00,2026-04-05T23:27:29+00:00,North America,Synthetic vulnerability-related indicator from demo asset review. Detailed context pending. ,,,CVE-2024-900006,,6
THR-2025-0483,2025-11-08T23:27:29+00:00,Demo Credential Phishing Observation,Phishing,URL,https://update.example.net/login,Community Submission,45,HIGH,48,CLOSED,2025-10-26T23:27:29+00:00,2025-11-08T23:27:29+00:00,Latin America,Synthetic indicator of possible phishing relevance observed in demo telemetry. Insufficient behavioural context for further classification. ,,,,,2
THR-2025-0484,2026-01-17T23:27:29+00:00,Demo Abnormal Login Pattern Observation,Account Security,IP ADDRESS,198.51.100.50,Community Submission,50,LOW,44,FALSE_POSITIVE,2025-12-21T23:27:29+00:00,2026-01-17T23:27:29+00:00,Unknown,Synthetic indicator from demo account-monitoring telemetry. Context is limited. ,Persistence,T1136 (Create Account),,,9
THR-2026-0403,2026-04-24T23:27:29+00:00,Demo Credential Phishing Observation,Phishing,URL,http://support.invalid/verify-account.html,Internal SOC,90,LOW,61,NEW,2026-04-05T23:27:29+00:00,2026-04-24T23:27:29+00:00,Asia-Pacific,Synthetic phishing lure domain observed in demo telemetry; the domain mimics a login verification portal. Indicator is analysed as data only - never visited. ,Initial Access,T1566.002 (Phishing: Spearphishing Link),,,9
THR-2025-0485,2025-08-26T23:27:29+00:00,Demo Credential Phishing Observation,Phishing,FILE HASH,7d72a3d7e081b6028c34780eeeee4dd1fedbd111b962a431e1e8ab7aa9841975,Research Report,55,MEDIUM,48,MONITORING,2025-08-07T23:27:29+00:00,2025-08-26T23:27:29+00:00,Unknown,Synthetic phishing lure domain observed in demo telemetry; the domain mimics a login verification portal. Indicator is analysed as data only - never visited. ,Initial Access,T1566.002 (Phishing: Spearphishing Link),,,5
THR-2026-0404,2026-06-29T23:27:29+00:00,Synthetic Impersonation Attempt,Social Engineering,URL,https://example.org/invoice/view.html,Security Vendor,75,CRITICAL,69,UNDER_REVIEW,2026-06-13T23:27:29+00:00,2026-06-29T23:27:29+00:00,,Synthetic indicator reported through the demo social-engineering reporting channel. Context is limited. ,,,,,3
THR-2025-0486,2025-05-22T23:27:29+00:00,Demo Brute Force Activity,Credential Theft,IP ADDRESS,198.51.100.10,Research Report,60,HIGH,60,MONITORING,2025-05-07T23:27:29+00:00,2025-05-22T23:27:29+00:00,Europe,Synthetic indicator observed during credential-abuse monitoring in demo telemetry. Context is limited. ,,,,,5
THR-2026-0405,2026-07-03T23:27:29+00:00,Demo Exfiltration Endpoint Indicator,Data Exposure,IP ADDRESS,198.51.100.167,Research Report,75,HIGH,65,FALSE_POSITIVE,2026-06-06T23:27:29+00:00,2026-07-03T23:27:29+00:00,Latin America,Synthetic indicator associated with possible data-exposure monitoring in demo data. Context is limited. ,,,,,5
THR-2026-0406,2026-03-11T23:27:29+00:00,Demo Password Spray Observation,Credential Theft,URL,https://secure.invalid/team/share,Public Threat Feed,50,LOW,44,CLOSED,2026-02-24T23:27:29+00:00,2026-03-11T23:27:29+00:00,Global,Synthetic credential-harvesting page observed in demo telemetry; the page mimics a password store sign-in form. ,Credential Access,T1555 (Credentials from Password Stores),,,6
THR-2026-0407,2026-08-07T23:27:29+00:00,Synthetic Exploit Kit Domain,Web Threats,IP ADDRESS,203.0.113.149,Security Vendor,75,LOW,58,UNDER_REVIEW,2026-07-14T23:27:29+00:00,2026-08-07T23:27:29+00:00,,Synthetic web attack indicator observed in demo telemetry; exploitation attempts against a public-facing application were recorded in demo logs. ,Initial Access,T1190 (Exploit Public-Facing Application),,,6
THR-2026-0408,2026-08-23T23:27:29+00:00,Demo Vishing Campaign Indicator,Social Engineering,URL,http://helpdesk.demo.invalid/update-password,Security Vendor,75,MEDIUM,62,MONITORING,2026-08-21T23:27:29+00:00,2026-08-23T23:27:29+00:00,Latin America,Synthetic indicator reported through the demo social-engineering reporting channel. Context is limited. ,,,,,5
THR-2025-0487,2025-04-13T23:27:29+00:00,Demo Password Spray Observation,Credential Theft,URL,https://payment.login.invalid/attachment/invoice-2026.zip.html,Unknown Source,15,HIGH,42,MONITORING,2025-04-05T23:27:29+00:00,2025-04-13T23:27:29+00:00,Unknown,Synthetic indicator observed during credential-abuse monitoring in demo telemetry. Context is limited. ,,,,,6
THR-2025-0488,2025-07-02T23:27:29+00:00,Synthetic Credential Stuffing Observation,Credential Theft,IP ADDRESS,203.0.113.221,Security Vendor,60,CRITICAL,68,NEW,2025-06-09T23:27:29+00:00,2025-07-02T23:27:29+00:00,,Synthetic credential stuffing activity observed in demo telemetry; high volume of brute force attempts against login endpoints from shared infrastructure. ,Credential Access,T1110 (Brute Force),,,8
THR-2026-0409,2026-02-11T23:27:29+00:00,Demo Unpatched Service Indicator,Vulnerability Exposure,CVE ID,CVE-2025-900030,Public Threat Feed,55,HIGH,61,CLOSED,2026-01-31T23:27:29+00:00,2026-02-11T23:27:29+00:00,Latin America,Synthetic vulnerability exposure record; demo asset inventory shows an unpatched public-facing service with a known exploit path. Defensive awareness only. ,Initial Access,T1190 (Exploit Public-Facing Application),CVE-2025-900030,,9
THR-2025-0489,2025-07-25T23:27:29+00:00,Demo Credential Phishing Observation,Phishing,DOMAIN,notify.portal.invalid,Security Vendor,55,HIGH,53,NEW,2025-06-30T23:27:29+00:00,2025-07-25T23:27:29+00:00,Middle East & Africa,Synthetic indicator of possible phishing relevance observed in demo telemetry. Insufficient behavioural context for further classification. ,,,,,4
THR-2026-0410,2026-01-24T23:27:29+00:00,Synthetic Ransomware Sample,Ransomware,FILE HASH,117516f3073e37bf230aa347f670320ca551516d,Community Submission,50,HIGH,56,MONITORING,2026-01-07T23:27:29+00:00,2026-01-24T23:27:29+00:00,Latin America,Synthetic indicator tentatively associated with ransomware activity in demo data. Behavioural context is not yet available. ,,,,,8
THR-2025-0490,2025-11-17T23:27:29+00:00,Synthetic Lookalike Domain Alert,Phishing,DOMAIN,helpdesk.billing.invalid,Research Report,65,HIGH,60,CLOSED,2025-10-22T23:27:29+00:00,2025-11-17T23:27:29+00:00,Latin America,Synthetic e-mail attachment campaign observed in demo telemetry distributing phishing documents with credential harvest links. ,Initial Access,T1566.002 (Phishing: Spearphishing Link),,,5
THR-2025-0491,2025-09-13T23:27:29+00:00,Demo Password Spray Observation,Credential Theft,IP ADDRESS,198.51.100.132,Community Submission,35,INFORMATIONAL,25,NEW,2025-09-02T23:27:29+00:00,2025-09-13T23:27:29+00:00,Latin America,Synthetic credential stuffing activity observed in demo telemetry; high volume of brute force attempts against login endpoints from shared infrastructure. ,Credential Access,T1110 (Brute Force),,,2
THR-2025-0492,2025-08-13T23:27:29+00:00,Synthetic Exploit Kit Domain,Web Threats,IP ADDRESS,2001:db8:241:::5221,Community Submission,40,INFORMATIONAL,32,CLOSED,2025-07-30T23:27:29+00:00,2025-08-13T23:27:29+00:00,Middle East & Africa,Synthetic web attack indicator observed in demo telemetry; exploitation attempts against a public-facing application were recorded in demo logs. ,Initial Access,T1190 (Exploit Public-Facing Application),,,7
THR-2025-0493,2025-11-03T23:27:29+00:00,Demo Ransomware C2 Observation,Ransomware,FILE HASH,ca691ed89773e0cc0f1a401459af2253452bd555efce0a6ae0807c8568c14f2e,Public Threat Feed,50,LOW,44,MONITORING,2025-10-30T23:27:29+00:00,2025-11-03T23:27:29+00:00,Latin America,Synthetic indicator tentatively associated with ransomware activity in demo data. Behavioural context is not yet available. ,,,,,7
THR-2026-0411,2026-10-03T23:27:29+00:00,Demo Phishing Campaign Indicator,Phishing,IP ADDRESS,198.51.100.76,Research Report,75,INFORMATIONAL,52,MONITORING,2026-09-05T23:27:29+00:00,2026-10-03T23:27:29+00:00,Global,Synthetic phishing lure domain observed in demo telemetry; the domain mimics a login verification portal. Indicator is analysed as data only - never visited. ,Initial Access,T1566.002 (Phishing: Spearphishing Link),,,3
THR-2025-0494,2025-05-20T23:27:29+00:00,Synthetic Ransomware Sample,Ransomware,FILE HASH,2fb86bb2da06300cf5fb4c5edaf381b448950e572c180c6557737bf6a89b6647,Research Report,55,MEDIUM,50,UNDER_REVIEW,2025-05-13T23:27:29+00:00,2025-05-20T23:27:29+00:00,North America,Synthetic ransomware sample observed in demo telemetry; the sample attempts file encryption of user documents and inhibits system recovery options. ,Impact,T1486 (Data Encrypted for Impact),,,6
THR-2026-0412,2026-03-10T23:27:29+00:00,Synthetic Beaconing Host Indicator,Network Threats,DOMAIN,support.login.invalid,Unknown Source,25,MEDIUM,37,NEW,2026-02-16T23:27:29+00:00,2026-03-10T23:27:29+00:00,Unknown,Synthetic scanning behaviour observed in demo data; network service scan attempts were logged from this address. ,Discovery,T1046 (Network Service Discovery),,,3
THR-2025-0495,2025-11-14T23:27:29+00:00,Demo Malware Distribution Observation,Malware,FILE HASH,a160b276df2c29d4f7715832168b1f91d7867d937707ccffd6226840a4706075,Security Vendor,65,MEDIUM,51,MONITORING,2025-11-11T23:27:29+00:00,2025-11-14T23:27:29+00:00,North America,"Synthetic hash observed in demo telemetry. No behavioural report is available, so classification remains general. ",,,,,3
THR-2025-0496,2025-02-12T23:27:29+00:00,Demo Downloader Hash Observation,Malware,IP ADDRESS,192.0.2.177,Security Vendor,60,HIGH,58,FALSE_POSITIVE,2025-01-17T23:27:29+00:00,2025-02-12T23:27:29+00:00,,"Synthetic hash observed in demo telemetry. No behavioural report is available, so classification remains general. ",,,CVE-2026-900024,,4
THR-2026-0413,2026-04-19T23:27:29+00:00,Synthetic Vulnerability Exposure Record,Vulnerability Exposure,CVE ID,CVE-2025-900020,Community Submission,60,CRITICAL,68,FALSE_POSITIVE,2026-04-11T23:27:29+00:00,2026-04-19T23:27:29+00:00,Latin America,Synthetic vulnerability-related indicator from demo asset review. Detailed context pending. ,,,CVE-2025-900020,,6
THR-2025-0497,2025-10-08T23:27:29+00:00,Demo Exfiltration Endpoint Indicator,Data Exposure,URL,http://cloud-backup.portal.invalid/auth/check,Public Threat Feed,50,MEDIUM,50,NEW,2025-09-11T23:27:29+00:00,2025-10-08T23:27:29+00:00,,Synthetic e-mail collection behaviour observed in demo data; mailbox export activity was simulated. ,Collection,T1114 (Email Collection),,,8
THR-2025-0498,2025-03-01T23:27:29+00:00,Demo Abnormal Login Pattern Observation,Account Security,IP ADDRESS,203.0.113.180,Community Submission,50,LOW,38,CLOSED,2025-02-27T23:27:29+00:00,2025-03-01T23:27:29+00:00,Middle East & Africa,Synthetic account takeover risk indicator; demo telemetry shows compromised valid accounts used from unusual locations. ,Persistence,T1136 (Create Account),,,2
THR-2025-0499,2025-06-17T23:27:29+00:00,Synthetic Beaconing Host Indicator,Network Threats,IP ADDRESS,192.0.2.228,Internal SOC,65,HIGH,58,MONITORING,2025-06-17T23:27:29+00:00,2025-06-17T23:27:29+00:00,North America,Synthetic network indicator recorded in demo telemetry. Limited contextual evidence. ,,,,,2
THR-2025-0500,2025-10-21T23:27:29+00:00,Synthetic Phishing Lure Domain,Phishing,DOMAIN,document.mail.invalid,Security Vendor,65,HIGH,61,MONITORING,2025-10-19T23:27:29+00:00,2025-10-21T23:27:29+00:00,Global,Synthetic indicator of possible phishing relevance observed in demo telemetry. Insufficient behavioural context for further classification. ,,,,,6
THR-2026-0414,2026-01-19T23:27:29+00:00,Synthetic Account Takeover Risk Indicator,Account Security,EMAIL DOMAIN,invoice.portal.invalid,Security Vendor,65,INFORMATIONAL,40,MONITORING,2026-01-19T23:27:29+00:00,2026-01-19T23:27:29+00:00,,Synthetic fraudulent account creation observed in demo telemetry; a new account was created outside standard process. ,Persistence,T1136 (Create Account),,,4
THR-2025-0501,2025-10-20T23:27:29+00:00,Synthetic Data Leak Observation,Data Exposure,URL,https://signin.example.org/verify-account.html,Internal SOC,80,LOW,55,UNDER_REVIEW,2025-09-20T23:27:29+00:00,2025-10-20T23:27:29+00:00,,Synthetic e-mail collection behaviour observed in demo data; mailbox export activity was simulated. ,Collection,T1114 (Email Collection),,,6
THR-2025-0502,2025-04-27T23:27:29+00:00,Synthetic Impersonation Attempt,Social Engineering,FILE HASH,bbf56d21d7451e27638b7c3eac92392e6dff15fc280cca35ad311736923aaffc,Public Threat Feed,40,INFORMATIONAL,32,UNDER_REVIEW,2025-04-26T23:27:29+00:00,2025-04-27T23:27:29+00:00,,Synthetic SMiShing campaign indicator observed in demo data; messages impersonate a delivery service with a QR code lure. ,Initial Access,T1566.003 (Phishing: Spearphishing Voice),,,9
THR-2026-0415,2026-07-06T23:27:29+00:00,Synthetic CEO Fraud Domain,Social Engineering,URL,https://example.org/team/share,Community Submission,60,MEDIUM,58,NEW,2026-06-10T23:27:29+00:00,2026-07-06T23:27:29+00:00,Middle East & Africa,Synthetic SMiShing campaign indicator observed in demo data; messages impersonate a delivery service with a QR code lure. ,Initial Access,T1566.003 (Phishing: Spearphishing Voice),,,9
THR-2024-0089,2024-12-22T23:27:29+00:00,Synthetic Malware Sample Hash,Malware,FILE HASH,03e0844b64e760c88f212eb440c7376692157603,Community Submission,40,CRITICAL,57,MONITORING,2024-12-09T23:27:29+00:00,2024-12-22T23:27:29+00:00,Middle East & Africa,"Synthetic hash observed in demo telemetry. No behavioural report is available, so classification remains general. ",,,,,8
THR-2025-0503,2025-08-28T23:27:29+00:00,Synthetic Credential Stuffing Observation,Credential Theft,IP ADDRESS,198.51.100.130,Security Vendor,65,CRITICAL,63,CLOSED,2025-08-12T23:27:29+00:00,2025-08-28T23:27:29+00:00,Global,Synthetic indicator observed during credential-abuse monitoring in demo telemetry. Context is limited. ,,,,,2
THR-2025-0504,2025-06-10T23:27:29+00:00,Synthetic Malware Sample Hash,Malware,FILE HASH,ab3bae178e9338768da401247200ce8bd81919d149adc8346d01c2e6bed12604,Community Submission,40,CRITICAL,57,MONITORING,2025-05-17T23:27:29+00:00,2025-06-10T23:27:29+00:00,North America,"Synthetic hash observed in demo telemetry. No behavioural report is available, so classification remains general. ",,,CVE-2025-900013,,6
THR-2026-0416,2026-09-04T23:27:29+00:00,Demo Drive-by Download Serving Domain,Web Threats,IP ADDRESS,2001:db8:625:::3593,Security Vendor,70,HIGH,63,CLOSED,2026-09-03T23:27:29+00:00,2026-09-04T23:27:29+00:00,Latin America,Synthetic indicator observed in web-monitoring demo data. No specific technique context available. ,,,,,1
THR-2025-0505,2025-05-28T23:27:29+00:00,Demo Phishing Campaign Indicator,Phishing,URL,https://update.example.net/team/share,Community Submission,40,MEDIUM,42,NEW,2025-05-08T23:27:29+00:00,2025-05-28T23:27:29+00:00,Unknown,Synthetic phishing lure domain observed in demo telemetry; the domain mimics a login verification portal. Indicator is analysed as data only - never visited. ,Initial Access,T1566.002 (Phishing: Spearphishing Link),,,5
THR-2025-0506,2025-11-21T23:27:29+00:00,Synthetic Exploit Kit Domain,Web Threats,IP ADDRESS,192.0.2.229,Security Vendor,70,CRITICAL,74,NEW,2025-11-09T23:27:29+00:00,2025-11-21T23:27:29+00:00,North America,Synthetic indicator observed in web-monitoring demo data. No specific technique context available. ,,,,,8
THR-2025-0507,2025-04-10T23:27:29+00:00,Demo Ransomware C2 Observation,Ransomware,FILE HASH,c76441829ce1b98102ac2141f1e897a4aa0951fdbf250a880eb68022b5b57bfa,Community Submission,35,MEDIUM,35,CLOSED,2025-03-24T23:27:29+00:00,2025-04-10T23:27:29+00:00,Unknown,Synthetic ransomware indicator observed in demo data; associated with service stop behaviour prior to encryption and data extortion staging. ,Impact,T1486 (Data Encrypted for Impact),,,1
THR-2025-0508,2025-06-10T23:27:29+00:00,Demo Drive-by Download Serving Domain,Web Threats,IP ADDRESS,192.0.2.181,Internal SOC,70,HIGH,62,NEW,2025-06-01T23:27:29+00:00,2025-06-10T23:27:29+00:00,Unknown,Synthetic web attack indicator observed in demo telemetry; exploitation attempts against a public-facing application were recorded in demo logs. ,Initial Access,T1190 (Exploit Public-Facing Application),,,9
THR-2026-0417,2026-08-12T23:27:29+00:00,Demo Credential Phishing Observation,Phishing,FILE HASH,3d3fa4d43665677623afcfdfb5ae302f13932687e884dd7b8b1ceadf9eaccd08,Internal SOC,90,MEDIUM,70,UNDER_REVIEW,2026-08-07T23:27:29+00:00,2026-08-12T23:27:29+00:00,Unknown,Synthetic indicator of possible phishing relevance observed in demo telemetry. Insufficient behavioural context for further classification. ,,,,,6
THR-2026-0418,2026-05-28T23:27:29+00:00,Demo Downloader Hash Observation,Malware,FILE HASH,767a4f9d4ff6c45b2be9b6084fcaa672,Public Threat Feed,60,HIGH,62,MONITORING,2026-05-22T23:27:29+00:00,2026-05-28T23:27:29+00:00,Unknown,Synthetic trojan hash sighted in demo data; associated with credential dumping behaviour in the sandbox report. ,,,,,8
THR-2025-0509,2025-05-25T23:27:29+00:00,Synthetic Fraudulent Account Creation Indicator,Account Security,IP ADDRESS,192.0.2.65,Security Vendor,60,HIGH,56,UNDER_REVIEW,2025-05-10T23:27:29+00:00,2025-05-25T23:27:29+00:00,Global,Synthetic account takeover risk indicator; demo telemetry shows compromised valid accounts used from unusual locations. ,Persistence,T1136 (Create Account),,,3
THR-2025-0510,2025-10-29T23:27:29+00:00,Synthetic Vulnerability Exposure Record,Vulnerability Exposure,CVE ID,CVE-2025-900012,Community Submission,50,LOW,39,MONITORING,2025-10-25T23:27:29+00:00,2025-10-29T23:27:29+00:00,,Synthetic exploitable service observation; demo scanning metadata indicates exposure requiring patch review. ,Initial Access,T1190 (Exploit Public-Facing Application),CVE-2025-900012,,3
THR-2025-0511,2025-09-11T23:27:29+00:00,Synthetic Ransomware Note Indicator,Ransomware,FILE HASH,34e498aa10d4fab580d00eef7f152ff9,Research Report,50,LOW,36,CLOSED,2025-09-02T23:27:29+00:00,2025-09-11T23:27:29+00:00,North America,Synthetic ransomware indicator observed in demo data; associated with service stop behaviour prior to encryption and data extortion staging. ,Impact,T1486 (Data Encrypted for Impact),,,2
THR-2025-0512,2026-01-16T23:27:29+00:00,Synthetic Web Injection Observation,Web Threats,DOMAIN,hr-notice.example.net,Community Submission,45,HIGH,47,NEW,2025-12-24T23:27:29+00:00,2026-01-16T23:27:29+00:00,Global,Synthetic drive-by domain observed in demo data; client browser exploitation behaviour was simulated. ,Initial Access,T1190 (Exploit Public-Facing Application),,,1
THR-2026-0419,2026-09-14T23:27:29+00:00,Synthetic Public Leak Domain Sighting,Data Exposure,URL,https://portal-verify.demo.invalid/password-reset/verify,Community Submission,60,HIGH,67,MONITORING,2026-09-12T23:27:29+00:00,2026-09-14T23:27:29+00:00,,Synthetic indicator associated with possible data-exposure monitoring in demo data. Context is limited. ,,,,,9
THR-2026-0420,2026-06-11T23:27:29+00:00,Synthetic Phishing Lure Domain,Phishing,IP ADDRESS,203.0.113.196,Public Threat Feed,55,LOW,40,NEW,2026-05-31T23:27:29+00:00,2026-06-11T23:27:29+00:00,Latin America,Synthetic indicator of possible phishing relevance observed in demo telemetry. Insufficient behavioural context for further classification. ,,,,,1
THR-2025-0513,2025-06-09T23:27:29+00:00,Demo Malware Distribution Observation,Malware,FILE HASH,4332f23d4d55db6a925ab844c45fc2bd2ab05ce939309a1038aaf50bb2b09bd8,Security Vendor,55,CRITICAL,63,NEW,2025-05-15T23:27:29+00:00,2025-06-09T23:27:29+00:00,Europe,Synthetic malware hash observed in demo telemetry; sample behaves as a downloader that executes an obfuscated payload and establishes C2 callback traffic. ,Execution,T1204.002 (User Execution: Malicious File),CVE-2026-900002,,8
THR-2024-0090,2024-12-28T23:27:29+00:00,Demo Downloader Hash Observation,Malware,IP ADDRESS,203.0.113.207,Research Report,55,HIGH,51,UNDER_REVIEW,2024-12-02T23:27:29+00:00,2024-12-28T23:27:29+00:00,Asia-Pacific,"Synthetic hash observed in demo telemetry. No behavioural report is available, so classification remains general. ",,,CVE-2024-900013,,3
THR-2025-0514,2025-05-16T23:27:29+00:00,Synthetic Ransomware Note Indicator,Ransomware,FILE HASH,ef0b19b857763aca59b4b36b69f482546c0898c3a285430516cb222d191344d3,Research Report,50,LOW,36,UNDER_REVIEW,2025-05-03T23:27:29+00:00,2025-05-16T23:27:29+00:00,Global,Synthetic indicator tentatively associated with ransomware activity in demo data. Behavioural context is not yet available. ,,,,,2
THR-2024-0091,2024-12-09T23:27:29+00:00,Synthetic Phishing Lure Domain,Phishing,DOMAIN,payment.support.invalid,Public Threat Feed,40,MEDIUM,44,CLOSED,2024-11-14T23:27:29+00:00,2024-12-09T23:27:29+00:00,,Synthetic phishing lure domain observed in demo telemetry; the domain mimics a login verification portal. Indicator is analysed as data only - never visited. ,Initial Access,T1566.002 (Phishing: Spearphishing Link),,,6
THR-2026-0421,2026-07-26T23:27:29+00:00,Demo Brute Force Activity,Credential Theft,URL,https://docusign-view.auth.invalid/auth/check,Security Vendor,75,INFORMATIONAL,52,MONITORING,2026-07-20T23:27:29+00:00,2026-07-26T23:27:29+00:00,Asia-Pacific,Synthetic indicator observed during credential-abuse monitoring in demo telemetry. Context is limited. ,,,,,7
THR-2025-0515,2025-02-25T23:27:29+00:00,Synthetic Backdoor Beacon Observation,Malware,FILE HASH,3e45d273c5a5700b43cdb2993f1c0f1f2f09fbec2696395c6bd36097969c09a0,Security Vendor,50,MEDIUM,41,UNDER_REVIEW,2025-02-07T23:27:29+00:00,2025-02-25T23:27:29+00:00,Middle East & Africa,"Synthetic hash observed in demo telemetry. No behavioural report is available, so classification remains general. ",,,,,1
THR-2025-0516,2025-05-02T23:27:29+00:00,Synthetic Fraudulent Account Creation Indicator,Account Security,IP ADDRESS,198.51.100.236,Internal SOC,75,CRITICAL,74,NEW,2025-04-02T23:27:29+00:00,2025-05-02T23:27:29+00:00,Asia-Pacific,Synthetic indicator from demo account-monitoring telemetry. Context is limited. ,Persistence,T1136 (Create Account),,,9
THR-2026-0422,2026-04-27T23:27:29+00:00,Synthetic Beaconing Host Indicator,Network Threats,IP ADDRESS,192.0.2.140,Research Report,80,LOW,60,MONITORING,2026-04-16T23:27:29+00:00,2026-04-27T23:27:29+00:00,,Synthetic scanning behaviour observed in demo data; network service scan attempts were logged from this address. ,Discovery,T1046 (Network Service Discovery),,,9
THR-2025-0517,2025-09-21T23:27:29+00:00,Synthetic Web Injection Observation,Web Threats,IP ADDRESS,203.0.113.172,Unknown Source,20,HIGH,46,UNDER_REVIEW,2025-08-24T23:27:29+00:00,2025-09-21T23:27:29+00:00,Europe,Synthetic indicator observed in web-monitoring demo data. No specific technique context available. ,,,,,5
THR-2025-0518,2025-10-14T23:27:29+00:00,Demo Downloader Hash Observation,Malware,FILE HASH,ccff7c85732e9e90402484a2461051cb69ab61c4d37a78d71f6e26fe78d8f18d,Research Report,65,HIGH,62,NEW,2025-09-15T23:27:29+00:00,2025-10-14T23:27:29+00:00,Middle East & Africa,Synthetic malware hash observed in demo telemetry; sample behaves as a downloader that executes an obfuscated payload and establishes C2 callback traffic. ,Execution,T1204.002 (User Execution: Malicious File),,,7
THR-2025-0519,2025-06-23T23:27:29+00:00,Synthetic Exploit Kit Domain,Web Threats,DOMAIN,mail.mail.invalid,Internal SOC,65,CRITICAL,61,MONITORING,2025-06-18T23:27:29+00:00,2025-06-23T23:27:29+00:00,North America,Synthetic web attack indicator observed in demo telemetry; exploitation attempts against a public-facing application were recorded in demo logs. ,Initial Access,T1190 (Exploit Public-Facing Application),,,2
THR-2026-0423,2026-08-17T23:27:29+00:00,Demo Downloader Hash Observation,Malware,FILE HASH,0f8a2fac912ea5db36e173273997c2bd02f4e4df8f97b48b13a049421fc09309,Security Vendor,75,HIGH,70,MONITORING,2026-07-31T23:27:29+00:00,2026-08-17T23:27:29+00:00,Unknown,Synthetic trojan hash sighted in demo data; associated with credential dumping behaviour in the sandbox report. ,,,CVE-2024-900021,,8
THR-2026-0424,2026-04-17T23:27:29+00:00,Demo Ransomware Payload Hash,Ransomware,FILE HASH,15d604a99a49f33ff5fcb27111eb0a5f,Public Threat Feed,55,LOW,42,CLOSED,2026-04-09T23:27:29+00:00,2026-04-17T23:27:29+00:00,,Synthetic ransomware indicator observed in demo data; associated with service stop behaviour prior to encryption and data extortion staging. ,Impact,T1486 (Data Encrypted for Impact),,,2
THR-2025-0520,2025-12-14T23:27:29+00:00,Synthetic Phishing Lure Domain,Phishing,FILE HASH,40a416f02ff77be40b0cb3c3244218b1516db0a54115f8ca7487e1f66d44007c,Public Threat Feed,50,CRITICAL,59,NEW,2025-12-11T23:27:29+00:00,2025-12-14T23:27:29+00:00,Middle East & Africa,Synthetic phishing lure domain observed in demo telemetry; the domain mimics a login verification portal. Indicator is analysed as data only - never visited. ,Initial Access,T1566.002 (Phishing: Spearphishing Link),,,4
THR-2025-0521,2025-10-25T23:27:29+00:00,Synthetic Beaconing Host Indicator,Network Threats,URL,https://secure.example.net/login,Public Threat Feed,45,MEDIUM,41,UNDER_REVIEW,2025-10-16T23:27:29+00:00,2025-10-25T23:27:29+00:00,Unknown,Synthetic command-and-control channel observed in demo telemetry; host beacon traffic to a C2 endpoint was recorded. ,Command and Control,T1071 (Application Layer Protocol),,,1
THR-2026-0425,2026-04-04T23:27:29+00:00,Synthetic Phishing Lure Domain,Phishing,DOMAIN,team-share.example.org,Research Report,65,LOW,49,CLOSED,2026-03-22T23:27:29+00:00,2026-04-04T23:27:29+00:00,Middle East & Africa,Synthetic phishing lure domain observed in demo telemetry; the domain mimics a login verification portal. Indicator is analysed as data only - never visited. ,Initial Access,T1566.002 (Phishing: Spearphishing Link),,,6
THR-2025-0522,2026-01-11T23:27:29+00:00,Synthetic Public Leak Domain Sighting,Data Exposure,URL,http://password.billing.invalid/auth/check,Research Report,65,HIGH,61,NEW,2025-12-25T23:27:29+00:00,2026-01-11T23:27:29+00:00,,Synthetic indicator associated with possible data-exposure monitoring in demo data. Context is limited. ,,,,,6
THR-2026-0426,2026-06-04T23:27:29+00:00,Demo SMiShing Sender Observation,Social Engineering,FILE HASH,fca84dffba30e756aa059b4216deb443,Community Submission,55,HIGH,52,MONITORING,2026-05-15T23:27:29+00:00,2026-06-04T23:27:29+00:00,Asia-Pacific,Synthetic indicator reported through the demo social-engineering reporting channel. Context is limited. ,,,,,1
THR-2025-0523,2025-03-22T23:27:29+00:00,Demo Unpatched Service Indicator,Vulnerability Exposure,CVE ID,CVE-2026-900001,Security Vendor,55,MEDIUM,50,MONITORING,2025-03-14T23:27:29+00:00,2025-03-22T23:27:29+00:00,North America,Synthetic vulnerability exposure record; demo asset inventory shows an unpatched public-facing service with a known exploit path. Defensive awareness only. ,Initial Access,T1190 (Exploit Public-Facing Application),CVE-2026-900001,,9
THR-2026-0427,2026-09-20T23:27:29+00:00,Demo Malware Distribution Observation,Malware,FILE HASH,0bc10e8a57cfa3b2cbf351f4a434cb7f3b5b053f,Security Vendor,70,INFORMATIONAL,45,MONITORING,2026-09-14T23:27:29+00:00,2026-09-20T23:27:29+00:00,Europe,Synthetic malware hash observed in demo telemetry; sample behaves as a downloader that executes an obfuscated payload and establishes C2 callback traffic. ,Execution,T1204.002 (User Execution: Malicious File),,,1
THR-2026-0428,2026-05-29T23:27:29+00:00,Demo Brute Force Activity,Credential Theft,URL,https://secure.invalid/update-password,Community Submission,60,INFORMATIONAL,42,UNDER_REVIEW,2026-05-04T23:27:29+00:00,2026-05-29T23:27:29+00:00,Asia-Pacific,Synthetic indicator observed during credential-abuse monitoring in demo telemetry. Context is limited. ,,,,,5
THR-2026-0429,2026-02-22T23:27:29+00:00,Synthetic Vulnerability Exposure Record,Vulnerability Exposure,URL,https://billing.invalid/update-password,Public Threat Feed,50,MEDIUM,46,MONITORING,2026-02-22T23:27:29+00:00,2026-02-22T23:27:29+00:00,Europe,Synthetic vulnerability-related indicator from demo asset review. Detailed context pending. ,,,CVE-2024-900003,,4
THR-2025-0524,2025-02-26T23:27:29+00:00,Demo Credential Phishing Observation,Phishing,URL,https://portal.mail.invalid/account/confirm,Security Vendor,55,LOW,44,UNDER_REVIEW,2025-02-24T23:27:29+00:00,2025-02-26T23:27:29+00:00,Global,Synthetic indicator of possible phishing relevance observed in demo telemetry. Insufficient behavioural context for further classification. ,,,,,7
THR-2026-0430,2026-04-03T23:27:29+00:00,Demo Phishing Campaign Indicator,Phishing,URL,http://billing.example.com/invoice/view.html,Security Vendor,65,INFORMATIONAL,42,FALSE_POSITIVE,2026-03-11T23:27:29+00:00,2026-04-03T23:27:29+00:00,Middle East & Africa,Synthetic credential-phishing URL observed sending users to a fake account verification page in demo logs. ,Initial Access,T1566.002 (Phishing: Spearphishing Link),,,5
THR-2026-0431,2026-04-13T23:27:29+00:00,Synthetic Exploitable Service Observation,Vulnerability Exposure,CVE ID,CVE-2024-900005,Unknown Source,30,LOW,32,CLOSED,2026-04-03T23:27:29+00:00,2026-04-13T23:27:29+00:00,,Synthetic vulnerability exposure record; demo asset inventory shows an unpatched public-facing service with a known exploit path. Defensive awareness only. ,Initial Access,T1190 (Exploit Public-Facing Application),CVE-2024-900005,,1
THR-2026-0432,2026-08-29T23:27:29+00:00,Demo Vishing Campaign Indicator,Social Engineering,FILE HASH,2c738ceb9828f694bcdefeb124de13329d24e776372d4cf3624638589c741e8b,Internal SOC,90,LOW,59,NEW,2026-08-01T23:27:29+00:00,2026-08-29T23:27:29+00:00,,Synthetic SMiShing campaign indicator observed in demo data; messages impersonate a delivery service with a QR code lure. ,Initial Access,T1566.003 (Phishing: Spearphishing Voice),,,3
THR-2025-0525,2025-08-24T23:27:29+00:00,Synthetic Lookalike Domain Alert,Phishing,FILE HASH,c47166b9f97872b60d3de8264552892996f8ae309d32d55a9c0f418818711648,Security Vendor,55,LOW,44,UNDER_REVIEW,2025-08-06T23:27:29+00:00,2025-08-24T23:27:29+00:00,Latin America,Synthetic e-mail attachment campaign observed in demo telemetry distributing phishing documents with credential harvest links. ,Initial Access,T1566.002 (Phishing: Spearphishing Link),,,7
THR-2025-0526,2025-12-13T23:27:29+00:00,Demo Phishing Campaign Indicator,Phishing,URL,https://signin.secure.invalid/update-password,Internal SOC,80,LOW,56,FALSE_POSITIVE,2025-11-18T23:27:29+00:00,2025-12-13T23:27:29+00:00,Unknown,Synthetic indicator of possible phishing relevance observed in demo telemetry. Insufficient behavioural context for further classification. ,,,,,8
THR-2025-0527,2025-04-20T23:27:29+00:00,Demo Vishing Campaign Indicator,Social Engineering,FILE HASH,2238722d1bcf0474f4e154c08b4a7f66733ab7ef38e4e9d86f5a0d39d8b09fe2,Public Threat Feed,40,MEDIUM,40,UNDER_REVIEW,2025-03-22T23:27:29+00:00,2025-04-20T23:27:29+00:00,North America,Synthetic SMiShing campaign indicator observed in demo data; messages impersonate a delivery service with a QR code lure. ,Initial Access,T1566.003 (Phishing: Spearphishing Voice),,,3
THR-2025-0528,2025-08-02T23:27:29+00:00,Demo Unpatched Service Indicator,Vulnerability Exposure,CVE ID,CVE-2025-900029,Research Report,55,HIGH,56,MONITORING,2025-07-10T23:27:29+00:00,2025-08-02T23:27:29+00:00,North America,Synthetic vulnerability exposure record; demo asset inventory shows an unpatched public-facing service with a known exploit path. Defensive awareness only. ,Initial Access,T1190 (Exploit Public-Facing Application),CVE-2025-900029,,6
THR-2026-0433,2026-10-04T23:27:29+00:00,Synthetic Credential Stuffing Observation,Credential Theft,IP ADDRESS,192.0.2.115,Community Submission,60,CRITICAL,72,UNDER_REVIEW,2026-09-27T23:27:29+00:00,2026-10-04T23:27:29+00:00,Europe,Synthetic indicator observed during credential-abuse monitoring in demo telemetry. Context is limited. ,,,,,4
THR-2026-0434,2026-10-04T23:27:29+00:00,Synthetic Data Leak Observation,Data Exposure,URL,http://password.example.org/portal/verify,Community Submission,60,LOW,57,MONITORING,2026-09-29T23:27:29+00:00,2026-10-04T23:27:29+00:00,Middle East & Africa,Synthetic e-mail collection behaviour observed in demo data; mailbox export activity was simulated. ,Collection,T1114 (Email Collection),,,7
THR-2025-0529,2025-06-22T23:27:29+00:00,Demo SQL Injection Attempt Indicator,Web Threats,URL,http://update.login.invalid/verify-account.html,Community Submission,40,MEDIUM,41,NEW,2025-05-28T23:27:29+00:00,2025-06-22T23:27:29+00:00,,Synthetic drive-by domain observed in demo data; client browser exploitation behaviour was simulated. ,Initial Access,T1190 (Exploit Public-Facing Application),,,4
THR-2025-0530,2026-01-02T23:27:29+00:00,Synthetic Phishing Infrastructure Sighting,Phishing,URL,https://support.billing.invalid/password-reset/verify,Public Threat Feed,45,MEDIUM,42,UNDER_REVIEW,2025-12-04T23:27:29+00:00,2026-01-02T23:27:29+00:00,Middle East & Africa,Synthetic e-mail attachment campaign observed in demo telemetry distributing phishing documents with credential harvest links. ,Initial Access,T1566.002 (Phishing: Spearphishing Link),,,2
THR-2026-0435,2026-01-30T23:27:29+00:00,Synthetic Fake Portal Domain,Phishing,DOMAIN,billing.secure.invalid,Internal SOC,80,MEDIUM,56,CLOSED,2026-01-16T23:27:29+00:00,2026-01-30T23:27:29+00:00,Latin America,Synthetic phishing lure domain observed in demo telemetry; the domain mimics a login verification portal. Indicator is analysed as data only - never visited. ,Initial Access,T1566.002 (Phishing: Spearphishing Link),,,3
THR-2025-0531,2025-03-23T23:27:29+00:00,Demo SQL Injection Attempt Indicator,Web Threats,IP ADDRESS,198.51.100.110,Internal SOC,75,MEDIUM,58,UNDER_REVIEW,2025-03-08T23:27:29+00:00,2025-03-23T23:27:29+00:00,Asia-Pacific,Synthetic web attack indicator observed in demo telemetry; exploitation attempts against a public-facing application were recorded in demo logs. ,Initial Access,T1190 (Exploit Public-Facing Application),,,4
THR-2025-0532,2025-06-06T23:27:29+00:00,Synthetic Fake Portal Domain,Phishing,URL,http://auth.invalid/update-password,Security Vendor,55,MEDIUM,50,MONITORING,2025-05-19T23:27:29+00:00,2025-06-06T23:27:29+00:00,North America,Synthetic e-mail attachment campaign observed in demo telemetry distributing phishing documents with credential harvest links. ,Initial Access,T1566.002 (Phishing: Spearphishing Link),,,7
THR-2025-0533,2025-08-25T23:27:29+00:00,Demo Vishing Campaign Indicator,Social Engineering,FILE HASH,fe1168be104a105798d605bb589a3f902be39e7f4065da6d2fc59bd81dbba64e,Internal SOC,70,CRITICAL,68,NEW,2025-08-13T23:27:29+00:00,2025-08-25T23:27:29+00:00,North America,Synthetic indicator reported through the demo social-engineering reporting channel. Context is limited. ,,,,,6
THR-2026-0436,2026-03-14T23:27:29+00:00,Synthetic CEO Fraud Domain,Social Engineering,URL,http://docusign-view.example.org/portal/verify,Public Threat Feed,50,HIGH,51,MONITORING,2026-02-27T23:27:29+00:00,2026-03-14T23:27:29+00:00,Europe,Synthetic indicator reported through the demo social-engineering reporting channel. Context is limited. ,,,,,3
THR-2026-0437,2026-06-15T23:27:29+00:00,Demo SQL Injection Attempt Indicator,Web Threats,DOMAIN,login.portal.invalid,Community Submission,60,HIGH,62,CLOSED,2026-06-09T23:27:29+00:00,2026-06-15T23:27:29+00:00,Middle East & Africa,Synthetic drive-by domain observed in demo data; client browser exploitation behaviour was simulated. ,Initial Access,T1190 (Exploit Public-Facing Application),,,9
THR-2025-0534,2025-05-13T23:27:29+00:00,Synthetic Trojan Hash Indicator,Malware,FILE HASH,accf1972b10bb7baa386988296f7464b,Unknown Source,15,LOW,30,NEW,2025-05-07T23:27:29+00:00,2025-05-13T23:27:29+00:00,Global,Synthetic malware hash observed in demo telemetry; sample behaves as a downloader that executes an obfuscated payload and establishes C2 callback traffic. ,Execution,T1204.002 (User Execution: Malicious File),,,9
THR-2026-0438,2026-10-04T23:27:29+00:00,Demo Port Scan Activity Indicator,Network Threats,IP ADDRESS,192.0.2.143,Security Vendor,75,HIGH,75,MONITORING,2026-10-02T23:27:29+00:00,2026-10-04T23:27:29+00:00,North America,Synthetic command-and-control channel observed in demo telemetry; host beacon traffic to a C2 endpoint was recorded. ,Command and Control,T1071 (Application Layer Protocol),,,9
THR-2025-0535,2025-10-24T23:27:29+00:00,Demo Credential Phishing Observation,Phishing,DOMAIN,billing.portal.invalid,Security Vendor,65,MEDIUM,55,NEW,2025-10-04T23:27:29+00:00,2025-10-24T23:27:29+00:00,,Synthetic credential-phishing URL observed sending users to a fake account verification page in demo logs. ,Initial Access,T1566.002 (Phishing: Spearphishing Link),,,6
THR-2026-0439,2026-04-08T23:27:29+00:00,Demo Ransomware C2 Observation,Ransomware,FILE HASH,29c2799b805d48b833a9e7ee53156b1d,Internal SOC,85,HIGH,65,UNDER_REVIEW,2026-04-08T23:27:29+00:00,2026-04-08T23:27:29+00:00,Latin America,Synthetic ransomware sample observed in demo telemetry; the sample attempts file encryption of user documents and inhibits system recovery options. ,Impact,T1486 (Data Encrypted for Impact),,,2
THR-2026-0440,2026-08-11T23:27:29+00:00,Demo Phishing Campaign Indicator,Phishing,FILE HASH,057fca967bfd2613d70336a3c845e874b0f19c6276ab3ec0c10e86be60a69cb8,Security Vendor,70,CRITICAL,69,UNDER_REVIEW,2026-08-06T23:27:29+00:00,2026-08-11T23:27:29+00:00,Global,Synthetic e-mail attachment campaign observed in demo telemetry distributing phishing documents with credential harvest links. ,Initial Access,T1566.002 (Phishing: Spearphishing Link),,,2
THR-2025-0536,2025-01-24T23:27:29+00:00,Synthetic Trojan Hash Indicator,Malware,FILE HASH,3fd1fe094780356e93965502c7a09988,Internal SOC,65,INFORMATIONAL,35,CLOSED,2025-01-13T23:27:29+00:00,2025-01-24T23:27:29+00:00,,"Synthetic hash observed in demo telemetry. No behavioural report is available, so classification remains general. ",,,,,1
THR-2026-0441,2026-10-04T23:27:29+00:00,Synthetic Public Leak Domain Sighting,Data Exposure,IP ADDRESS,192.0.2.153,Security Vendor,80,LOW,68,MONITORING,2026-09-25T23:27:29+00:00,2026-10-04T23:27:29+00:00,Global,Synthetic e-mail collection behaviour observed in demo data; mailbox export activity was simulated. ,Collection,T1114 (Email Collection),,,7
THR-2025-0537,2025-11-24T23:27:29+00:00,Demo Brute Force Activity,Credential Theft,IP ADDRESS,192.0.2.130,Research Report,70,LOW,54,NEW,2025-10-28T23:27:29+00:00,2025-11-24T23:27:29+00:00,Europe,Synthetic credential stuffing activity observed in demo telemetry; high volume of brute force attempts against login endpoints from shared infrastructure. ,Credential Access,T1110 (Brute Force),,,6
THR-2025-0538,2025-03-20T23:27:29+00:00,Synthetic Exploit Kit Domain,Web Threats,IP ADDRESS,203.0.113.148,Public Threat Feed,40,MEDIUM,42,MONITORING,2025-03-15T23:27:29+00:00,2025-03-20T23:27:29+00:00,Global,Synthetic drive-by domain observed in demo data; client browser exploitation behaviour was simulated. ,Initial Access,T1190 (Exploit Public-Facing Application),,,5
THR-2026-0442,2026-02-26T23:27:29+00:00,Demo Ransomware Payload Hash,Ransomware,IP ADDRESS,198.51.100.100,Public Threat Feed,50,HIGH,56,UNDER_REVIEW,2026-02-18T23:27:29+00:00,2026-02-26T23:27:29+00:00,Global,Synthetic ransomware indicator observed in demo data; associated with service stop behaviour prior to encryption and data extortion staging. ,Impact,T1486 (Data Encrypted for Impact),,,7
THR-2025-0539,2025-07-07T23:27:29+00:00,Demo Downloader Hash Observation,Malware,FILE HASH,ee9dbdcf833869e278dedde62b759fee92c58cd8,Internal SOC,65,LOW,41,UNDER_REVIEW,2025-06-19T23:27:29+00:00,2025-07-07T23:27:29+00:00,Latin America,"Synthetic hash observed in demo telemetry. No behavioural report is available, so classification remains general. ",,,,,1
THR-2025-0540,2025-01-20T23:27:29+00:00,Demo SMiShing Sender Observation,Social Engineering,FILE HASH,60f6b4c75b2078ba8a6d30ff24849e944eeb6ca6,Research Report,55,HIGH,56,MONITORING,2025-01-01T23:27:29+00:00,2025-01-20T23:27:29+00:00,Europe,Synthetic SMiShing campaign indicator observed in demo data; messages impersonate a delivery service with a QR code lure. ,Initial Access,T1566.003 (Phishing: Spearphishing Voice),,,7
THR-2026-0443,2026-03-08T23:27:29+00:00,Synthetic Vulnerability Exposure Record,Vulnerability Exposure,CVE ID,CVE-2024-900010,Research Report,65,LOW,46,UNDER_REVIEW,2026-02-09T23:27:29+00:00,2026-03-08T23:27:29+00:00,Global,Synthetic vulnerability exposure record; demo asset inventory shows an unpatched public-facing service with a known exploit path. Defensive awareness only. ,Initial Access,T1190 (Exploit Public-Facing Application),CVE-2024-900010,,1
THR-2025-0541,2025-02-17T23:27:29+00:00,Demo SQL Injection Attempt Indicator,Web Threats,IP ADDRESS,192.0.2.134,Community Submission,40,MEDIUM,44,CLOSED,2025-01-23T23:27:29+00:00,2025-02-17T23:27:29+00:00,Unknown,Synthetic web attack indicator observed in demo telemetry; exploitation attempts against a public-facing application were recorded in demo logs. ,Initial Access,T1190 (Exploit Public-Facing Application),,,9
THR-2025-0542,2025-02-01T23:27:29+00:00,Synthetic Ransomware Sample,Ransomware,FILE HASH,8369f8a13b44f8b1b9f2d4054e731b1b235bae4c541b1704cdab5fae010b7d4b,Community Submission,40,HIGH,50,FALSE_POSITIVE,2025-01-25T23:27:29+00:00,2025-02-01T23:27:29+00:00,Asia-Pacific,Synthetic ransomware indicator observed in demo data; associated with service stop behaviour prior to encryption and data extortion staging. ,Impact,T1486 (Data Encrypted for Impact),,,7
THR-2025-0543,2025-12-16T23:27:29+00:00,Synthetic Credential Harvester Sighting,Credential Theft,URL,http://signin.example.net/account/confirm,Security Vendor,65,LOW,50,MONITORING,2025-11-16T23:27:29+00:00,2025-12-16T23:27:29+00:00,Asia-Pacific,Synthetic credential stuffing activity observed in demo telemetry; high volume of brute force attempts against login endpoints from shared infrastructure. ,Credential Access,T1110 (Brute Force),,,9
THR-2026-0444,2026-04-04T23:27:29+00:00,Demo Malware Distribution Observation,Malware,FILE HASH,915d5422e9b16904e173d5d2dba12f44,Internal SOC,80,CRITICAL,74,NEW,2026-03-07T23:27:29+00:00,2026-04-04T23:27:29+00:00,Europe,Synthetic trojan hash sighted in demo data; associated with credential dumping behaviour in the sandbox report. ,,,CVE-2025-900025,,6
THR-2024-0092,2024-11-18T23:27:29+00:00,Synthetic Vulnerability Exposure Record,Vulnerability Exposure,CVE ID,CVE-2026-900020,Internal SOC,70,MEDIUM,60,UNDER_REVIEW,2024-11-05T23:27:29+00:00,2024-11-18T23:27:29+00:00,Asia-Pacific,Synthetic vulnerability exposure record; demo asset inventory shows an unpatched public-facing service with a known exploit path. Defensive awareness only. ,Initial Access,T1190 (Exploit Public-Facing Application),CVE-2026-900020,,8
THR-2026-0445,2026-05-10T23:27:29+00:00,Demo Unpatched Service Indicator,Vulnerability Exposure,CVE ID,CVE-2026-900021,Community Submission,60,MEDIUM,55,MONITORING,2026-04-20T23:27:29+00:00,2026-05-10T23:27:29+00:00,Latin America,Synthetic vulnerability-related indicator from demo asset review. Detailed context pending. ,,,CVE-2026-900021,,6
THR-2025-0544,2025-12-19T23:27:29+00:00,Demo Credential Phishing Observation,Phishing,IP ADDRESS,192.0.2.192,Security Vendor,65,CRITICAL,68,NEW,2025-11-26T23:27:29+00:00,2025-12-19T23:27:29+00:00,Latin America,Synthetic indicator of possible phishing relevance observed in demo telemetry. Insufficient behavioural context for further classification. ,,,,,9
THR-2026-0446,2026-04-15T23:27:29+00:00,Demo Credential Phishing Observation,Phishing,DOMAIN,signin.updates.invalid,Research Report,75,HIGH,67,MONITORING,2026-04-03T23:27:29+00:00,2026-04-15T23:27:29+00:00,Europe,Synthetic e-mail attachment campaign observed in demo telemetry distributing phishing documents with credential harvest links. ,Initial Access,T1566.002 (Phishing: Spearphishing Link),,,6
THR-2025-0545,2025-09-10T23:27:29+00:00,Synthetic Web Injection Observation,Web Threats,IP ADDRESS,198.51.100.34,Internal SOC,70,LOW,45,UNDER_REVIEW,2025-09-04T23:27:29+00:00,2025-09-10T23:27:29+00:00,Unknown,Synthetic web attack indicator observed in demo telemetry; exploitation attempts against a public-facing application were recorded in demo logs. ,Initial Access,T1190 (Exploit Public-Facing Application),,,3
THR-2026-0447,2026-01-18T23:27:29+00:00,Synthetic Exploit Kit Domain,Web Threats,IP ADDRESS,203.0.113.199,Public Threat Feed,55,LOW,46,CLOSED,2026-01-03T23:27:29+00:00,2026-01-18T23:27:29+00:00,Unknown,Synthetic drive-by domain observed in demo data; client browser exploitation behaviour was simulated. ,Initial Access,T1190 (Exploit Public-Facing Application),CVE-2024-900015,,4
THR-2026-0448,2026-05-23T23:27:29+00:00,Synthetic Exploitable Service Observation,Vulnerability Exposure,CVE ID,CVE-2024-900024,Community Submission,60,MEDIUM,56,CLOSED,2026-05-10T23:27:29+00:00,2026-05-23T23:27:29+00:00,Europe,Synthetic vulnerability exposure record; demo asset inventory shows an unpatched public-facing service with a known exploit path. Defensive awareness only. ,Initial Access,T1190 (Exploit Public-Facing Application),CVE-2024-900024,,7
THR-2026-0449,2026-08-17T23:27:29+00:00,Demo Downloader Hash Observation,Malware,IP ADDRESS,192.0.2.106,Community Submission,60,LOW,49,MONITORING,2026-08-03T23:27:29+00:00,2026-08-17T23:27:29+00:00,Global,Synthetic malware hash observed in demo telemetry; sample behaves as a downloader that executes an obfuscated payload and establishes C2 callback traffic. ,Execution,T1204.002 (User Execution: Malicious File),,,4
THR-2025-0546,2025-05-21T23:27:29+00:00,Demo Ransomware Payload Hash,Ransomware,FILE HASH,7e9ba3055c031f37118b39d05bcbe8ca47a979adc9b745c832089b0855cc6c01,Security Vendor,50,LOW,36,NEW,2025-04-23T23:27:29+00:00,2025-05-21T23:27:29+00:00,Middle East & Africa,Synthetic indicator tentatively associated with ransomware activity in demo data. Behavioural context is not yet available. ,,,,,2
THR-2024-0093,2025-01-05T23:27:29+00:00,Demo Malware Distribution Observation,Malware,FILE HASH,ae5cdabfeeab53799fa79831d26d14f75d61bbb86e4f9d69381a7c55cb9766f2,Public Threat Feed,35,HIGH,41,NEW,2024-12-21T23:27:29+00:00,2025-01-05T23:27:29+00:00,,"Synthetic hash observed in demo telemetry. No behavioural report is available, so classification remains general. ",,,CVE-2026-900006,,1
THR-2025-0547,2025-08-11T23:27:29+00:00,Synthetic CEO Fraud Domain,Social Engineering,URL,https://update.login.invalid/invoice/view.html,Security Vendor,55,LOW,44,MONITORING,2025-07-12T23:27:29+00:00,2025-08-11T23:27:29+00:00,Unknown,Synthetic voice-phishing (vishing) attempt observed in demo telemetry; impersonation of the IT helpdesk was reported. ,Initial Access,T1566.003 (Phishing: Spearphishing Voice),,,9
THR-2025-0548,2025-03-18T23:27:29+00:00,Synthetic Fake Portal Domain,Phishing,DOMAIN,secure.example.com,Community Submission,40,INFORMATIONAL,30,UNDER_REVIEW,2025-03-01T23:27:29+00:00,2025-03-18T23:27:29+00:00,Latin America,Synthetic phishing lure domain observed in demo telemetry; the domain mimics a login verification portal. Indicator is analysed as data only - never visited. ,Initial Access,T1566.002 (Phishing: Spearphishing Link),,,5
THR-2025-0549,2025-02-17T23:27:29+00:00,Synthetic Exploitable Service Observation,Vulnerability Exposure,URL,http://account.demo.invalid/auth/check,Security Vendor,55,INFORMATIONAL,38,CLOSED,2025-01-18T23:27:29+00:00,2025-02-17T23:27:29+00:00,Global,Synthetic exploitable service observation; demo scanning metadata indicates exposure requiring patch review. ,Initial Access,T1190 (Exploit Public-Facing Application),CVE-2025-900010,,9
THR-2024-0094,2024-12-21T23:27:29+00:00,Synthetic Lookalike Domain Alert,Phishing,EMAIL DOMAIN,cloud-backup.secure.invalid,Security Vendor,55,LOW,39,MONITORING,2024-11-29T23:27:29+00:00,2024-12-21T23:27:29+00:00,North America,Synthetic credential-phishing URL observed sending users to a fake account verification page in demo logs. ,Initial Access,T1566.002 (Phishing: Spearphishing Link),,,3
THR-2025-0550,2025-05-22T23:27:29+00:00,Demo Ransomware Payload Hash,Ransomware,FILE HASH,498dd3b59c828948a8ee877ddf2ed93b5de17beb07c6ab05630566d3011a0a82,Security Vendor,55,HIGH,56,FALSE_POSITIVE,2025-05-16T23:27:29+00:00,2025-05-22T23:27:29+00:00,North America,Synthetic ransomware sample observed in demo telemetry; the sample attempts file encryption of user documents and inhibits system recovery options. ,Impact,T1486 (Data Encrypted for Impact),,,9
THR-2025-0551,2025-05-26T23:27:29+00:00,Demo Malware Distribution Observation,Malware,IP ADDRESS,192.0.2.161,Internal SOC,75,LOW,53,CLOSED,2025-04-28T23:27:29+00:00,2025-05-26T23:27:29+00:00,North America,Synthetic trojan hash sighted in demo data; associated with credential dumping behaviour in the sandbox report. ,,,,,5
THR-2026-0450,2026-06-21T23:27:29+00:00,Synthetic Exploit Kit Domain,Web Threats,IP ADDRESS,198.51.100.231,Internal SOC,90,LOW,58,MONITORING,2026-05-25T23:27:29+00:00,2026-06-21T23:27:29+00:00,Asia-Pacific,Synthetic drive-by domain observed in demo data; client browser exploitation behaviour was simulated. ,Initial Access,T1190 (Exploit Public-Facing Application),CVE-2024-900009,,4
THR-2026-0451,2026-09-17T23:27:29+00:00,Demo SMiShing Sender Observation,Social Engineering,IP ADDRESS,198.51.100.33,Public Threat Feed,60,HIGH,67,UNDER_REVIEW,2026-09-03T23:27:29+00:00,2026-09-17T23:27:29+00:00,Latin America,Synthetic indicator reported through the demo social-engineering reporting channel. Context is limited. ,,,,,8
THR-2026-0452,2026-06-05T23:27:29+00:00,Demo Credential Phishing Observation,Phishing,URL,https://signin.example.net/update-password,Community Submission,60,INFORMATIONAL,44,UNDER_REVIEW,2026-05-14T23:27:29+00:00,2026-06-05T23:27:29+00:00,Global,Synthetic e-mail attachment campaign observed in demo telemetry distributing phishing documents with credential harvest links. ,Initial Access,T1566.002 (Phishing: Spearphishing Link),,,7
THR-2026-0453,2026-06-22T23:27:29+00:00,Demo Credential Phishing Observation,Phishing,FILE HASH,ed979b9c83483ec9465ad59bb17e9909392611442edaa8de96fe57288d4fd190,Research Report,75,MEDIUM,61,NEW,2026-06-09T23:27:29+00:00,2026-06-22T23:27:29+00:00,Asia-Pacific,Synthetic e-mail attachment campaign observed in demo telemetry distributing phishing documents with credential harvest links. ,Initial Access,T1566.002 (Phishing: Spearphishing Link),,,6
THR-2025-0552,2025-07-12T23:27:29+00:00,Demo Ransomware C2 Observation,Ransomware,FILE HASH,3f216991eb9cdbf25506de0b36a88c51,Security Vendor,55,CRITICAL,63,MONITORING,2025-07-09T23:27:29+00:00,2025-07-12T23:27:29+00:00,Latin America,Synthetic ransomware sample observed in demo telemetry; the sample attempts file encryption of user documents and inhibits system recovery options. ,Impact,T1486 (Data Encrypted for Impact),,,8
THR-2026-0454,2026-06-01T23:27:29+00:00,Synthetic Exploitable Service Observation,Vulnerability Exposure,DOMAIN,verify.example.net,Research Report,70,LOW,46,MONITORING,2026-05-21T23:27:29+00:00,2026-06-01T23:27:29+00:00,Middle East & Africa,Synthetic vulnerability exposure record; demo asset inventory shows an unpatched public-facing service with a known exploit path. Defensive awareness only. ,Initial Access,T1190 (Exploit Public-Facing Application),CVE-2024-900013,,1
THR-2025-0553,2025-11-17T23:27:29+00:00,Synthetic Phishing Infrastructure Sighting,Phishing,FILE HASH,a119293a068c6c0b3a493c09cd75af5d,Research Report,65,LOW,49,MONITORING,2025-11-12T23:27:29+00:00,2025-11-17T23:27:29+00:00,North America,Synthetic indicator of possible phishing relevance observed in demo telemetry. Insufficient behavioural context for further classification. ,,,,,6
THR-2025-0554,2025-01-24T23:27:29+00:00,Demo Drive-by Download Serving Domain,Web Threats,IP ADDRESS,192.0.2.248,Public Threat Feed,40,MEDIUM,44,FALSE_POSITIVE,2025-01-23T23:27:29+00:00,2025-01-24T23:27:29+00:00,Europe,Synthetic drive-by domain observed in demo data; client browser exploitation behaviour was simulated. ,Initial Access,T1190 (Exploit Public-Facing Application),CVE-2025-900017,,9
THR-2025-0555,2025-12-11T23:27:29+00:00,Synthetic Backdoor Beacon Observation,Malware,FILE HASH,19f4c60602092b707be2324a5c0cc276,Security Vendor,60,CRITICAL,59,CLOSED,2025-12-05T23:27:29+00:00,2025-12-11T23:27:29+00:00,North America,"Synthetic hash observed in demo telemetry. No behavioural report is available, so classification remains general. ",,,CVE-2026-900018,,1
THR-2025-0556,2025-09-06T23:27:29+00:00,Synthetic Public Leak Domain Sighting,Data Exposure,IP ADDRESS,203.0.113.131,Security Vendor,55,MEDIUM,46,CLOSED,2025-08-23T23:27:29+00:00,2025-09-06T23:27:29+00:00,Global,Synthetic exfiltration observation in demo telemetry; large outbound transfer attempts to an external endpoint were recorded. ,Exfiltration,T1048 (Exfiltration Over Alternative Protocol),,,1
THR-2025-0557,2025-03-22T23:27:29+00:00,Synthetic Backdoor Beacon Observation,Malware,FILE HASH,ffc2b7c0c15e2a21a2da83090de9c48fc73100d3a20e00c0c4f0be853238ac9e,Internal SOC,70,LOW,50,CLOSED,2025-03-03T23:27:29+00:00,2025-03-22T23:27:29+00:00,,"Synthetic hash observed in demo telemetry. No behavioural report is available, so classification remains general. ",,,,,9
THR-2025-0558,2025-02-13T23:27:29+00:00,Demo Drive-by Download Serving Domain,Web Threats,IP ADDRESS,2001:db8:1c0:::6309,Research Report,55,LOW,42,NEW,2025-01-29T23:27:29+00:00,2025-02-13T23:27:29+00:00,Asia-Pacific,Synthetic drive-by domain observed in demo data; client browser exploitation behaviour was simulated. ,Initial Access,T1190 (Exploit Public-Facing Application),,,5
THR-2024-0095,2024-12-28T23:27:29+00:00,Synthetic Vulnerability Exposure Record,Vulnerability Exposure,CVE ID,CVE-2026-900006,Unknown Source,30,HIGH,50,UNDER_REVIEW,2024-12-04T23:27:29+00:00,2024-12-28T23:27:29+00:00,Middle East & Africa,Synthetic vulnerability exposure record; demo asset inventory shows an unpatched public-facing service with a known exploit path. Defensive awareness only. ,Initial Access,T1190 (Exploit Public-Facing Application),CVE-2026-900006,,6
THR-2025-0559,2025-07-04T23:27:29+00:00,Synthetic Impersonation Attempt,Social Engineering,URL,http://billing.example.com/attachment/invoice-2026.zip.html,Public Threat Feed,35,MEDIUM,35,MONITORING,2025-06-09T23:27:29+00:00,2025-07-04T23:27:29+00:00,North America,Synthetic indicator reported through the demo social-engineering reporting channel. Context is limited. ,,,,,1
THR-2026-0455,2026-07-20T23:27:29+00:00,Synthetic Credential Stuffing Observation,Credential Theft,IP ADDRESS,198.51.100.134,Research Report,75,MEDIUM,64,UNDER_REVIEW,2026-07-17T23:27:29+00:00,2026-07-20T23:27:29+00:00,Asia-Pacific,Synthetic indicator observed during credential-abuse monitoring in demo telemetry. Context is limited. ,,,,,7
THR-2026-0456,2026-07-09T23:27:29+00:00,Synthetic Ransomware Sample,Ransomware,FILE HASH,17c0abd567fb5c3cccb0ba40b7a85b89a9c161dc,Unknown Source,35,MEDIUM,50,FALSE_POSITIVE,2026-06-28T23:27:29+00:00,2026-07-09T23:27:29+00:00,Asia-Pacific,Synthetic indicator tentatively associated with ransomware activity in demo data. Behavioural context is not yet available. ,,,,,7
THR-2025-0560,2025-06-09T23:27:29+00:00,Demo Unpatched Service Indicator,Vulnerability Exposure,CVE ID,CVE-2026-900006,Research Report,70,MEDIUM,56,UNDER_REVIEW,2025-05-16T23:27:29+00:00,2025-06-09T23:27:29+00:00,,Synthetic vulnerability exposure record; demo asset inventory shows an unpatched public-facing service with a known exploit path. Defensive awareness only. ,Initial Access,T1190 (Exploit Public-Facing Application),CVE-2026-900006,,5
THR-2026-0457,2026-08-29T23:27:29+00:00,Synthetic Web Injection Observation,Web Threats,DOMAIN,login.mail.invalid,Public Threat Feed,55,MEDIUM,49,NEW,2026-08-16T23:27:29+00:00,2026-08-29T23:27:29+00:00,Unknown,Synthetic indicator observed in web-monitoring demo data. No specific technique context available. ,,,,,1
THR-2025-0561,2025-11-25T23:27:29+00:00,Demo SQL Injection Attempt Indicator,Web Threats,IP ADDRESS,203.0.113.209,Public Threat Feed,65,INFORMATIONAL,44,UNDER_REVIEW,2025-10-29T23:27:29+00:00,2025-11-25T23:27:29+00:00,,Synthetic indicator observed in web-monitoring demo data. No specific technique context available. ,,,,,5
THR-2025-0562,2025-04-10T23:27:29+00:00,Synthetic Malware Sample Hash,Malware,URL,http://account.example.org/document.html,Research Report,55,INFORMATIONAL,35,CLOSED,2025-03-27T23:27:29+00:00,2025-04-10T23:27:29+00:00,Asia-Pacific,"Synthetic hash observed in demo telemetry. No behavioural report is available, so classification remains general. ",,,,,4
THR-2025-0563,2025-09-23T23:27:29+00:00,Synthetic Lookalike Domain Alert,Phishing,DOMAIN,notify.support.invalid,Security Vendor,50,LOW,36,CLOSED,2025-09-04T23:27:29+00:00,2025-09-23T23:27:29+00:00,Global,Synthetic indicator of possible phishing relevance observed in demo telemetry. Insufficient behavioural context for further classification. ,,,,,2
THR-2025-0564,2025-07-06T23:27:29+00:00,Synthetic Ransomware Sample,Ransomware,FILE HASH,56064fa2e551ce9249c05c418f71c320c8796568,Research Report,55,LOW,39,MONITORING,2025-06-14T23:27:29+00:00,2025-07-06T23:27:29+00:00,Europe,Synthetic ransomware indicator observed in demo data; associated with service stop behaviour prior to encryption and data extortion staging. ,Impact,T1486 (Data Encrypted for Impact),,,3
THR-2026-0458,2026-09-22T23:27:29+00:00,Demo Unpatched Service Indicator,Vulnerability Exposure,CVE ID,CVE-2026-900013,Research Report,75,LOW,57,UNDER_REVIEW,2026-09-08T23:27:29+00:00,2026-09-22T23:27:29+00:00,Global,Synthetic vulnerability-related indicator from demo asset review. Detailed context pending. ,,,CVE-2026-900013,,4
THR-2024-0096,2024-11-25T23:27:29+00:00,Demo Phishing Campaign Indicator,Phishing,IP ADDRESS,192.0.2.129,Public Threat Feed,45,LOW,43,MONITORING,2024-11-04T23:27:29+00:00,2024-11-25T23:27:29+00:00,Global,Synthetic indicator of possible phishing relevance observed in demo telemetry. Insufficient behavioural context for further classification. ,,,,,6
THR-2025-0565,2025-01-16T23:27:29+00:00,Synthetic Account Takeover Risk Indicator,Account Security,EMAIL DOMAIN,secure.billing.invalid,Security Vendor,55,INFORMATIONAL,38,MONITORING,2025-01-12T23:27:29+00:00,2025-01-16T23:27:29+00:00,Latin America,Synthetic fraudulent account creation observed in demo telemetry; a new account was created outside standard process. ,Persistence,T1136 (Create Account),,,9
THR-2026-0459,2026-03-14T23:27:29+00:00,Synthetic C2 Callback Observation,Network Threats,DOMAIN,secure.login.invalid,Public Threat Feed,45,HIGH,48,CLOSED,2026-03-10T23:27:29+00:00,2026-03-14T23:27:29+00:00,Europe,Synthetic command-and-control channel observed in demo telemetry; host beacon traffic to a C2 endpoint was recorded. ,Command and Control,T1071 (Application Layer Protocol),,,2
THR-2026-0460,2026-05-02T23:27:29+00:00,Demo Brute Force Activity,Credential Theft,IP ADDRESS,203.0.113.130,Public Threat Feed,65,HIGH,67,MONITORING,2026-04-05T23:27:29+00:00,2026-05-02T23:27:29+00:00,Unknown,Synthetic indicator observed during credential-abuse monitoring in demo telemetry. Context is limited. ,,,,,9
THR-2025-0566,2025-11-05T23:27:29+00:00,Synthetic Credential Stuffing Observation,Credential Theft,IP ADDRESS,203.0.113.218,Internal SOC,80,LOW,55,CLOSED,2025-11-01T23:27:29+00:00,2025-11-05T23:27:29+00:00,Asia-Pacific,Synthetic indicator observed during credential-abuse monitoring in demo telemetry. Context is limited. ,,,,,6
THR-2026-0461,2026-03-24T23:27:29+00:00,Demo Password Spray Observation,Credential Theft,IP ADDRESS,203.0.113.20,Community Submission,45,MEDIUM,41,CLOSED,2026-02-27T23:27:29+00:00,2026-03-24T23:27:29+00:00,Unknown,Synthetic indicator observed during credential-abuse monitoring in demo telemetry. Context is limited. ,,,,,1
THR-2026-0462,2026-05-06T23:27:29+00:00,Demo SMiShing Sender Observation,Social Engineering,FILE HASH,084d5db5dabdd5f7b782f8e02b29e910537619f35196cb492f8b9cf27f33bf62,Community Submission,60,MEDIUM,56,NEW,2026-04-24T23:27:29+00:00,2026-05-06T23:27:29+00:00,Latin America,Synthetic indicator reported through the demo social-engineering reporting channel. Context is limited. ,,,,,8
THR-2025-0567,2025-02-18T23:27:29+00:00,Demo SQL Injection Attempt Indicator,Web Threats,IP ADDRESS,2001:db8:57f:::4208,Internal SOC,70,HIGH,57,NEW,2025-02-10T23:27:29+00:00,2025-02-18T23:27:29+00:00,North America,Synthetic web attack indicator observed in demo telemetry; exploitation attempts against a public-facing application were recorded in demo logs. ,Initial Access,T1190 (Exploit Public-Facing Application),,,3
THR-2024-0097,2024-12-03T23:27:29+00:00,Demo Tor Proxy Exit Observation,Network Threats,IP ADDRESS,2001:db8:d17:::9479,Internal SOC,70,CRITICAL,68,CLOSED,2024-11-08T23:27:29+00:00,2024-12-03T23:27:29+00:00,Europe,Synthetic scanning behaviour observed in demo data; network service scan attempts were logged from this address. ,Discovery,T1046 (Network Service Discovery),,,6
THR-2025-0568,2025-10-04T23:27:29+00:00,Demo Exfiltration Endpoint Indicator,Data Exposure,IP ADDRESS,192.0.2.224,Security Vendor,65,MEDIUM,51,MONITORING,2025-09-28T23:27:29+00:00,2025-10-04T23:27:29+00:00,Unknown,Synthetic indicator associated with possible data-exposure monitoring in demo data. Context is limited. ,,,,,3
THR-2026-0463,2026-05-18T23:27:29+00:00,Demo Ransomware C2 Observation,Ransomware,IP ADDRESS,192.0.2.52,Internal SOC,85,CRITICAL,70,CLOSED,2026-04-25T23:27:29+00:00,2026-05-18T23:27:29+00:00,Asia-Pacific,Synthetic indicator tentatively associated with ransomware activity in demo data. Behavioural context is not yet available. ,,,,,1
THR-2025-0569,2025-11-21T23:27:29+00:00,Synthetic Fake Portal Domain,Phishing,DOMAIN,notify.demo.invalid,Community Submission,50,LOW,39,NEW,2025-11-20T23:27:29+00:00,2025-11-21T23:27:29+00:00,,Synthetic indicator of possible phishing relevance observed in demo telemetry. Insufficient behavioural context for further classification. ,,,,,3
THR-2026-0464,2026-07-03T23:27:29+00:00,Synthetic Phishing Lure Domain,Phishing,DOMAIN,mail.auth.invalid,Internal SOC,90,CRITICAL,79,NEW,2026-06-08T23:27:29+00:00,2026-07-03T23:27:29+00:00,Asia-Pacific,Synthetic e-mail attachment campaign observed in demo telemetry distributing phishing documents with credential harvest links. ,Initial Access,T1566.002 (Phishing: Spearphishing Link),,,6
THR-2025-0570,2025-08-06T23:27:29+00:00,Synthetic Lookalike Domain Alert,Phishing,EMAIL DOMAIN,wire-transfer.secure.invalid,Community Submission,40,CRITICAL,52,MONITORING,2025-08-02T23:27:29+00:00,2025-08-06T23:27:29+00:00,Middle East & Africa,Synthetic e-mail attachment campaign observed in demo telemetry distributing phishing documents with credential harvest links. ,Initial Access,T1566.002 (Phishing: Spearphishing Link),,,3
THR-2025-0571,2025-01-20T23:27:29+00:00,Demo Ransomware Payload Hash,Ransomware,IP ADDRESS,198.51.100.24,Internal SOC,70,LOW,45,NEW,2025-01-13T23:27:29+00:00,2025-01-20T23:27:29+00:00,Global,Synthetic indicator tentatively associated with ransomware activity in demo data. Behavioural context is not yet available. ,,,,,3
THR-2026-0465,2026-02-15T23:27:29+00:00,Synthetic Trojan Hash Indicator,Malware,FILE HASH,73d64fdef76595dc382adb6aa8159ffe031d3758212804d4690d8c18ecd8fcb0,Security Vendor,65,LOW,48,MONITORING,2026-01-19T23:27:29+00:00,2026-02-15T23:27:29+00:00,Unknown,Synthetic malware hash observed in demo telemetry; sample behaves as a downloader that executes an obfuscated payload and establishes C2 callback traffic. ,Execution,T1204.002 (User Execution: Malicious File),,,5
THR-2025-0572,2025-10-04T23:27:29+00:00,Demo Abnormal Login Pattern Observation,Account Security,IP ADDRESS,198.51.100.55,Public Threat Feed,50,INFORMATIONAL,38,MONITORING,2025-09-17T23:27:29+00:00,2025-10-04T23:27:29+00:00,Global,Synthetic account takeover risk indicator; demo telemetry shows compromised valid accounts used from unusual locations. ,Persistence,T1136 (Create Account),,,8
THR-2026-0466,2026-06-02T23:27:29+00:00,Synthetic CEO Fraud Domain,Social Engineering,FILE HASH,dc7a5d2315400b584058d98da988453ca656802cb2155399ff470462c32e03a1,Security Vendor,75,LOW,55,UNDER_REVIEW,2026-05-27T23:27:29+00:00,2026-06-02T23:27:29+00:00,Europe,Synthetic indicator reported through the demo social-engineering reporting channel. Context is limited. ,,,,,6
THR-2024-0098,2024-11-20T23:27:29+00:00,Synthetic Lookalike Domain Alert,Phishing,URL,http://portal.mail.invalid/team/share,Public Threat Feed,40,HIGH,46,MONITORING,2024-11-06T23:27:29+00:00,2024-11-20T23:27:29+00:00,Europe,Synthetic credential-phishing URL observed sending users to a fake account verification page in demo logs. ,Initial Access,T1566.002 (Phishing: Spearphishing Link),,,3
THR-2025-0573,2025-09-01T23:27:29+00:00,Demo Drive-by Download Serving Domain,Web Threats,IP ADDRESS,203.0.113.199,Public Threat Feed,45,MEDIUM,49,CLOSED,2025-08-21T23:27:29+00:00,2025-09-01T23:27:29+00:00,Middle East & Africa,Synthetic web attack indicator observed in demo telemetry; exploitation attempts against a public-facing application were recorded in demo logs. ,Initial Access,T1190 (Exploit Public-Facing Application),,,6
THR-2024-0099,2025-01-06T23:27:29+00:00,Synthetic Lookalike Domain Alert,Phishing,DOMAIN,portal-verify.example.net,Security Vendor,50,LOW,35,UNDER_REVIEW,2024-12-31T23:27:29+00:00,2025-01-06T23:27:29+00:00,Latin America,Synthetic indicator of possible phishing relevance observed in demo telemetry. Insufficient behavioural context for further classification. ,,,,,1
THR-2026-0467,2026-08-01T23:27:29+00:00,Demo Credential Phishing Observation,Phishing,IP ADDRESS,192.0.2.136,Internal SOC,95,INFORMATIONAL,63,MONITORING,2026-07-30T23:27:29+00:00,2026-08-01T23:27:29+00:00,North America,Synthetic e-mail attachment campaign observed in demo telemetry distributing phishing documents with credential harvest links. ,Initial Access,T1566.002 (Phishing: Spearphishing Link),,,8
THR-2025-0574,2025-08-27T23:27:29+00:00,Synthetic Credential Harvester Sighting,Credential Theft,URL,https://docusign-view.login.invalid/update-password,Community Submission,40,MEDIUM,42,CLOSED,2025-08-10T23:27:29+00:00,2025-08-27T23:27:29+00:00,,Synthetic credential stuffing activity observed in demo telemetry; high volume of brute force attempts against login endpoints from shared infrastructure. ,Credential Access,T1110 (Brute Force),,,5
THR-2026-0468,2026-07-10T23:27:29+00:00,Synthetic Malware Sample Hash,Malware,FILE HASH,9ba419b45c9612811c70dcf77157755e40a163a5,Internal SOC,90,CRITICAL,78,CLOSED,2026-06-13T23:27:29+00:00,2026-07-10T23:27:29+00:00,North America,Synthetic trojan hash sighted in demo data; associated with credential dumping behaviour in the sandbox report. ,,,,,3
THR-2025-0575,2025-06-15T23:27:29+00:00,Synthetic Phishing Lure Domain,Phishing,URL,https://demo.invalid/document.html,Community Submission,40,MEDIUM,41,NEW,2025-05-31T23:27:29+00:00,2025-06-15T23:27:29+00:00,Latin America,Synthetic phishing lure domain observed in demo telemetry; the domain mimics a login verification portal. Indicator is analysed as data only - never visited. ,Initial Access,T1566.002 (Phishing: Spearphishing Link),,,4
THR-2025-0576,2025-04-15T23:27:29+00:00,Synthetic Phishing Infrastructure Sighting,Phishing,URL,http://cloud-backup.updates.invalid/document.html,Public Threat Feed,40,CRITICAL,54,NEW,2025-04-04T23:27:29+00:00,2025-04-15T23:27:29+00:00,Latin America,Synthetic credential-phishing URL observed sending users to a fake account verification page in demo logs. ,Initial Access,T1566.002 (Phishing: Spearphishing Link),,,4
THR-2024-0100,2024-11-21T23:27:29+00:00,Demo Credential Phishing Observation,Phishing,URL,http://service.example.com/account/confirm,Research Report,55,LOW,44,MONITORING,2024-11-05T23:27:29+00:00,2024-11-21T23:27:29+00:00,,Synthetic phishing lure domain observed in demo telemetry; the domain mimics a login verification portal. Indicator is analysed as data only - never visited. ,Initial Access,T1566.002 (Phishing: Spearphishing Link),,,8
THR-2026-0469,2026-04-12T23:27:29+00:00,Demo Abnormal Login Pattern Observation,Account Security,IP ADDRESS,192.0.2.178,Public Threat Feed,60,HIGH,61,CLOSED,2026-03-14T23:27:29+00:00,2026-04-12T23:27:29+00:00,North America,Synthetic indicator from demo account-monitoring telemetry. Context is limited. ,Persistence,T1136 (Create Account),,,6
THR-2025-0577,2025-02-10T23:27:29+00:00,Demo SMiShing Sender Observation,Social Engineering,URL,http://billing.example.com/secure/login,Community Submission,40,LOW,38,MONITORING,2025-02-02T23:27:29+00:00,2025-02-10T23:27:29+00:00,Unknown,Synthetic SMiShing campaign indicator observed in demo data; messages impersonate a delivery service with a QR code lure. ,Initial Access,T1566.003 (Phishing: Spearphishing Voice),,,7
THR-2026-0470,2026-09-20T23:27:29+00:00,Synthetic Trojan Hash Indicator,Malware,FILE HASH,1017cddcf25216a610ccedebf21705310b39642ad7645fdca6b972280e3c21c6,Internal SOC,90,INFORMATIONAL,60,CLOSED,2026-09-02T23:27:29+00:00,2026-09-20T23:27:29+00:00,North America,"Synthetic hash observed in demo telemetry. No behavioural report is available, so classification remains general. ",,,,,7
THR-2025-0578,2025-05-25T23:27:29+00:00,Synthetic C2 Callback Observation,Network Threats,IP ADDRESS,192.0.2.127,Research Report,55,CRITICAL,60,CLOSED,2025-05-01T23:27:29+00:00,2025-05-25T23:27:29+00:00,Global,Synthetic scanning behaviour observed in demo data; network service scan attempts were logged from this address. ,Discovery,T1046 (Network Service Discovery),,,2
THR-2026-0471,2026-03-19T23:27:29+00:00,Synthetic Vulnerability Exposure Record,Vulnerability Exposure,CVE ID,CVE-2024-900019,Research Report,75,CRITICAL,75,MONITORING,2026-02-27T23:27:29+00:00,2026-03-19T23:27:29+00:00,Latin America,Synthetic exploitable service observation; demo scanning metadata indicates exposure requiring patch review. ,Initial Access,T1190 (Exploit Public-Facing Application),CVE-2024-900019,,7
THR-2026-0472,2026-03-11T23:27:29+00:00,Synthetic Credential Harvester Sighting,Credential Theft,IP ADDRESS,203.0.113.106,Internal SOC,75,LOW,46,MONITORING,2026-03-03T23:27:29+00:00,2026-03-11T23:27:29+00:00,,Synthetic credential stuffing activity observed in demo telemetry; high volume of brute force attempts against login endpoints from shared infrastructure. ,Credential Access,T1110 (Brute Force),,,1
THR-2025-0579,2025-08-04T23:27:29+00:00,Demo Credential Phishing Observation,Phishing,IP ADDRESS,198.51.100.159,Research Report,55,HIGH,56,NEW,2025-07-15T23:27:29+00:00,2025-08-04T23:27:29+00:00,Middle East & Africa,Synthetic credential-phishing URL observed sending users to a fake account verification page in demo logs. ,Initial Access,T1566.002 (Phishing: Spearphishing Link),,,8
THR-2026-0473,2026-02-18T23:27:29+00:00,Demo Port Scan Activity Indicator,Network Threats,URL,https://signin.login.invalid/team/share,Public Threat Feed,45,HIGH,48,UNDER_REVIEW,2026-01-27T23:27:29+00:00,2026-02-18T23:27:29+00:00,North America,Synthetic command-and-control channel observed in demo telemetry; host beacon traffic to a C2 endpoint was recorded. ,Command and Control,T1071 (Application Layer Protocol),,,2
THR-2025-0580,2025-05-24T23:27:29+00:00,Demo Malware Distribution Observation,Malware,DOMAIN,wire-transfer.support.invalid,Internal SOC,70,HIGH,62,NEW,2025-05-08T23:27:29+00:00,2025-05-24T23:27:29+00:00,North America,Synthetic trojan hash sighted in demo data; associated with credential dumping behaviour in the sandbox report. ,,,,,9
THR-2024-0101,2024-12-20T23:27:29+00:00,Synthetic Lookalike Domain Alert,Phishing,URL,http://support.example.com/account/confirm,Internal SOC,70,HIGH,60,UNDER_REVIEW,2024-12-12T23:27:29+00:00,2024-12-20T23:27:29+00:00,Asia-Pacific,Synthetic e-mail attachment campaign observed in demo telemetry distributing phishing documents with credential harvest links. ,Initial Access,T1566.002 (Phishing: Spearphishing Link),,,5
THR-2025-0581,2025-11-16T23:27:29+00:00,Demo Tor Proxy Exit Observation,Network Threats,IP ADDRESS,2001:db8:b99:::4249,Internal SOC,80,CRITICAL,72,MONITORING,2025-10-29T23:27:29+00:00,2025-11-16T23:27:29+00:00,Unknown,Synthetic network indicator recorded in demo telemetry. Limited contextual evidence. ,,,,,5
THR-2026-0474,2026-04-19T23:27:29+00:00,Synthetic Public Leak Domain Sighting,Data Exposure,DOMAIN,update.portal.invalid,Security Vendor,75,HIGH,67,CLOSED,2026-04-18T23:27:29+00:00,2026-04-19T23:27:29+00:00,Global,Synthetic indicator associated with possible data-exposure monitoring in demo data. Context is limited. ,,,,,7
THR-2025-0582,2025-06-21T23:27:29+00:00,Synthetic Credential Stuffing Observation,Credential Theft,IP ADDRESS,203.0.113.152,Research Report,55,INFORMATIONAL,34,NEW,2025-05-26T23:27:29+00:00,2025-06-21T23:27:29+00:00,Europe,Synthetic indicator observed during credential-abuse monitoring in demo telemetry. Context is limited. ,,,,,1
THR-2026-0475,2026-09-11T23:27:29+00:00,Synthetic Phishing Lure Domain,Phishing,FILE HASH,233daf772c4233fdd5a4bbf0fe608e57,Research Report,70,LOW,53,UNDER_REVIEW,2026-08-12T23:27:29+00:00,2026-09-11T23:27:29+00:00,Asia-Pacific,Synthetic indicator of possible phishing relevance observed in demo telemetry. Insufficient behavioural context for further classification. ,,,,,2
THR-2026-0476,2026-02-26T23:27:29+00:00,Demo Tor Proxy Exit Observation,Network Threats,DOMAIN,notify.login.invalid,Public Threat Feed,50,HIGH,54,NEW,2026-02-04T23:27:29+00:00,2026-02-26T23:27:29+00:00,Europe,Synthetic scanning behaviour observed in demo data; network service scan attempts were logged from this address. ,Discovery,T1046 (Network Service Discovery),,,5
THR-2026-0477,2026-06-02T23:27:29+00:00,Synthetic Beaconing Host Indicator,Network Threats,IP ADDRESS,203.0.113.155,Internal SOC,90,MEDIUM,64,FALSE_POSITIVE,2026-05-16T23:27:29+00:00,2026-06-02T23:27:29+00:00,Middle East & Africa,Synthetic network indicator recorded in demo telemetry. Limited contextual evidence. ,,,,,4
THR-2026-0478,2026-07-09T23:27:29+00:00,Synthetic Web Injection Observation,Web Threats,URL,https://hr-notice.example.org/login,Internal SOC,90,INFORMATIONAL,58,MONITORING,2026-06-28T23:27:29+00:00,2026-07-09T23:27:29+00:00,,Synthetic drive-by domain observed in demo data; client browser exploitation behaviour was simulated. ,Initial Access,T1190 (Exploit Public-Facing Application),,,6
THR-2025-0583,2025-05-08T23:27:29+00:00,Synthetic Backdoor Beacon Observation,Malware,FILE HASH,5e20cecd8e748f39c488fa8c575baa7b92941edd77afe12c6c6d38f2b11fadc0,Security Vendor,55,MEDIUM,45,CLOSED,2025-05-05T23:27:29+00:00,2025-05-08T23:27:29+00:00,Unknown,Synthetic malware hash observed in demo telemetry; sample behaves as a downloader that executes an obfuscated payload and establishes C2 callback traffic. ,Execution,T1204.002 (User Execution: Malicious File),,,3
THR-2026-0479,2026-03-18T23:27:29+00:00,Synthetic Phishing Infrastructure Sighting,Phishing,IP ADDRESS,203.0.113.191,Research Report,65,HIGH,60,NEW,2026-02-24T23:27:29+00:00,2026-03-18T23:27:29+00:00,,Synthetic phishing lure domain observed in demo telemetry; the domain mimics a login verification portal. Indicator is analysed as data only - never visited. ,Initial Access,T1566.002 (Phishing: Spearphishing Link),,,5
THR-2025-0584,2025-06-23T23:27:29+00:00,Demo Credential Phishing Observation,Phishing,URL,https://login.auth.invalid/attachment/invoice-2026.zip.html,Public Threat Feed,40,MEDIUM,40,MONITORING,2025-06-23T23:27:29+00:00,2025-06-23T23:27:29+00:00,Europe,Synthetic indicator of possible phishing relevance observed in demo telemetry. Insufficient behavioural context for further classification. ,,,,,3
THR-2025-0585,2025-02-01T23:27:29+00:00,Demo Phishing Campaign Indicator,Phishing,DOMAIN,password.example.com,Security Vendor,50,HIGH,48,MONITORING,2025-01-30T23:27:29+00:00,2025-02-01T23:27:29+00:00,Middle East & Africa,Synthetic phishing lure domain observed in demo telemetry; the domain mimics a login verification portal. Indicator is analysed as data only - never visited. ,Initial Access,T1566.002 (Phishing: Spearphishing Link),,,2
THR-2026-0480,2026-04-25T23:27:29+00:00,Synthetic Credential Stuffing Observation,Credential Theft,IP ADDRESS,192.0.2.124,Internal SOC,90,INFORMATIONAL,54,MONITORING,2026-04-18T23:27:29+00:00,2026-04-25T23:27:29+00:00,,Synthetic indicator observed during credential-abuse monitoring in demo telemetry. Context is limited. ,,,,,6
THR-2026-0481,2026-06-30T23:27:29+00:00,Synthetic Credential Harvester Sighting,Credential Theft,URL,https://login.login.invalid/account/confirm,Community Submission,55,LOW,42,FALSE_POSITIVE,2026-06-19T23:27:29+00:00,2026-06-30T23:27:29+00:00,Global,Synthetic credential-harvesting page observed in demo telemetry; the page mimics a password store sign-in form. ,Credential Access,T1555 (Credentials from Password Stores),,,2
THR-2026-0482,2026-05-01T23:27:29+00:00,Synthetic Ransomware Note Indicator,Ransomware,FILE HASH,4db79ffe465057e4ea4861c9af4f85915363028c2aec5243f5a32000c23661f8,Internal SOC,90,MEDIUM,67,FALSE_POSITIVE,2026-04-30T23:27:29+00:00,2026-05-01T23:27:29+00:00,Unknown,Synthetic ransomware sample observed in demo telemetry; the sample attempts file encryption of user documents and inhibits system recovery options. ,Impact,T1486 (Data Encrypted for Impact),,,9
THR-2025-0586,2025-10-03T23:27:29+00:00,Demo Ransomware C2 Observation,Ransomware,FILE HASH,6499513752cd7b09d2a7f396209ef0bb3c512bbb9c3243f02fffc255571d2d4b,Public Threat Feed,40,HIGH,50,NEW,2025-09-17T23:27:29+00:00,2025-10-03T23:27:29+00:00,Latin America,Synthetic ransomware indicator observed in demo data; associated with service stop behaviour prior to encryption and data extortion staging. ,Impact,T1486 (Data Encrypted for Impact),,,6
THR-2025-0587,2025-11-09T23:27:29+00:00,Demo Ransomware Payload Hash,Ransomware,IP ADDRESS,203.0.113.126,Internal SOC,80,HIGH,68,MONITORING,2025-10-19T23:27:29+00:00,2025-11-09T23:27:29+00:00,Asia-Pacific,Synthetic indicator tentatively associated with ransomware activity in demo data. Behavioural context is not yet available. ,,,,,8
THR-2026-0483,2026-01-22T23:27:29+00:00,Demo Ransomware Payload Hash,Ransomware,FILE HASH,5ea2ad152e11ff6ab01b6be5909ff73d26dbaaa6,Security Vendor,65,MEDIUM,54,CLOSED,2026-01-21T23:27:29+00:00,2026-01-22T23:27:29+00:00,Middle East & Africa,Synthetic indicator tentatively associated with ransomware activity in demo data. Behavioural context is not yet available. ,,,,,5
THR-2025-0588,2025-11-26T23:27:29+00:00,Synthetic C2 Callback Observation,Network Threats,URL,http://support.invalid/secure-update/payment,Unknown Source,25,LOW,36,MONITORING,2025-11-05T23:27:29+00:00,2025-11-26T23:27:29+00:00,Global,Synthetic network indicator recorded in demo telemetry. Limited contextual evidence. ,,,,,7
THR-2026-0484,2026-02-08T23:27:29+00:00,Demo Ransomware C2 Observation,Ransomware,FILE HASH,63a8b177204ebb7ab2ff5173c33d96c3842fc0c967860c8889a6cce90e51e613,Security Vendor,65,CRITICAL,68,UNDER_REVIEW,2026-02-07T23:27:29+00:00,2026-02-08T23:27:29+00:00,Asia-Pacific,Synthetic ransomware sample observed in demo telemetry; the sample attempts file encryption of user documents and inhibits system recovery options. ,Impact,T1486 (Data Encrypted for Impact),,,9
THR-2026-0485,2026-01-16T23:27:29+00:00,Demo Malware Distribution Observation,Malware,FILE HASH,fb8c71da064b488cb0e0ad7ccfe5035f,Internal SOC,80,LOW,54,MONITORING,2026-01-08T23:27:29+00:00,2026-01-16T23:27:29+00:00,Europe,"Synthetic hash observed in demo telemetry. No behavioural report is available, so classification remains general. ",,,CVE-2024-900004,,5
THR-2025-0589,2025-07-31T23:27:29+00:00,Synthetic Trojan Hash Indicator,Malware,FILE HASH,78cd951ce0064b7f6975cf52a37180c9b061593d1e075f00f8056e71399c7979,Security Vendor,55,LOW,41,NEW,2025-07-31T23:27:29+00:00,2025-07-31T23:27:29+00:00,Unknown,"Synthetic hash observed in demo telemetry. No behavioural report is available, so classification remains general. ",,,,,4
THR-2026-0486,2026-06-15T23:27:29+00:00,Demo Malware Distribution Observation,Malware,FILE HASH,3e7fb8a0f101955f61da404b696b792a76c0c48aaf67ba0dff86122efceb3b4f,Public Threat Feed,60,INFORMATIONAL,40,MONITORING,2026-06-08T23:27:29+00:00,2026-06-15T23:27:29+00:00,,Synthetic malware hash observed in demo telemetry; sample behaves as a downloader that executes an obfuscated payload and establishes C2 callback traffic. ,Execution,T1204.002 (User Execution: Malicious File),,,4
THR-2025-0590,2025-04-06T23:27:29+00:00,Synthetic Trojan Hash Indicator,Malware,FILE HASH,93849e22b6200c2ab8f4700910bb5a072af90080bc4279ccf8961fe6ad65b408,Internal SOC,70,INFORMATIONAL,44,FALSE_POSITIVE,2025-03-22T23:27:29+00:00,2025-04-06T23:27:29+00:00,Middle East & Africa,"Synthetic hash observed in demo telemetry. No behavioural report is available, so classification remains general. ",,,,,9
THR-2026-0487,2026-04-12T23:27:29+00:00,Synthetic Phishing Infrastructure Sighting,Phishing,IP ADDRESS,198.51.100.111,Security Vendor,75,LOW,51,FALSE_POSITIVE,2026-03-28T23:27:29+00:00,2026-04-12T23:27:29+00:00,Unknown,Synthetic credential-phishing URL observed sending users to a fake account verification page in demo logs. ,Initial Access,T1566.002 (Phishing: Spearphishing Link),,,1
THR-2025-0591,2025-02-13T23:27:29+00:00,Demo Vishing Campaign Indicator,Social Engineering,URL,http://docusign-view.billing.invalid/secure/login,Community Submission,40,MEDIUM,44,MONITORING,2025-02-01T23:27:29+00:00,2025-02-13T23:27:29+00:00,Latin America,Synthetic voice-phishing (vishing) attempt observed in demo telemetry; impersonation of the IT helpdesk was reported. ,Initial Access,T1566.003 (Phishing: Spearphishing Voice),,,8
THR-2026-0488,2026-07-25T23:27:29+00:00,Synthetic Fake Portal Domain,Phishing,URL,https://mail.invalid/secure/login,Unknown Source,35,INFORMATIONAL,36,MONITORING,2026-07-25T23:27:29+00:00,2026-07-25T23:27:29+00:00,Latin America,Synthetic indicator of possible phishing relevance observed in demo telemetry. Insufficient behavioural context for further classification. ,,,,,5
THR-2025-0592,2025-11-09T23:27:29+00:00,Synthetic Beaconing Host Indicator,Network Threats,IP ADDRESS,198.51.100.222,Research Report,70,HIGH,67,CLOSED,2025-11-07T23:27:29+00:00,2025-11-09T23:27:29+00:00,Global,Synthetic scanning behaviour observed in demo data; network service scan attempts were logged from this address. ,Discovery,T1046 (Network Service Discovery),,,8
THR-2025-0593,2025-04-09T23:27:29+00:00,Demo Phishing Campaign Indicator,Phishing,URL,http://billing.invalid/attachment/invoice-2026.zip.html,Security Vendor,55,LOW,42,UNDER_REVIEW,2025-04-08T23:27:29+00:00,2025-04-09T23:27:29+00:00,Asia-Pacific,Synthetic indicator of possible phishing relevance observed in demo telemetry. Insufficient behavioural context for further classification. ,,,,,5
THR-2025-0594,2025-08-16T23:27:29+00:00,Synthetic Loader Hash Sighting,Malware,FILE HASH,1288bc4fd80ab23927c6d61cdcd7023f7fa4fcdc98775fa1c3234aba632f64fa,Unknown Source,15,HIGH,39,MONITORING,2025-07-30T23:27:29+00:00,2025-08-16T23:27:29+00:00,Middle East & Africa,Synthetic malware hash observed in demo telemetry; sample behaves as a downloader that executes an obfuscated payload and establishes C2 callback traffic. ,Execution,T1204.002 (User Execution: Malicious File),,,4
THR-2025-0595,2025-06-07T23:27:29+00:00,Demo Ransomware Payload Hash,Ransomware,FILE HASH,4dfbfa7b44898d95ed959748b2e0ad22cb7d5b4acdf5ad48e319f696bf2074b4,Internal SOC,70,LOW,50,MONITORING,2025-05-10T23:27:29+00:00,2025-06-07T23:27:29+00:00,Unknown,Synthetic indicator tentatively associated with ransomware activity in demo data. Behavioural context is not yet available. ,,,,,7
THR-2025-0596,2025-02-17T23:27:29+00:00,Synthetic Loader Hash Sighting,Malware,FILE HASH,fe356b6dba94923d7049cb59f6c78b682d9f0e07,Internal SOC,65,INFORMATIONAL,36,MONITORING,2025-02-02T23:27:29+00:00,2025-02-17T23:27:29+00:00,Middle East & Africa,"Synthetic hash observed in demo telemetry. No behavioural report is available, so classification remains general. ",,,,,2
THR-2024-0102,2024-12-03T23:27:29+00:00,Synthetic Beaconing Host Indicator,Network Threats,IP ADDRESS,198.51.100.181,Research Report,50,HIGH,48,NEW,2024-12-03T23:27:29+00:00,2024-12-03T23:27:29+00:00,Global,Synthetic command-and-control channel observed in demo telemetry; host beacon traffic to a C2 endpoint was recorded. ,Command and Control,T1071 (Application Layer Protocol),,,2
THR-2025-0597,2025-05-06T23:27:29+00:00,Synthetic Vulnerability Exposure Record,Vulnerability Exposure,CVE ID,CVE-2025-900002,Community Submission,40,HIGH,54,CLOSED,2025-04-24T23:27:29+00:00,2025-05-06T23:27:29+00:00,Middle East & Africa,Synthetic exploitable service observation; demo scanning metadata indicates exposure requiring patch review. ,Initial Access,T1190 (Exploit Public-Facing Application),CVE-2025-900002,,9
THR-2025-0598,2025-09-20T23:27:29+00:00,Demo Downloader Hash Observation,Malware,FILE HASH,56bf1d497e58713ef01ce99e3a1ae28e,Security Vendor,50,LOW,36,MONITORING,2025-08-27T23:27:29+00:00,2025-09-20T23:27:29+00:00,,"Synthetic hash observed in demo telemetry. No behavioural report is available, so classification remains general. ",,,,,2
THR-2025-0599,2025-04-08T23:27:29+00:00,Synthetic Ransomware Sample,Ransomware,FILE HASH,9e4b433013627f2f81fef55b3c4ad6b6,Public Threat Feed,40,INFORMATIONAL,32,CLOSED,2025-03-23T23:27:29+00:00,2025-04-08T23:27:29+00:00,Europe,Synthetic indicator tentatively associated with ransomware activity in demo data. Behavioural context is not yet available. ,,,,,7
THR-2026-0489,2026-02-28T23:27:29+00:00,Synthetic Trojan Hash Indicator,Malware,FILE HASH,7635c4d02beb1c4b7b6be2f6bdd0aeb34b7524c6eb94f649a135a038bd7a3fde,Security Vendor,60,HIGH,52,NEW,2026-02-19T23:27:29+00:00,2026-02-28T23:27:29+00:00,Asia-Pacific,Synthetic malware hash observed in demo telemetry; sample behaves as a downloader that executes an obfuscated payload and establishes C2 callback traffic. ,Execution,T1204.002 (User Execution: Malicious File),,,1
THR-2025-0600,2025-08-28T23:27:29+00:00,Demo Port Scan Activity Indicator,Network Threats,DOMAIN,team-share.support.invalid,Internal SOC,70,HIGH,60,UNDER_REVIEW,2025-08-03T23:27:29+00:00,2025-08-28T23:27:29+00:00,Asia-Pacific,Synthetic command-and-control channel observed in demo telemetry; host beacon traffic to a C2 endpoint was recorded. ,Command and Control,T1071 (Application Layer Protocol),,,5
THR-2025-0601,2025-09-18T23:27:29+00:00,Demo SMiShing Sender Observation,Social Engineering,URL,https://docusign-view.login.invalid/verify-account.html,Internal SOC,70,LOW,46,FALSE_POSITIVE,2025-09-09T23:27:29+00:00,2025-09-18T23:27:29+00:00,Asia-Pacific,Synthetic indicator reported through the demo social-engineering reporting channel. Context is limited. ,,,,,4
THR-2025-0602,2025-12-05T23:27:29+00:00,Demo Port Scan Activity Indicator,Network Threats,IP ADDRESS,192.0.2.196,Unknown Source,25,MEDIUM,42,NEW,2025-11-25T23:27:29+00:00,2025-12-05T23:27:29+00:00,Unknown,Synthetic scanning behaviour observed in demo data; network service scan attempts were logged from this address. ,Discovery,T1046 (Network Service Discovery),,,9
THR-2026-0490,2026-04-05T23:27:29+00:00,Synthetic Beaconing Host Indicator,Network Threats,IP ADDRESS,192.0.2.199,Security Vendor,65,LOW,48,CLOSED,2026-04-02T23:27:29+00:00,2026-04-05T23:27:29+00:00,Global,Synthetic scanning behaviour observed in demo data; network service scan attempts were logged from this address. ,Discovery,T1046 (Network Service Discovery),,,5
THR-2026-0491,2026-05-01T23:27:29+00:00,Synthetic Loader Hash Sighting,Malware,IP ADDRESS,198.51.100.241,Community Submission,65,HIGH,66,NEW,2026-04-18T23:27:29+00:00,2026-05-01T23:27:29+00:00,,Synthetic malware hash observed in demo telemetry; sample behaves as a downloader that executes an obfuscated payload and establishes C2 callback traffic. ,Execution,T1204.002 (User Execution: Malicious File),,,6
THR-2024-0103,2024-12-02T23:27:29+00:00,Synthetic Phishing Lure Domain,Phishing,URL,https://helpdesk.support.invalid/auth/check,Public Threat Feed,40,HIGH,47,MONITORING,2024-11-28T23:27:29+00:00,2024-12-02T23:27:29+00:00,Global,Synthetic e-mail attachment campaign observed in demo telemetry distributing phishing documents with credential harvest links. ,Initial Access,T1566.002 (Phishing: Spearphishing Link),,,4
THR-2024-0104,2025-01-04T23:27:29+00:00,Synthetic Exploit Kit Domain,Web Threats,URL,https://notify.example.net/password-reset/verify,Research Report,55,LOW,44,CLOSED,2024-12-11T23:27:29+00:00,2025-01-04T23:27:29+00:00,North America,Synthetic web attack indicator observed in demo telemetry; exploitation attempts against a public-facing application were recorded in demo logs. ,Initial Access,T1190 (Exploit Public-Facing Application),,,8
THR-2025-0603,2025-09-12T23:27:29+00:00,Synthetic Fraudulent Account Creation Indicator,Account Security,IP ADDRESS,203.0.113.40,Security Vendor,55,LOW,42,NEW,2025-09-05T23:27:29+00:00,2025-09-12T23:27:29+00:00,Global,Synthetic indicator from demo account-monitoring telemetry. Context is limited. ,Persistence,T1136 (Create Account),,,2
THR-2025-0604,2025-10-08T23:27:29+00:00,Synthetic Lookalike Domain Alert,Phishing,FILE HASH,4beae4ca76006920f1c8cab004a03e4212056ac4,Public Threat Feed,50,CRITICAL,61,MONITORING,2025-09-20T23:27:29+00:00,2025-10-08T23:27:29+00:00,Global,Synthetic phishing lure domain observed in demo telemetry; the domain mimics a login verification portal. Indicator is analysed as data only - never visited. ,Initial Access,T1566.002 (Phishing: Spearphishing Link),,,5
THR-2026-0492,2026-09-04T23:27:29+00:00,Synthetic Exploitable Service Observation,Vulnerability Exposure,CVE ID,CVE-2025-900013,Security Vendor,75,MEDIUM,63,CLOSED,2026-08-08T23:27:29+00:00,2026-09-04T23:27:29+00:00,Europe,Synthetic vulnerability-related indicator from demo asset review. Detailed context pending. ,,,CVE-2025-900013,,4
THR-2026-0493,2026-10-04T23:27:29+00:00,Synthetic Backdoor Beacon Observation,Malware,IP ADDRESS,203.0.113.180,Internal SOC,100,LOW,72,NEW,2026-09-18T23:27:29+00:00,2026-10-04T23:27:29+00:00,Asia-Pacific,"Synthetic hash observed in demo telemetry. No behavioural report is available, so classification remains general. ",,,CVE-2025-900026,,4
THR-2026-0494,2026-08-21T23:27:29+00:00,Synthetic Public Leak Domain Sighting,Data Exposure,URL,http://secure.secure.invalid/secure/login,Community Submission,60,LOW,49,NEW,2026-07-22T23:27:29+00:00,2026-08-21T23:27:29+00:00,Asia-Pacific,Synthetic indicator associated with possible data-exposure monitoring in demo data. Context is limited. ,,,,,4
THR-2025-0605,2025-04-06T23:27:29+00:00,Demo Phishing Campaign Indicator,Phishing,EMAIL DOMAIN,signin.secure.invalid,Security Vendor,55,HIGH,56,MONITORING,2025-03-27T23:27:29+00:00,2025-04-06T23:27:29+00:00,Unknown,Synthetic indicator of possible phishing relevance observed in demo telemetry. Insufficient behavioural context for further classification. ,,,,,9
THR-2025-0606,2025-06-15T23:27:29+00:00,Synthetic CEO Fraud Domain,Social Engineering,URL,https://billing.auth.invalid/portal/verify,Research Report,55,LOW,44,FALSE_POSITIVE,2025-06-12T23:27:29+00:00,2025-06-15T23:27:29+00:00,Latin America,Synthetic indicator reported through the demo social-engineering reporting channel. Context is limited. ,,,,,6
THR-2025-0607,2025-05-01T23:27:29+00:00,Demo Vishing Campaign Indicator,Social Engineering,DOMAIN,service.example.com,Internal SOC,70,HIGH,62,MONITORING,2025-04-30T23:27:29+00:00,2025-05-01T23:27:29+00:00,Unknown,Synthetic SMiShing campaign indicator observed in demo data; messages impersonate a delivery service with a QR code lure. ,Initial Access,T1566.003 (Phishing: Spearphishing Voice),,,6
THR-2026-0495,2026-06-29T23:27:29+00:00,Demo Unpatched Service Indicator,Vulnerability Exposure,URL,https://secure.invalid/portal/verify,Security Vendor,75,LOW,55,MONITORING,2026-06-15T23:27:29+00:00,2026-06-29T23:27:29+00:00,Europe,Synthetic exploitable service observation; demo scanning metadata indicates exposure requiring patch review. ,Initial Access,T1190 (Exploit Public-Facing Application),CVE-2025-900007,,7
THR-2025-0608,2025-09-04T23:27:29+00:00,Demo SQL Injection Attempt Indicator,Web Threats,IP ADDRESS,192.0.2.109,Public Threat Feed,40,MEDIUM,44,NEW,2025-08-30T23:27:29+00:00,2025-09-04T23:27:29+00:00,Global,Synthetic indicator observed in web-monitoring demo data. No specific technique context available. ,,,CVE-2025-900024,,7
THR-2026-0496,2026-02-23T23:27:29+00:00,Demo Brute Force Activity,Credential Theft,URL,https://support.auth.invalid/secure/login,Community Submission,45,INFORMATIONAL,29,NEW,2026-01-24T23:27:29+00:00,2026-02-23T23:27:29+00:00,Latin America,Synthetic indicator observed during credential-abuse monitoring in demo telemetry. Context is limited. ,,,,,1
THR-2026-0497,2026-08-23T23:27:29+00:00,Synthetic Vulnerability Exposure Record,Vulnerability Exposure,URL,http://payment.auth.invalid/invoice/view.html,Research Report,70,HIGH,61,CLOSED,2026-08-01T23:27:29+00:00,2026-08-23T23:27:29+00:00,Middle East & Africa,Synthetic vulnerability exposure record; demo asset inventory shows an unpatched public-facing service with a known exploit path. Defensive awareness only. ,Initial Access,T1190 (Exploit Public-Facing Application),CVE-2026-900027,,1
THR-2025-0609,2025-01-02T23:27:29+00:00,Demo Phishing Campaign Indicator,Phishing,URL,http://cloud-backup.example.net/auth/check,Security Vendor,50,LOW,35,MONITORING,2025-01-01T23:27:29+00:00,2025-01-02T23:27:29+00:00,Unknown,Synthetic e-mail attachment campaign observed in demo telemetry distributing phishing documents with credential harvest links. ,Initial Access,T1566.002 (Phishing: Spearphishing Link),,,1
THR-2025-0610,2025-09-20T23:27:29+00:00,Demo Phishing Campaign Indicator,Phishing,FILE HASH,b2036f7d92ea29ace77a75c165e29c66,Unknown Source,15,MEDIUM,34,UNDER_REVIEW,2025-08-26T23:27:29+00:00,2025-09-20T23:27:29+00:00,,Synthetic e-mail attachment campaign observed in demo telemetry distributing phishing documents with credential harvest links. ,Initial Access,T1566.002 (Phishing: Spearphishing Link),,,5
THR-2026-0498,2026-10-03T23:27:29+00:00,Synthetic Account Takeover Risk Indicator,Account Security,IP ADDRESS,198.51.100.51,Community Submission,70,MEDIUM,66,CLOSED,2026-09-24T23:27:29+00:00,2026-10-03T23:27:29+00:00,Unknown,Synthetic indicator from demo account-monitoring telemetry. Context is limited. ,Persistence,T1136 (Create Account),,,4
THR-2026-0499,2026-05-29T23:27:29+00:00,Demo Phishing Campaign Indicator,Phishing,IP ADDRESS,203.0.113.158,Internal SOC,90,CRITICAL,75,MONITORING,2026-05-28T23:27:29+00:00,2026-05-29T23:27:29+00:00,North America,Synthetic indicator of possible phishing relevance observed in demo telemetry. Insufficient behavioural context for further classification. ,,,,,3
THR-2026-0500,2026-10-04T23:27:29+00:00,Synthetic Fake Portal Domain,Phishing,URL,http://team-share.example.net/secure-update/payment,Security Vendor,75,INFORMATIONAL,57,MONITORING,2026-09-23T23:27:29+00:00,2026-10-04T23:27:29+00:00,Global,Synthetic indicator of possible phishing relevance observed in demo telemetry. Insufficient behavioural context for further classification. ,,,,,8
THR-2025-0611,2025-04-01T23:27:29+00:00,Demo Phishing Campaign Indicator,Phishing,EMAIL DOMAIN,helpdesk.support.invalid,Internal SOC,70,INFORMATIONAL,40,UNDER_REVIEW,2025-03-30T23:27:29+00:00,2025-04-01T23:27:29+00:00,Unknown,Synthetic indicator of possible phishing relevance observed in demo telemetry. Insufficient behavioural context for further classification. ,,,,,4
THR-2025-0612,2025-10-20T23:27:29+00:00,Synthetic Exploitable Service Observation,Vulnerability Exposure,CVE ID,CVE-2026-900025,Community Submission,55,MEDIUM,55,UNDER_REVIEW,2025-09-25T23:27:29+00:00,2025-10-20T23:27:29+00:00,Europe,Synthetic vulnerability exposure record; demo asset inventory shows an unpatched public-facing service with a known exploit path. Defensive awareness only. ,Initial Access,T1190 (Exploit Public-Facing Application),CVE-2026-900025,,9
THR-2025-0613,2025-03-20T23:27:29+00:00,Synthetic Phishing Infrastructure Sighting,Phishing,IP ADDRESS,198.51.100.26,Internal SOC,65,MEDIUM,48,MONITORING,2025-03-02T23:27:29+00:00,2025-03-20T23:27:29+00:00,Europe,Synthetic indicator of possible phishing relevance observed in demo telemetry. Insufficient behavioural context for further classification. ,,,,,2
THR-2026-0501,2026-05-26T23:27:29+00:00,Demo Downloader Hash Observation,Malware,IP ADDRESS,203.0.113.151,Community Submission,60,LOW,50,NEW,2026-04-30T23:27:29+00:00,2026-05-26T23:27:29+00:00,North America,"Synthetic hash observed in demo telemetry. No behavioural report is available, so classification remains general. ",,,,,7
THR-2026-0502,2026-05-25T23:27:29+00:00,Synthetic Loader Hash Sighting,Malware,FILE HASH,373b55e4bd485afe878bd8ceda69ede9,Research Report,75,INFORMATIONAL,46,MONITORING,2026-05-12T23:27:29+00:00,2026-05-25T23:27:29+00:00,Middle East & Africa,Synthetic malware hash observed in demo telemetry; sample behaves as a downloader that executes an obfuscated payload and establishes C2 callback traffic. ,Execution,T1204.002 (User Execution: Malicious File),,,4
THR-2025-0614,2025-08-20T23:27:29+00:00,Demo Port Scan Activity Indicator,Network Threats,IP ADDRESS,192.0.2.175,Community Submission,40,MEDIUM,44,MONITORING,2025-08-12T23:27:29+00:00,2025-08-20T23:27:29+00:00,Europe,Synthetic command-and-control channel observed in demo telemetry; host beacon traffic to a C2 endpoint was recorded. ,Command and Control,T1071 (Application Layer Protocol),,,6
THR-2026-0503,2026-09-12T23:27:29+00:00,Synthetic Loader Hash Sighting,Malware,FILE HASH,c7aa3600034173f0d67bd97d7bf6ceb776174f44bd93dc27ca05ed7f09b9c984,Community Submission,60,HIGH,67,MONITORING,2026-08-18T23:27:29+00:00,2026-09-12T23:27:29+00:00,Middle East & Africa,Synthetic trojan hash sighted in demo data; associated with credential dumping behaviour in the sandbox report. ,,,,,8
THR-2025-0615,2025-09-25T23:27:29+00:00,Synthetic Vulnerability Exposure Record,Vulnerability Exposure,URL,https://helpdesk.demo.invalid/team/share,Security Vendor,55,CRITICAL,63,NEW,2025-09-22T23:27:29+00:00,2025-09-25T23:27:29+00:00,Unknown,Synthetic vulnerability-related indicator from demo asset review. Detailed context pending. ,,,CVE-2024-900013,,7
THR-2025-0616,2025-10-18T23:27:29+00:00,Synthetic Loader Hash Sighting,Malware,FILE HASH,34eb947724dfc77e34582ffa138a5315c2eebfde559a14a7afa201966c58fbca,Security Vendor,65,CRITICAL,63,NEW,2025-10-13T23:27:29+00:00,2025-10-18T23:27:29+00:00,North America,Synthetic trojan hash sighted in demo data; associated with credential dumping behaviour in the sandbox report. ,,,,,3
THR-2025-0617,2025-09-25T23:27:29+00:00,Demo Ransomware C2 Observation,Ransomware,FILE HASH,39d4224f4ae469a97f0022ff0161fa785d471a7bb15a1ea951c66bc1c033bfe6,Internal SOC,65,MEDIUM,48,CLOSED,2025-09-04T23:27:29+00:00,2025-09-25T23:27:29+00:00,Asia-Pacific,Synthetic ransomware indicator observed in demo data; associated with service stop behaviour prior to encryption and data extortion staging. ,Impact,T1486 (Data Encrypted for Impact),,,2
THR-2025-0618,2025-11-14T23:27:29+00:00,Synthetic Ransomware Note Indicator,Ransomware,IP ADDRESS,192.0.2.113,Security Vendor,65,MEDIUM,55,FALSE_POSITIVE,2025-11-01T23:27:29+00:00,2025-11-14T23:27:29+00:00,Asia-Pacific,Synthetic ransomware indicator observed in demo data; associated with service stop behaviour prior to encryption and data extortion staging. ,Impact,T1486 (Data Encrypted for Impact),,,6
THR-2026-0504,2026-10-04T23:27:29+00:00,Synthetic Credential Harvester Sighting,Credential Theft,IP ADDRESS,203.0.113.103,Security Vendor,75,MEDIUM,69,CLOSED,2026-09-20T23:27:29+00:00,2026-10-04T23:27:29+00:00,North America,Synthetic credential stuffing activity observed in demo telemetry; high volume of brute force attempts against login endpoints from shared infrastructure. ,Credential Access,T1110 (Brute Force),,,8
THR-2025-0619,2025-08-30T23:27:29+00:00,Synthetic Exploit Kit Domain,Web Threats,URL,https://invoice.updates.invalid/login,Internal SOC,70,HIGH,57,CLOSED,2025-08-13T23:27:29+00:00,2025-08-30T23:27:29+00:00,Middle East & Africa,Synthetic indicator observed in web-monitoring demo data. No specific technique context available. ,,,CVE-2025-900024,,3
THR-2025-0620,2025-07-22T23:27:29+00:00,Synthetic Ransomware Sample,Ransomware,IP ADDRESS,192.0.2.222,Unknown Source,20,MEDIUM,38,MONITORING,2025-07-15T23:27:29+00:00,2025-07-22T23:27:29+00:00,,Synthetic ransomware indicator observed in demo data; associated with service stop behaviour prior to encryption and data extortion staging. ,Impact,T1486 (Data Encrypted for Impact),,,4
THR-2026-0505,2026-08-29T23:27:29+00:00,Synthetic Credential Stuffing Observation,Credential Theft,URL,http://portal.support.invalid/update-password,Research Report,75,INFORMATIONAL,50,CLOSED,2026-08-28T23:27:29+00:00,2026-08-29T23:27:29+00:00,Latin America,Synthetic credential-harvesting page observed in demo telemetry; the page mimics a password store sign-in form. ,Credential Access,T1555 (Credentials from Password Stores),,,5
THR-2025-0621,2025-08-03T23:27:29+00:00,Synthetic Exploitable Service Observation,Vulnerability Exposure,URL,http://example.org/portal/verify,Research Report,55,LOW,44,CLOSED,2025-07-16T23:27:29+00:00,2025-08-03T23:27:29+00:00,North America,Synthetic exploitable service observation; demo scanning metadata indicates exposure requiring patch review. ,Initial Access,T1190 (Exploit Public-Facing Application),CVE-2026-900013,,7
THR-2025-0622,2025-08-21T23:27:29+00:00,Synthetic C2 Callback Observation,Network Threats,IP ADDRESS,198.51.100.215,Public Threat Feed,40,INFORMATIONAL,30,UNDER_REVIEW,2025-08-12T23:27:29+00:00,2025-08-21T23:27:29+00:00,Asia-Pacific,Synthetic scanning behaviour observed in demo data; network service scan attempts were logged from this address. ,Discovery,T1046 (Network Service Discovery),,,5
THR-2024-0105,2024-11-24T23:27:29+00:00,Synthetic CEO Fraud Domain,Social Engineering,DOMAIN,secure.secure.invalid,Security Vendor,55,LOW,44,FALSE_POSITIVE,2024-11-24T23:27:29+00:00,2024-11-24T23:27:29+00:00,Latin America,Synthetic indicator reported through the demo social-engineering reporting channel. Context is limited. ,,,,,7
THR-2025-0623,2025-11-23T23:27:29+00:00,Synthetic Data Leak Observation,Data Exposure,URL,https://auth.invalid/secure-update/payment,Security Vendor,65,INFORMATIONAL,44,UNDER_REVIEW,2025-10-29T23:27:29+00:00,2025-11-23T23:27:29+00:00,Global,Synthetic e-mail collection behaviour observed in demo data; mailbox export activity was simulated. ,Collection,T1114 (Email Collection),,,7
THR-2026-0506,2026-02-21T23:27:29+00:00,Demo Vishing Campaign Indicator,Social Engineering,URL,http://invoice.billing.invalid/login,Unknown Source,25,MEDIUM,37,MONITORING,2026-02-05T23:27:29+00:00,2026-02-21T23:27:29+00:00,Middle East & Africa,Synthetic indicator reported through the demo social-engineering reporting channel. Context is limited. ,,,,,3
THR-2025-0624,2025-07-19T23:27:29+00:00,Synthetic Data Leak Observation,Data Exposure,URL,https://account.auth.invalid/update-password,Unknown Source,10,HIGH,33,NEW,2025-07-19T23:27:29+00:00,2025-07-19T23:27:29+00:00,Latin America,Synthetic e-mail collection behaviour observed in demo data; mailbox export activity was simulated. ,Collection,T1114 (Email Collection),,,1
THR-2025-0625,2026-01-21T23:27:29+00:00,Synthetic Loader Hash Sighting,Malware,FILE HASH,79b9b8933107b81d2843f1d00256e8837adb28cfd566ac3f25cc0a7ef1c35c16,Internal SOC,80,LOW,56,MONITORING,2025-12-31T23:27:29+00:00,2026-01-21T23:27:29+00:00,Global,"Synthetic hash observed in demo telemetry. No behavioural report is available, so classification remains general. ",,,,,7
THR-2026-0507,2026-04-17T23:27:29+00:00,Synthetic Account Takeover Risk Indicator,Account Security,IP ADDRESS,203.0.113.188,Public Threat Feed,55,CRITICAL,63,CLOSED,2026-03-22T23:27:29+00:00,2026-04-17T23:27:29+00:00,Global,Synthetic indicator from demo account-monitoring telemetry. Context is limited. ,Persistence,T1136 (Create Account),,,1
THR-2026-0508,2026-07-18T23:27:29+00:00,Synthetic Backdoor Beacon Observation,Malware,FILE HASH,8fcf7591ee08e1b6f1f2073333bd428dfd23b8850f65bb146dbfb6bf800be5f3,Research Report,75,MEDIUM,59,UNDER_REVIEW,2026-07-04T23:27:29+00:00,2026-07-18T23:27:29+00:00,Middle East & Africa,"Synthetic hash observed in demo telemetry. No behavioural report is available, so classification remains general. ",,,,,3
THR-2026-0509,2026-03-20T23:27:29+00:00,Synthetic Exploit Kit Domain,Web Threats,IP ADDRESS,192.0.2.133,Research Report,75,HIGH,68,MONITORING,2026-03-15T23:27:29+00:00,2026-03-20T23:27:29+00:00,Asia-Pacific,Synthetic drive-by domain observed in demo data; client browser exploitation behaviour was simulated. ,Initial Access,T1190 (Exploit Public-Facing Application),,,7
THR-2025-0626,2026-01-07T23:27:29+00:00,Demo Vishing Campaign Indicator,Social Engineering,DOMAIN,team-share.demo.invalid,Internal SOC,75,HIGH,58,CLOSED,2025-12-24T23:27:29+00:00,2026-01-07T23:27:29+00:00,North America,Synthetic voice-phishing (vishing) attempt observed in demo telemetry; impersonation of the IT helpdesk was reported. ,Initial Access,T1566.003 (Phishing: Spearphishing Voice),,,1
THR-2024-0106,2024-11-27T23:27:29+00:00,Synthetic Impersonation Attempt,Social Engineering,DOMAIN,team-share.example.com,Community Submission,40,MEDIUM,44,MONITORING,2024-11-26T23:27:29+00:00,2024-11-27T23:27:29+00:00,Global,Synthetic indicator reported through the demo social-engineering reporting channel. Context is limited. ,,,,,9
THR-2026-0510,2026-08-23T23:27:29+00:00,Synthetic Phishing Lure Domain,Phishing,DOMAIN,update.mail.invalid,Public Threat Feed,60,HIGH,60,NEW,2026-08-15T23:27:29+00:00,2026-08-23T23:27:29+00:00,Latin America,Synthetic indicator of possible phishing relevance observed in demo telemetry. Insufficient behavioural context for further classification. ,,,,,3
THR-2024-0107,2024-11-28T23:27:29+00:00,Demo Exfiltration Endpoint Indicator,Data Exposure,URL,http://updates.invalid/update-password,Internal SOC,70,CRITICAL,68,NEW,2024-11-05T23:27:29+00:00,2024-11-28T23:27:29+00:00,Asia-Pacific,Synthetic indicator associated with possible data-exposure monitoring in demo data. Context is limited. ,,,,,6
THR-2026-0511,2026-08-01T23:27:29+00:00,Demo Malware Distribution Observation,Malware,FILE HASH,14462680e45310ccfa6f5f92cb9f13d0,Security Vendor,75,MEDIUM,61,MONITORING,2026-07-10T23:27:29+00:00,2026-08-01T23:27:29+00:00,North America,"Synthetic hash observed in demo telemetry. No behavioural report is available, so classification remains general. ",,,,,4
THR-2025-0627,2025-12-31T23:27:29+00:00,Demo SQL Injection Attempt Indicator,Web Threats,URL,https://billing.invalid/secure/login,Internal SOC,80,LOW,52,MONITORING,2025-12-31T23:27:29+00:00,2025-12-31T23:27:29+00:00,Middle East & Africa,Synthetic indicator observed in web-monitoring demo data. No specific technique context available. ,,,,,4
THR-2026-0512,2026-03-30T23:27:29+00:00,Synthetic Ransomware Note Indicator,Ransomware,FILE HASH,c34cb6af84fd06389e2575318b51eae16490768b65f44e595f812447d6243e51,Security Vendor,65,CRITICAL,68,CLOSED,2026-03-08T23:27:29+00:00,2026-03-30T23:27:29+00:00,Latin America,Synthetic indicator tentatively associated with ransomware activity in demo data. Behavioural context is not yet available. ,,,,,8
THR-2026-0513,2026-09-14T23:27:29+00:00,Synthetic Web Injection Observation,Web Threats,URL,http://login.mail.invalid/invoice/view.html,Public Threat Feed,60,CRITICAL,71,UNDER_REVIEW,2026-09-10T23:27:29+00:00,2026-09-14T23:27:29+00:00,Unknown,Synthetic indicator observed in web-monitoring demo data. No specific technique context available. ,,,,,5
THR-2025-0628,2025-11-11T23:27:29+00:00,Demo Exfiltration Endpoint Indicator,Data Exposure,URL,http://document.secure.invalid/login,Community Submission,50,CRITICAL,59,MONITORING,2025-10-19T23:27:29+00:00,2025-11-11T23:27:29+00:00,Latin America,Synthetic exfiltration observation in demo telemetry; large outbound transfer attempts to an external endpoint were recorded. ,Exfiltration,T1048 (Exfiltration Over Alternative Protocol),,,4
THR-2025-0629,2025-03-17T23:27:29+00:00,Synthetic Ransomware Sample,Ransomware,FILE HASH,ddbacc13ff902d813b3057c13a1ca9c6,Internal SOC,70,LOW,50,NEW,2025-02-20T23:27:29+00:00,2025-03-17T23:27:29+00:00,Global,Synthetic ransomware indicator observed in demo data; associated with service stop behaviour prior to encryption and data extortion staging. ,Impact,T1486 (Data Encrypted for Impact),,,8
THR-2025-0630,2025-08-25T23:27:29+00:00,Synthetic Lookalike Domain Alert,Phishing,IP ADDRESS,192.0.2.26,Security Vendor,65,HIGH,59,UNDER_REVIEW,2025-07-31T23:27:29+00:00,2025-08-25T23:27:29+00:00,North America,Synthetic indicator of possible phishing relevance observed in demo telemetry. Insufficient behavioural context for further classification. ,,,,,4
THR-2025-0631,2025-09-01T23:27:29+00:00,Demo Malware Distribution Observation,Malware,FILE HASH,11d16c18821aa3d3151bab34037d601a255e1227236b1922ace865a4aebdff7f,Security Vendor,50,MEDIUM,41,MONITORING,2025-08-16T23:27:29+00:00,2025-09-01T23:27:29+00:00,Europe,"Synthetic hash observed in demo telemetry. No behavioural report is available, so classification remains general. ",,,,,1
THR-2026-0514,2026-06-12T23:27:29+00:00,Synthetic Ransomware Note Indicator,Ransomware,FILE HASH,1f4dcfdf11542e3032ac6ddadea73a37,Public Threat Feed,60,LOW,48,NEW,2026-06-08T23:27:29+00:00,2026-06-12T23:27:29+00:00,Middle East & Africa,Synthetic ransomware indicator observed in demo data; associated with service stop behaviour prior to encryption and data extortion staging. ,Impact,T1486 (Data Encrypted for Impact),,,5
THR-2026-0515,2026-04-11T23:27:29+00:00,Synthetic Impersonation Attempt,Social Engineering,FILE HASH,e484b6e891f3400b5aaee7650c0689051174cdd443a6681dbcd0f50ff51aff73,Security Vendor,75,LOW,52,CLOSED,2026-03-27T23:27:29+00:00,2026-04-11T23:27:29+00:00,Middle East & Africa,Synthetic indicator reported through the demo social-engineering reporting channel. Context is limited. ,,,,,4
THR-2025-0632,2025-04-24T23:27:29+00:00,Demo Drive-by Download Serving Domain,Web Threats,IP ADDRESS,203.0.113.8,Research Report,55,MEDIUM,50,MONITORING,2025-04-15T23:27:29+00:00,2025-04-24T23:27:29+00:00,,Synthetic drive-by domain observed in demo data; client browser exploitation behaviour was simulated. ,Initial Access,T1190 (Exploit Public-Facing Application),,,6
THR-2025-0633,2025-02-01T23:27:29+00:00,Synthetic Exploitable Service Observation,Vulnerability Exposure,URL,http://payment.secure.invalid/update-password,Internal SOC,70,CRITICAL,65,CLOSED,2025-01-18T23:27:29+00:00,2025-02-01T23:27:29+00:00,Europe,Synthetic vulnerability-related indicator from demo asset review. Detailed context pending. ,,,CVE-2025-900005,,4
THR-2026-0516,2026-10-04T23:27:29+00:00,Synthetic Exploitable Service Observation,Vulnerability Exposure,CVE ID,CVE-2024-900006,Community Submission,75,HIGH,75,NEW,2026-09-27T23:27:29+00:00,2026-10-04T23:27:29+00:00,North America,Synthetic vulnerability-related indicator from demo asset review. Detailed context pending. ,,,CVE-2024-900006,,5
THR-2026-0517,2026-09-16T23:27:29+00:00,Synthetic Lookalike Domain Alert,Phishing,IP ADDRESS,203.0.113.222,Research Report,75,CRITICAL,79,MONITORING,2026-09-13T23:27:29+00:00,2026-09-16T23:27:29+00:00,,Synthetic indicator of possible phishing relevance observed in demo telemetry. Insufficient behavioural context for further classification. ,,,,,9
THR-2025-0634,2025-03-25T23:27:29+00:00,Synthetic Phishing Infrastructure Sighting,Phishing,FILE HASH,7d6728b35f7148bf2699dc0d330b9900194a281a,Research Report,50,CRITICAL,55,FALSE_POSITIVE,2025-03-07T23:27:29+00:00,2025-03-25T23:27:29+00:00,Global,Synthetic indicator of possible phishing relevance observed in demo telemetry. Insufficient behavioural context for further classification. ,,,,,2
THR-2025-0635,2025-02-02T23:27:29+00:00,Demo Exfiltration Endpoint Indicator,Data Exposure,URL,http://billing.portal.invalid/secure/login,Public Threat Feed,40,LOW,34,UNDER_REVIEW,2025-01-26T23:27:29+00:00,2025-02-02T23:27:29+00:00,Global,Synthetic exfiltration observation in demo telemetry; large outbound transfer attempts to an external endpoint were recorded. ,Exfiltration,T1048 (Exfiltration Over Alternative Protocol),,,3
THR-2025-0636,2025-06-24T23:27:29+00:00,Synthetic Backdoor Beacon Observation,Malware,FILE HASH,f8d68d6cae915ddcc4e7eb85419bd2f0,Public Threat Feed,40,HIGH,46,NEW,2025-06-13T23:27:29+00:00,2025-06-24T23:27:29+00:00,Middle East & Africa,Synthetic trojan hash sighted in demo data; associated with credential dumping behaviour in the sandbox report. ,,,,,3
THR-2026-0518,2026-10-04T23:27:29+00:00,Demo SQL Injection Attempt Indicator,Web Threats,URL,http://secure.invalid/login,Public Threat Feed,55,HIGH,61,MONITORING,2026-09-24T23:27:29+00:00,2026-10-04T23:27:29+00:00,Asia-Pacific,Synthetic indicator observed in web-monitoring demo data. No specific technique context available. ,,,,,2
THR-2025-0637,2025-06-16T23:27:29+00:00,Demo Ransomware C2 Observation,Ransomware,URL,http://demo.invalid/update-password,Unknown Source,10,INFORMATIONAL,16,MONITORING,2025-05-20T23:27:29+00:00,2025-06-16T23:27:29+00:00,Asia-Pacific,Synthetic indicator tentatively associated with ransomware activity in demo data. Behavioural context is not yet available. ,,,,,2
THR-2025-0638,2025-04-16T23:27:29+00:00,Synthetic Ransomware Sample,Ransomware,FILE HASH,6d7044317c0e3eea1f7e60ffa1a0daf51c5dbf0efd1668be24bf9db4316a81ce,Security Vendor,55,INFORMATIONAL,33,MONITORING,2025-03-18T23:27:29+00:00,2025-04-16T23:27:29+00:00,Asia-Pacific,Synthetic ransomware indicator observed in demo data; associated with service stop behaviour prior to encryption and data extortion staging. ,Impact,T1486 (Data Encrypted for Impact),,,3
THR-2026-0519,2026-09-14T23:27:29+00:00,Synthetic Phishing Infrastructure Sighting,Phishing,EMAIL DOMAIN,hr-notice.auth.invalid,Security Vendor,75,MEDIUM,66,CLOSED,2026-09-12T23:27:29+00:00,2026-09-14T23:27:29+00:00,Middle East & Africa,Synthetic credential-phishing URL observed sending users to a fake account verification page in demo logs. ,Initial Access,T1566.002 (Phishing: Spearphishing Link),,,8
THR-2026-0520,2026-05-01T23:27:29+00:00,Demo Downloader Hash Observation,Malware,FILE HASH,2523ff0bd1842dd1db1bc6350d44284b144efd0b,Community Submission,55,LOW,40,NEW,2026-04-10T23:27:29+00:00,2026-05-01T23:27:29+00:00,Global,Synthetic malware hash observed in demo telemetry; sample behaves as a downloader that executes an obfuscated payload and establishes C2 callback traffic. ,Execution,T1204.002 (User Execution: Malicious File),,,1
THR-2024-0108,2025-01-14T23:27:29+00:00,Demo Malware Distribution Observation,Malware,FILE HASH,cb9fab12bbdff38ee2caaeb4a2f8f462507d799f5d5080dc09898d7e4e99fded,Research Report,50,LOW,36,UNDER_REVIEW,2024-12-31T23:27:29+00:00,2025-01-14T23:27:29+00:00,Europe,"Synthetic hash observed in demo telemetry. No behavioural report is available, so classification remains general. ",,,,,2
THR-2025-0639,2025-12-05T23:27:29+00:00,Synthetic Ransomware Note Indicator,Ransomware,FILE HASH,5a3883d38c1a6a22b0b750fdcbc062abd993e4cc,Internal SOC,80,CRITICAL,74,NEW,2025-12-02T23:27:29+00:00,2025-12-05T23:27:29+00:00,Unknown,Synthetic ransomware sample observed in demo telemetry; the sample attempts file encryption of user documents and inhibits system recovery options. ,Impact,T1486 (Data Encrypted for Impact),,,8
THR-2025-0640,2026-01-10T23:27:29+00:00,Synthetic Lookalike Domain Alert,Phishing,DOMAIN,verify.billing.invalid,Public Threat Feed,50,HIGH,56,MONITORING,2025-12-27T23:27:29+00:00,2026-01-10T23:27:29+00:00,North America,Synthetic credential-phishing URL observed sending users to a fake account verification page in demo logs. ,Initial Access,T1566.002 (Phishing: Spearphishing Link),,,8
THR-2025-0641,2025-12-10T23:27:29+00:00,Synthetic Data Leak Observation,Data Exposure,URL,https://portal.billing.invalid/secure-update/payment,Internal SOC,80,HIGH,68,MONITORING,2025-12-04T23:27:29+00:00,2025-12-10T23:27:29+00:00,Europe,Synthetic e-mail collection behaviour observed in demo data; mailbox export activity was simulated. ,Collection,T1114 (Email Collection),,,9
THR-2026-0521,2026-06-13T23:27:29+00:00,Demo Brute Force Activity,Credential Theft,IP ADDRESS,198.51.100.46,Internal SOC,95,LOW,66,MONITORING,2026-06-12T23:27:29+00:00,2026-06-13T23:27:29+00:00,Global,Synthetic credential-harvesting page observed in demo telemetry; the page mimics a password store sign-in form. ,Credential Access,T1555 (Credentials from Password Stores),,,7
THR-2026-0522,2026-06-16T23:27:29+00:00,Demo Vishing Campaign Indicator,Social Engineering,URL,https://team-share.updates.invalid/update-password,Community Submission,60,MEDIUM,55,CLOSED,2026-05-18T23:27:29+00:00,2026-06-16T23:27:29+00:00,Unknown,Synthetic SMiShing campaign indicator observed in demo data; messages impersonate a delivery service with a QR code lure. ,Initial Access,T1566.003 (Phishing: Spearphishing Voice),,,6
THR-2026-0523,2026-06-28T23:27:29+00:00,Synthetic Trojan Hash Indicator,Malware,FILE HASH,d5b1816eb76f5f4a8086374291401c207292a488,Community Submission,55,MEDIUM,48,NEW,2026-06-25T23:27:29+00:00,2026-06-28T23:27:29+00:00,Global,Synthetic trojan hash sighted in demo data; associated with credential dumping behaviour in the sandbox report. ,,,,,2
THR-2025-0642,2026-01-05T23:27:29+00:00,Demo Credential Phishing Observation,Phishing,FILE HASH,3b3846d264cc016142808902c8bd724e,Unknown Source,25,HIGH,43,UNDER_REVIEW,2025-12-17T23:27:29+00:00,2026-01-05T23:27:29+00:00,Europe,Synthetic phishing lure domain observed in demo telemetry; the domain mimics a login verification portal. Indicator is analysed as data only - never visited. ,Initial Access,T1566.002 (Phishing: Spearphishing Link),,,3
THR-2025-0643,2025-02-27T23:27:29+00:00,Demo Credential Phishing Observation,Phishing,IP ADDRESS,198.51.100.160,Security Vendor,55,HIGH,56,MONITORING,2025-01-31T23:27:29+00:00,2025-02-27T23:27:29+00:00,,Synthetic credential-phishing URL observed sending users to a fake account verification page in demo logs. ,Initial Access,T1566.002 (Phishing: Spearphishing Link),,,9
THR-2024-0109,2024-12-03T23:27:29+00:00,Synthetic Credential Stuffing Observation,Credential Theft,IP ADDRESS,192.0.2.24,Community Submission,40,CRITICAL,57,NEW,2024-11-24T23:27:29+00:00,2024-12-03T23:27:29+00:00,Latin America,Synthetic credential-harvesting page observed in demo telemetry; the page mimics a password store sign-in form. ,Credential Access,T1555 (Credentials from Password Stores),,,8
THR-2025-0644,2025-11-06T23:27:29+00:00,Demo Phishing Campaign Indicator,Phishing,URL,https://demo.invalid/team/share,Security Vendor,65,HIGH,58,MONITORING,2025-10-07T23:27:29+00:00,2025-11-06T23:27:29+00:00,,Synthetic indicator of possible phishing relevance observed in demo telemetry. Insufficient behavioural context for further classification. ,,,,,4
THR-2025-0645,2025-03-02T23:27:29+00:00,Demo Tor Proxy Exit Observation,Network Threats,IP ADDRESS,198.51.100.91,Public Threat Feed,35,INFORMATIONAL,25,CLOSED,2025-02-05T23:27:29+00:00,2025-03-02T23:27:29+00:00,,Synthetic command-and-control channel observed in demo telemetry; host beacon traffic to a C2 endpoint was recorded. ,Command and Control,T1071 (Application Layer Protocol),,,2
THR-2026-0524,2026-09-15T23:27:29+00:00,Synthetic Phishing Infrastructure Sighting,Phishing,FILE HASH,0e7bae46bb41bdf386a4509c12800f842848918e7951af73058874e1424d7694,Public Threat Feed,55,HIGH,58,UNDER_REVIEW,2026-09-02T23:27:29+00:00,2026-09-15T23:27:29+00:00,Middle East & Africa,Synthetic e-mail attachment campaign observed in demo telemetry distributing phishing documents with credential harvest links. ,Initial Access,T1566.002 (Phishing: Spearphishing Link),,,1
THR-2026-0525,2026-07-17T23:27:29+00:00,Synthetic Fraudulent Account Creation Indicator,Account Security,IP ADDRESS,192.0.2.103,Internal SOC,95,MEDIUM,75,NEW,2026-06-24T23:27:29+00:00,2026-07-17T23:27:29+00:00,,Synthetic account takeover risk indicator; demo telemetry shows compromised valid accounts used from unusual locations. ,Persistence,T1136 (Create Account),,,6
THR-2026-0526,2026-04-27T23:27:29+00:00,Synthetic Public Leak Domain Sighting,Data Exposure,URL,https://portal.login.invalid/secure/login,Internal SOC,90,CRITICAL,80,MONITORING,2026-04-05T23:27:29+00:00,2026-04-27T23:27:29+00:00,Asia-Pacific,Synthetic indicator associated with possible data-exposure monitoring in demo data. Context is limited. ,,,,,8
THR-2025-0646,2025-07-05T23:27:29+00:00,Demo Password Spray Observation,Credential Theft,IP ADDRESS,192.0.2.240,Security Vendor,70,LOW,50,UNDER_REVIEW,2025-06-29T23:27:29+00:00,2025-07-05T23:27:29+00:00,North America,Synthetic indicator observed during credential-abuse monitoring in demo telemetry. Context is limited. ,,,,,5
THR-2025-0647,2025-09-04T23:27:29+00:00,Synthetic Fake Portal Domain,Phishing,IP ADDRESS,192.0.2.27,Internal SOC,70,LOW,45,UNDER_REVIEW,2025-08-09T23:27:29+00:00,2025-09-04T23:27:29+00:00,,Synthetic phishing lure domain observed in demo telemetry; the domain mimics a login verification portal. Indicator is analysed as data only - never visited. ,Initial Access,T1566.002 (Phishing: Spearphishing Link),,,3
THR-2025-0648,2025-12-05T23:27:29+00:00,Synthetic Backdoor Beacon Observation,Malware,FILE HASH,ed4364188c082158a5ee272b2c31d2859e231544250a33f52294b76aa1b53ef3,Internal SOC,75,CRITICAL,65,UNDER_REVIEW,2025-12-04T23:27:29+00:00,2025-12-05T23:27:29+00:00,Europe,"Synthetic hash observed in demo telemetry. No behavioural report is available, so classification remains general. ",,,,,1
THR-2025-0649,2025-02-21T23:27:29+00:00,Synthetic Backdoor Beacon Observation,Malware,FILE HASH,1df916b2f1f42b61c39f6ac739dc9649,Public Threat Feed,40,LOW,35,CLOSED,2025-02-20T23:27:29+00:00,2025-02-21T23:27:29+00:00,Middle East & Africa,Synthetic trojan hash sighted in demo data; associated with credential dumping behaviour in the sandbox report. ,,,,,4
THR-2025-0650,2025-03-14T23:27:29+00:00,Demo Credential Phishing Observation,Phishing,DOMAIN,wire-transfer.portal.invalid,Community Submission,35,INFORMATIONAL,23,CLOSED,2025-02-16T23:27:29+00:00,2025-03-14T23:27:29+00:00,North America,Synthetic e-mail attachment campaign observed in demo telemetry distributing phishing documents with credential harvest links. ,Initial Access,T1566.002 (Phishing: Spearphishing Link),,,1
THR-2026-0527,2026-04-29T23:27:29+00:00,Demo Unpatched Service Indicator,Vulnerability Exposure,CVE ID,CVE-2026-900023,Security Vendor,75,CRITICAL,74,MONITORING,2026-04-09T23:27:29+00:00,2026-04-29T23:27:29+00:00,Latin America,Synthetic vulnerability-related indicator from demo asset review. Detailed context pending. ,,,CVE-2026-900023,,4
THR-2026-0528,2026-06-09T23:27:29+00:00,Demo Downloader Hash Observation,Malware,FILE HASH,3b09cb92605bb47096416e580938717f9198346f856dff9ae9378c7cfbcf519c,Internal SOC,90,MEDIUM,67,CLOSED,2026-05-18T23:27:29+00:00,2026-06-09T23:27:29+00:00,Global,Synthetic malware hash observed in demo telemetry; sample behaves as a downloader that executes an obfuscated payload and establishes C2 callback traffic. ,Execution,T1204.002 (User Execution: Malicious File),,,7
THR-2026-0529,2026-09-24T23:27:29+00:00,Demo Abnormal Login Pattern Observation,Account Security,IP ADDRESS,198.51.100.75,Security Vendor,75,HIGH,73,CLOSED,2026-09-07T23:27:29+00:00,2026-09-24T23:27:29+00:00,North America,Synthetic indicator from demo account-monitoring telemetry. Context is limited. ,Persistence,T1136 (Create Account),,,4
THR-2024-0110,2024-12-02T23:27:29+00:00,Synthetic Credential Harvester Sighting,Credential Theft,URL,http://password.example.com/password-reset/verify,Community Submission,40,LOW,38,NEW,2024-11-21T23:27:29+00:00,2024-12-02T23:27:29+00:00,Unknown,Synthetic indicator observed during credential-abuse monitoring in demo telemetry. Context is limited. ,,,,,7
THR-2026-0530,2026-06-25T23:27:29+00:00,Demo Ransomware Payload Hash,Ransomware,IP ADDRESS,203.0.113.6,Research Report,75,MEDIUM,61,FALSE_POSITIVE,2026-06-03T23:27:29+00:00,2026-06-25T23:27:29+00:00,Middle East & Africa,Synthetic ransomware sample observed in demo telemetry; the sample attempts file encryption of user documents and inhibits system recovery options. ,Impact,T1486 (Data Encrypted for Impact),,,7
THR-2026-0531,2026-10-04T23:27:29+00:00,Demo Ransomware Payload Hash,Ransomware,FILE HASH,6e7642f76cff0797b8d5fd6f1e9fe013df9166f2,Unknown Source,35,HIGH,61,FALSE_POSITIVE,2026-10-02T23:27:29+00:00,2026-10-04T23:27:29+00:00,North America,Synthetic indicator tentatively associated with ransomware activity in demo data. Behavioural context is not yet available. ,,,,,8
THR-2026-0532,2026-10-04T23:27:29+00:00,Demo Brute Force Activity,Credential Theft,URL,http://portal-verify.support.invalid/document.html,Security Vendor,70,LOW,54,UNDER_REVIEW,2026-09-29T23:27:29+00:00,2026-10-04T23:27:29+00:00,North America,Synthetic credential-harvesting page observed in demo telemetry; the page mimics a password store sign-in form. ,Credential Access,T1555 (Credentials from Password Stores),,,1
THR-2026-0533,2026-06-08T23:27:29+00:00,Synthetic Exploit Kit Domain,Web Threats,IP ADDRESS,192.0.2.57,Internal SOC,90,INFORMATIONAL,55,MONITORING,2026-06-01T23:27:29+00:00,2026-06-08T23:27:29+00:00,Asia-Pacific,Synthetic indicator observed in web-monitoring demo data. No specific technique context available. ,,,,,9
THR-2025-0651,2025-08-30T23:27:29+00:00,Synthetic Impersonation Attempt,Social Engineering,FILE HASH,5884194a5eeaa2e8b163c6c1d4ae9ca591e2d205bb05b180181418533c702f82,Unknown Source,10,LOW,21,CLOSED,2025-08-26T23:27:29+00:00,2025-08-30T23:27:29+00:00,Global,Synthetic voice-phishing (vishing) attempt observed in demo telemetry; impersonation of the IT helpdesk was reported. ,Initial Access,T1566.003 (Phishing: Spearphishing Voice),,,1
THR-2025-0652,2025-12-05T23:27:29+00:00,Demo Brute Force Activity,Credential Theft,URL,https://cloud-backup.updates.invalid/document.html,Security Vendor,65,MEDIUM,56,CLOSED,2025-12-04T23:27:29+00:00,2025-12-05T23:27:29+00:00,Unknown,Synthetic indicator observed during credential-abuse monitoring in demo telemetry. Context is limited. ,,,,,9
THR-2026-0534,2026-03-14T23:27:29+00:00,Demo Malware Distribution Observation,Malware,FILE HASH,92b1a5cf9acce4a2a3d93aedf1ab796f,Internal SOC,80,LOW,56,CLOSED,2026-02-26T23:27:29+00:00,2026-03-14T23:27:29+00:00,,"Synthetic hash observed in demo telemetry. No behavioural report is available, so classification remains general. ",,,CVE-2026-900006,,8
THR-2024-0111,2024-12-30T23:27:29+00:00,Synthetic Loader Hash Sighting,Malware,IP ADDRESS,198.51.100.202,Internal SOC,70,LOW,48,NEW,2024-12-14T23:27:29+00:00,2024-12-30T23:27:29+00:00,Europe,Synthetic trojan hash sighted in demo data; associated with credential dumping behaviour in the sandbox report. ,,,,,2
THR-2026-0535,2026-04-22T23:27:29+00:00,Demo Credential Phishing Observation,Phishing,FILE HASH,26e592b9198b70928b30cf6e0c34a624207cca32343afbc665b7ef38ace4d8bd,Security Vendor,75,MEDIUM,61,CLOSED,2026-03-25T23:27:29+00:00,2026-04-22T23:27:29+00:00,Europe,Synthetic phishing lure domain observed in demo telemetry; the domain mimics a login verification portal. Indicator is analysed as data only - never visited. ,Initial Access,T1566.002 (Phishing: Spearphishing Link),,,9
THR-2025-0653,2025-09-14T23:27:29+00:00,Synthetic Beaconing Host Indicator,Network Threats,IP ADDRESS,203.0.113.197,Research Report,60,CRITICAL,68,FALSE_POSITIVE,2025-08-27T23:27:29+00:00,2025-09-14T23:27:29+00:00,North America,Synthetic command-and-control channel observed in demo telemetry; host beacon traffic to a C2 endpoint was recorded. ,Command and Control,T1071 (Application Layer Protocol),,,7
THR-2025-0654,2025-02-08T23:27:29+00:00,Synthetic Phishing Lure Domain,Phishing,FILE HASH,3079863011e872d8e1d9822d17123b5bdf6d346b2338dd26d95f3132f6e18191,Internal SOC,70,MEDIUM,56,UNDER_REVIEW,2025-01-22T23:27:29+00:00,2025-02-08T23:27:29+00:00,Europe,Synthetic credential-phishing URL observed sending users to a fake account verification page in demo logs. ,Initial Access,T1566.002 (Phishing: Spearphishing Link),,,9
THR-2025-0655,2025-10-17T23:27:29+00:00,Synthetic Credential Stuffing Observation,Credential Theft,URL,http://secure.support.invalid/login,Community Submission,50,LOW,44,UNDER_REVIEW,2025-09-27T23:27:29+00:00,2025-10-17T23:27:29+00:00,Asia-Pacific,Synthetic credential stuffing activity observed in demo telemetry; high volume of brute force attempts against login endpoints from shared infrastructure. ,Credential Access,T1110 (Brute Force),,,8
THR-2026-0536,2026-05-05T23:27:29+00:00,Synthetic Loader Hash Sighting,Malware,FILE HASH,396ea39a0b18e572612fc941e9150a694d8b8c42a50614be6a8510ba5b03879a,Security Vendor,70,LOW,46,CLOSED,2026-04-10T23:27:29+00:00,2026-05-05T23:27:29+00:00,Middle East & Africa,Synthetic trojan hash sighted in demo data; associated with credential dumping behaviour in the sandbox report. ,,,CVE-2025-900011,,1
THR-2024-0112,2024-12-18T23:27:29+00:00,Demo Malware Distribution Observation,Malware,IP ADDRESS,203.0.113.123,Internal SOC,75,INFORMATIONAL,49,CLOSED,2024-12-05T23:27:29+00:00,2024-12-18T23:27:29+00:00,Unknown,Synthetic malware hash observed in demo telemetry; sample behaves as a downloader that executes an obfuscated payload and establishes C2 callback traffic. ,Execution,T1204.002 (User Execution: Malicious File),,,6
THR-2026-0537,2026-08-31T23:27:29+00:00,Demo Abnormal Login Pattern Observation,Account Security,IP ADDRESS,198.51.100.32,Internal SOC,85,INFORMATIONAL,50,UNDER_REVIEW,2026-08-01T23:27:29+00:00,2026-08-31T23:27:29+00:00,Global,Synthetic account takeover risk indicator; demo telemetry shows compromised valid accounts used from unusual locations. ,Persistence,T1136 (Create Account),,,2
THR-2025-0656,2025-11-25T23:27:29+00:00,Synthetic Credential Stuffing Observation,Credential Theft,IP ADDRESS,203.0.113.244,Public Threat Feed,50,LOW,39,MONITORING,2025-11-19T23:27:29+00:00,2025-11-25T23:27:29+00:00,Unknown,Synthetic credential-harvesting page observed in demo telemetry; the page mimics a password store sign-in form. ,Credential Access,T1555 (Credentials from Password Stores),,,3
THR-2026-0538,2026-09-28T23:27:29+00:00,Demo Unpatched Service Indicator,Vulnerability Exposure,CVE ID,CVE-2024-900013,Public Threat Feed,60,HIGH,69,MONITORING,2026-09-24T23:27:29+00:00,2026-09-28T23:27:29+00:00,Asia-Pacific,Synthetic exploitable service observation; demo scanning metadata indicates exposure requiring patch review. ,Initial Access,T1190 (Exploit Public-Facing Application),CVE-2024-900013,,7
THR-2025-0657,2025-09-09T23:27:29+00:00,Demo Drive-by Download Serving Domain,Web Threats,IP ADDRESS,203.0.113.21,Security Vendor,55,INFORMATIONAL,38,MONITORING,2025-09-07T23:27:29+00:00,2025-09-09T23:27:29+00:00,Latin America,Synthetic indicator observed in web-monitoring demo data. No specific technique context available. ,,,,,7
THR-2025-0658,2025-09-25T23:27:29+00:00,Demo Credential Phishing Observation,Phishing,URL,http://billing.secure.invalid/account/confirm,Internal SOC,65,HIGH,54,NEW,2025-09-08T23:27:29+00:00,2025-09-25T23:27:29+00:00,Europe,Synthetic credential-phishing URL observed sending users to a fake account verification page in demo logs. ,Initial Access,T1566.002 (Phishing: Spearphishing Link),,,2
THR-2026-0539,2026-03-26T23:27:29+00:00,Synthetic Impersonation Attempt,Social Engineering,FILE HASH,ed637907febb1b319d4afcd91e535b854f00fa540205eca7c420af88abedc1fe,Unknown Source,25,LOW,31,FALSE_POSITIVE,2026-03-23T23:27:29+00:00,2026-03-26T23:27:29+00:00,,Synthetic voice-phishing (vishing) attempt observed in demo telemetry; impersonation of the IT helpdesk was reported. ,Initial Access,T1566.003 (Phishing: Spearphishing Voice),,,3
THR-2026-0540,2026-04-02T23:27:29+00:00,Demo Phishing Campaign Indicator,Phishing,DOMAIN,login.example.net,Security Vendor,65,HIGH,58,MONITORING,2026-03-15T23:27:29+00:00,2026-04-02T23:27:29+00:00,Latin America,Synthetic indicator of possible phishing relevance observed in demo telemetry. Insufficient behavioural context for further classification. ,,,,,4
THR-2025-0659,2025-11-14T23:27:29+00:00,Demo Port Scan Activity Indicator,Network Threats,IP ADDRESS,198.51.100.4,Unknown Source,25,HIGH,44,MONITORING,2025-10-16T23:27:29+00:00,2025-11-14T23:27:29+00:00,North America,Synthetic network indicator recorded in demo telemetry. Limited contextual evidence. ,,,,,1
THR-2025-0660,2025-02-05T23:27:29+00:00,Demo Password Spray Observation,Credential Theft,URL,https://support.demo.invalid/attachment/invoice-2026.zip.html,Internal SOC,70,LOW,50,CLOSED,2025-02-02T23:27:29+00:00,2025-02-05T23:27:29+00:00,Global,Synthetic indicator observed during credential-abuse monitoring in demo telemetry. Context is limited. ,,,,,6
THR-2026-0541,2026-02-19T23:27:29+00:00,Demo Phishing Campaign Indicator,Phishing,IP ADDRESS,203.0.113.19,Internal SOC,80,LOW,55,NEW,2026-01-24T23:27:29+00:00,2026-02-19T23:27:29+00:00,Middle East & Africa,Synthetic indicator of possible phishing relevance observed in demo telemetry. Insufficient behavioural context for further classification. ,,,,,6
THR-2025-0661,2025-03-31T23:27:29+00:00,Synthetic Backdoor Beacon Observation,Malware,FILE HASH,06aec2ced04dfef14a158bbb176f2732d05a0243c009a6ca48dbddf575bb1b88,Internal SOC,65,MEDIUM,48,FALSE_POSITIVE,2025-03-16T23:27:29+00:00,2025-03-31T23:27:29+00:00,Asia-Pacific,"Synthetic hash observed in demo telemetry. No behavioural report is available, so classification remains general. ",,,,,2
THR-2024-0113,2025-01-11T23:27:29+00:00,Demo Ransomware Payload Hash,Ransomware,FILE HASH,350341df2cc67e65a539d0601cbe044caa61da52efb94b5c049ecf92da522a4a,Internal SOC,70,MEDIUM,56,NEW,2024-12-18T23:27:29+00:00,2025-01-11T23:27:29+00:00,Europe,Synthetic indicator tentatively associated with ransomware activity in demo data. Behavioural context is not yet available. ,,,,,9
THR-2025-0662,2025-09-09T23:27:29+00:00,Synthetic Ransomware Note Indicator,Ransomware,IP ADDRESS,192.0.2.193,Security Vendor,55,LOW,42,MONITORING,2025-08-31T23:27:29+00:00,2025-09-09T23:27:29+00:00,Europe,Synthetic indicator tentatively associated with ransomware activity in demo data. Behavioural context is not yet available. ,,,,,2
THR-2026-0542,2026-04-13T23:27:29+00:00,Demo Exfiltration Endpoint Indicator,Data Exposure,URL,http://login.invalid/verify-account.html,Public Threat Feed,60,LOW,46,MONITORING,2026-03-15T23:27:29+00:00,2026-04-13T23:27:29+00:00,Europe,Synthetic indicator associated with possible data-exposure monitoring in demo data. Context is limited. ,,,,,4
THR-2026-0543,2026-04-08T23:27:29+00:00,Demo Tor Proxy Exit Observation,Network Threats,IP ADDRESS,198.51.100.245,Internal SOC,90,MEDIUM,67,UNDER_REVIEW,2026-03-14T23:27:29+00:00,2026-04-08T23:27:29+00:00,North America,Synthetic network indicator recorded in demo telemetry. Limited contextual evidence. ,,,,,7
THR-2025-0663,2025-06-28T23:27:29+00:00,Synthetic Public Leak Domain Sighting,Data Exposure,IP ADDRESS,203.0.113.129,Community Submission,35,HIGH,41,CLOSED,2025-06-14T23:27:29+00:00,2025-06-28T23:27:29+00:00,North America,Synthetic indicator associated with possible data-exposure monitoring in demo data. Context is limited. ,,,,,1
THR-2025-0664,2026-01-09T23:27:29+00:00,Synthetic Malware Sample Hash,Malware,FILE HASH,e7dfab8012091ddcbaf56b2cddd6e689c3e359968986a17f291249cfe3585e69,Public Threat Feed,45,INFORMATIONAL,30,NEW,2025-12-30T23:27:29+00:00,2026-01-09T23:27:29+00:00,North America,"Synthetic hash observed in demo telemetry. No behavioural report is available, so classification remains general. ",,,,,2
THR-2024-0114,2024-12-02T23:27:29+00:00,Synthetic CEO Fraud Domain,Social Engineering,URL,http://invoice.login.invalid/team/share,Security Vendor,55,HIGH,54,NEW,2024-11-23T23:27:29+00:00,2024-12-02T23:27:29+00:00,Europe,Synthetic voice-phishing (vishing) attempt observed in demo telemetry; impersonation of the IT helpdesk was reported. ,Initial Access,T1566.003 (Phishing: Spearphishing Voice),,,5
THR-2026-0544,2026-05-01T23:27:29+00:00,Synthetic Account Takeover Risk Indicator,Account Security,IP ADDRESS,198.51.100.28,Community Submission,60,MEDIUM,54,CLOSED,2026-04-08T23:27:29+00:00,2026-05-01T23:27:29+00:00,Asia-Pacific,Synthetic indicator from demo account-monitoring telemetry. Context is limited. ,Persistence,T1136 (Create Account),,,5
THR-2025-0665,2025-10-22T23:27:29+00:00,Demo Downloader Hash Observation,Malware,FILE HASH,29a27ace04028c038c24df6b21e37d604bbfe487b6bb247b9fba4ece5eb5471e,Security Vendor,65,HIGH,61,UNDER_REVIEW,2025-09-29T23:27:29+00:00,2025-10-22T23:27:29+00:00,,"Synthetic hash observed in demo telemetry. No behavioural report is available, so classification remains general. ",,,CVE-2024-900004,,6
THR-2025-0666,2025-03-21T23:27:29+00:00,Demo Abnormal Login Pattern Observation,Account Security,IP ADDRESS,203.0.113.178,Internal SOC,75,LOW,52,NEW,2025-03-06T23:27:29+00:00,2025-03-21T23:27:29+00:00,Asia-Pacific,Synthetic account takeover risk indicator; demo telemetry shows compromised valid accounts used from unusual locations. ,Persistence,T1136 (Create Account),,,4
THR-2025-0667,2025-05-07T23:27:29+00:00,Demo Brute Force Activity,Credential Theft,IP ADDRESS,203.0.113.209,Public Threat Feed,55,LOW,41,MONITORING,2025-04-21T23:27:29+00:00,2025-05-07T23:27:29+00:00,Unknown,Synthetic credential-harvesting page observed in demo telemetry; the page mimics a password store sign-in form. ,Credential Access,T1555 (Credentials from Password Stores),,,3
THR-2026-0545,2026-08-16T23:27:29+00:00,Demo Drive-by Download Serving Domain,Web Threats,DOMAIN,login.support.invalid,Security Vendor,75,HIGH,70,MONITORING,2026-08-05T23:27:29+00:00,2026-08-16T23:27:29+00:00,,Synthetic web attack indicator observed in demo telemetry; exploitation attempts against a public-facing application were recorded in demo logs. ,Initial Access,T1190 (Exploit Public-Facing Application),,,6
THR-2025-0668,2025-09-02T23:27:29+00:00,Synthetic C2 Callback Observation,Network Threats,IP ADDRESS,192.0.2.253,Internal SOC,70,HIGH,62,UNDER_REVIEW,2025-08-03T23:27:29+00:00,2025-09-02T23:27:29+00:00,Unknown,Synthetic scanning behaviour observed in demo data; network service scan attempts were logged from this address. ,Discovery,T1046 (Network Service Discovery),,,8
THR-2026-0546,2026-04-11T23:27:29+00:00,Demo Phishing Campaign Indicator,Phishing,URL,http://login.invalid/document.html,Research Report,75,HIGH,67,MONITORING,2026-03-26T23:27:29+00:00,2026-04-11T23:27:29+00:00,Asia-Pacific,Synthetic e-mail attachment campaign observed in demo telemetry distributing phishing documents with credential harvest links. ,Initial Access,T1566.002 (Phishing: Spearphishing Link),,,6
THR-2026-0547,2026-09-03T23:27:29+00:00,Demo SMiShing Sender Observation,Social Engineering,URL,http://team-share.demo.invalid/attachment/invoice-2026.zip.html,Security Vendor,75,HIGH,67,FALSE_POSITIVE,2026-08-28T23:27:29+00:00,2026-09-03T23:27:29+00:00,Asia-Pacific,Synthetic SMiShing campaign indicator observed in demo data; messages impersonate a delivery service with a QR code lure. ,Initial Access,T1566.003 (Phishing: Spearphishing Voice),,,4
THR-2025-0669,2025-01-19T23:27:29+00:00,Synthetic Phishing Infrastructure Sighting,Phishing,IP ADDRESS,192.0.2.229,Unknown Source,20,INFORMATIONAL,24,MONITORING,2025-01-19T23:27:29+00:00,2025-01-19T23:27:29+00:00,Middle East & Africa,Synthetic phishing lure domain observed in demo telemetry; the domain mimics a login verification portal. Indicator is analysed as data only - never visited. ,Initial Access,T1566.002 (Phishing: Spearphishing Link),,,3
THR-2026-0548,2026-08-15T23:27:29+00:00,Synthetic Credential Stuffing Observation,Credential Theft,IP ADDRESS,203.0.113.197,Public Threat Feed,65,MEDIUM,60,NEW,2026-07-28T23:27:29+00:00,2026-08-15T23:27:29+00:00,Asia-Pacific,Synthetic credential stuffing activity observed in demo telemetry; high volume of brute force attempts against login endpoints from shared infrastructure. ,Credential Access,T1110 (Brute Force),,,4
THR-2026-0549,2026-07-23T23:27:29+00:00,Demo Malware Distribution Observation,Malware,FILE HASH,4594127b504e9c3da541a83e669872a2,Internal SOC,90,CRITICAL,83,MONITORING,2026-07-15T23:27:29+00:00,2026-07-23T23:27:29+00:00,Asia-Pacific,"Synthetic hash observed in demo telemetry. No behavioural report is available, so classification remains general. ",,,,,8
THR-2026-0550,2026-07-20T23:27:29+00:00,Synthetic Exploit Kit Domain,Web Threats,IP ADDRESS,2001:db8:6f1:::4861,Internal SOC,90,MEDIUM,70,FALSE_POSITIVE,2026-07-15T23:27:29+00:00,2026-07-20T23:27:29+00:00,Asia-Pacific,Synthetic web attack indicator observed in demo telemetry; exploitation attempts against a public-facing application were recorded in demo logs. ,Initial Access,T1190 (Exploit Public-Facing Application),,,6
THR-2025-0670,2025-03-10T23:27:29+00:00,Synthetic Exploit Kit Domain,Web Threats,URL,http://cloud-backup.example.org/password-reset/verify,Public Threat Feed,40,MEDIUM,44,UNDER_REVIEW,2025-02-19T23:27:29+00:00,2025-03-10T23:27:29+00:00,Asia-Pacific,Synthetic drive-by domain observed in demo data; client browser exploitation behaviour was simulated. ,Initial Access,T1190 (Exploit Public-Facing Application),CVE-2024-900015,,6
THR-2026-0551,2026-06-11T23:27:29+00:00,Synthetic Exploit Kit Domain,Web Threats,URL,https://helpdesk.example.net/password-reset/verify,Security Vendor,70,MEDIUM,54,CLOSED,2026-05-23T23:27:29+00:00,2026-06-11T23:27:29+00:00,Asia-Pacific,Synthetic indicator observed in web-monitoring demo data. No specific technique context available. ,,,,,2
THR-2025-0671,2025-06-28T23:27:29+00:00,Synthetic Phishing Infrastructure Sighting,Phishing,FILE HASH,5651ec00eadd48a0cde3d1c581ca4e6c9672091bdb4ba7409b3a7a29d03a7f8a,Community Submission,40,HIGH,47,MONITORING,2025-06-18T23:27:29+00:00,2025-06-28T23:27:29+00:00,Asia-Pacific,Synthetic e-mail attachment campaign observed in demo telemetry distributing phishing documents with credential harvest links. ,Initial Access,T1566.002 (Phishing: Spearphishing Link),,,4
THR-2025-0672,2025-01-29T23:27:29+00:00,Synthetic Fake Portal Domain,Phishing,FILE HASH,99afa324d5a0afc70c159c521a79bf2f5efc4ffb9b463c8bc4786daed41ba6dd,Research Report,55,MEDIUM,50,FALSE_POSITIVE,2025-01-18T23:27:29+00:00,2025-01-29T23:27:29+00:00,Europe,Synthetic indicator of possible phishing relevance observed in demo telemetry. Insufficient behavioural context for further classification. ,,,,,6
THR-2025-0673,2025-12-25T23:27:29+00:00,Demo Brute Force Activity,Credential Theft,URL,https://support.example.org/account/confirm,Community Submission,50,INFORMATIONAL,38,MONITORING,2025-11-26T23:27:29+00:00,2025-12-25T23:27:29+00:00,Global,Synthetic indicator observed during credential-abuse monitoring in demo telemetry. Context is limited. ,,,,,7
THR-2025-0674,2025-07-25T23:27:29+00:00,Demo Abnormal Login Pattern Observation,Account Security,EMAIL DOMAIN,helpdesk.secure.invalid,Internal SOC,70,HIGH,57,CLOSED,2025-07-09T23:27:29+00:00,2025-07-25T23:27:29+00:00,Europe,Synthetic fraudulent account creation observed in demo telemetry; a new account was created outside standard process. ,Persistence,T1136 (Create Account),,,3
THR-2025-0675,2025-05-02T23:27:29+00:00,Synthetic Phishing Infrastructure Sighting,Phishing,URL,https://portal.secure.invalid/password-reset/verify,Security Vendor,50,MEDIUM,41,CLOSED,2025-04-24T23:27:29+00:00,2025-05-02T23:27:29+00:00,Latin America,Synthetic indicator of possible phishing relevance observed in demo telemetry. Insufficient behavioural context for further classification. ,,,,,1
THR-2025-0676,2025-06-05T23:27:29+00:00,Synthetic Credential Stuffing Observation,Credential Theft,IP ADDRESS,203.0.113.240,Unknown Source,15,LOW,27,CLOSED,2025-05-24T23:27:29+00:00,2025-06-05T23:27:29+00:00,North America,Synthetic indicator observed during credential-abuse monitoring in demo telemetry. Context is limited. ,,,,,4
THR-2026-0552,2026-02-25T23:27:29+00:00,Demo SQL Injection Attempt Indicator,Web Threats,IP ADDRESS,192.0.2.103,Security Vendor,65,MEDIUM,52,UNDER_REVIEW,2026-02-25T23:27:29+00:00,2026-02-25T23:27:29+00:00,Europe,Synthetic indicator observed in web-monitoring demo data. No specific technique context available. ,,,,,1
THR-2025-0677,2025-08-13T23:27:29+00:00,Synthetic Phishing Infrastructure Sighting,Phishing,EMAIL DOMAIN,hr-notice.secure.invalid,Public Threat Feed,35,INFORMATIONAL,23,UNDER_REVIEW,2025-08-06T23:27:29+00:00,2025-08-13T23:27:29+00:00,North America,Synthetic indicator of possible phishing relevance observed in demo telemetry. Insufficient behavioural context for further classification. ,,,,,1
THR-2026-0553,2026-06-09T23:27:29+00:00,Demo Password Spray Observation,Credential Theft,URL,https://document.example.com/secure/login,Internal SOC,90,HIGH,73,CLOSED,2026-06-03T23:27:29+00:00,2026-06-09T23:27:29+00:00,Europe,Synthetic credential-harvesting page observed in demo telemetry; the page mimics a password store sign-in form. ,Credential Access,T1555 (Credentials from Password Stores),,,9
THR-2025-0678,2025-10-13T23:27:29+00:00,Synthetic Ransomware Note Indicator,Ransomware,FILE HASH,bc39394fc0575bafaeaad4a2449614fdea03bdb6,Research Report,60,LOW,40,CLOSED,2025-10-06T23:27:29+00:00,2025-10-13T23:27:29+00:00,,Synthetic ransomware sample observed in demo telemetry; the sample attempts file encryption of user documents and inhibits system recovery options. ,Impact,T1486 (Data Encrypted for Impact),,,1
THR-2026-0554,2026-02-08T23:27:29+00:00,Synthetic Data Leak Observation,Data Exposure,URL,http://hr-notice.auth.invalid/secure-update/payment,Research Report,65,INFORMATIONAL,44,NEW,2026-01-31T23:27:29+00:00,2026-02-08T23:27:29+00:00,North America,Synthetic indicator associated with possible data-exposure monitoring in demo data. Context is limited. ,,,,,8
THR-2026-0555,2026-05-12T23:27:29+00:00,Synthetic Lookalike Domain Alert,Phishing,URL,https://auth.invalid/update-password,Research Report,75,CRITICAL,72,MONITORING,2026-05-03T23:27:29+00:00,2026-05-12T23:27:29+00:00,Global,Synthetic phishing lure domain observed in demo telemetry; the domain mimics a login verification portal. Indicator is analysed as data only - never visited. ,Initial Access,T1566.002 (Phishing: Spearphishing Link),,,5
THR-2025-0679,2025-11-26T23:27:29+00:00,Synthetic Phishing Lure Domain,Phishing,URL,http://password.example.net/password-reset/verify,Research Report,60,CRITICAL,61,MONITORING,2025-11-10T23:27:29+00:00,2025-11-26T23:27:29+00:00,Middle East & Africa,Synthetic indicator of possible phishing relevance observed in demo telemetry. Insufficient behavioural context for further classification. ,,,,,2
THR-2026-0556,2026-02-10T23:27:29+00:00,Demo Drive-by Download Serving Domain,Web Threats,IP ADDRESS,192.0.2.187,Public Threat Feed,50,HIGH,56,MONITORING,2026-02-06T23:27:29+00:00,2026-02-10T23:27:29+00:00,Middle East & Africa,Synthetic drive-by domain observed in demo data; client browser exploitation behaviour was simulated. ,Initial Access,T1190 (Exploit Public-Facing Application),,,6
THR-2025-0680,2025-09-30T23:27:29+00:00,Demo Password Spray Observation,Credential Theft,URL,https://mail.updates.invalid/update-password,Security Vendor,55,HIGH,56,UNDER_REVIEW,2025-09-04T23:27:29+00:00,2025-09-30T23:27:29+00:00,Europe,Synthetic credential stuffing activity observed in demo telemetry; high volume of brute force attempts against login endpoints from shared infrastructure. ,Credential Access,T1110 (Brute Force),,,6
THR-2025-0681,2025-11-30T23:27:29+00:00,Synthetic Exploitable Service Observation,Vulnerability Exposure,CVE ID,CVE-2024-900003,Research Report,65,INFORMATIONAL,44,NEW,2025-10-31T23:27:29+00:00,2025-11-30T23:27:29+00:00,Global,Synthetic exploitable service observation; demo scanning metadata indicates exposure requiring patch review. ,Initial Access,T1190 (Exploit Public-Facing Application),CVE-2024-900003,,9
THR-2026-0557,2026-03-11T23:27:29+00:00,Demo Phishing Campaign Indicator,Phishing,URL,http://billing.billing.invalid/verify-account.html,Internal SOC,80,INFORMATIONAL,46,UNDER_REVIEW,2026-02-27T23:27:29+00:00,2026-03-11T23:27:29+00:00,Europe,Synthetic indicator of possible phishing relevance observed in demo telemetry. Insufficient behavioural context for further classification. ,,,,,4
THR-2025-0682,2025-10-15T23:27:29+00:00,Synthetic Web Injection Observation,Web Threats,IP ADDRESS,203.0.113.180,Security Vendor,80,MEDIUM,62,MONITORING,2025-10-01T23:27:29+00:00,2025-10-15T23:27:29+00:00,Unknown,Synthetic indicator observed in web-monitoring demo data. No specific technique context available. ,,,,,5
THR-2026-0558,2026-03-11T23:27:29+00:00,Synthetic Vulnerability Exposure Record,Vulnerability Exposure,CVE ID,CVE-2026-900015,Security Vendor,65,LOW,48,UNDER_REVIEW,2026-02-25T23:27:29+00:00,2026-03-11T23:27:29+00:00,Europe,Synthetic vulnerability-related indicator from demo asset review. Detailed context pending. ,,,CVE-2026-900015,,5
THR-2026-0559,2026-03-16T23:27:29+00:00,Synthetic C2 Callback Observation,Network Threats,IP ADDRESS,203.0.113.110,Community Submission,50,CRITICAL,63,FALSE_POSITIVE,2026-02-20T23:27:29+00:00,2026-03-16T23:27:29+00:00,North America,Synthetic network indicator recorded in demo telemetry. Limited contextual evidence. ,,,,,9
THR-2026-0560,2026-01-05T23:27:29+00:00,Synthetic Phishing Lure Domain,Phishing,IP ADDRESS,198.51.100.103,Community Submission,45,MEDIUM,41,NEW,2026-01-03T23:27:29+00:00,2026-01-05T23:27:29+00:00,Unknown,Synthetic phishing lure domain observed in demo telemetry; the domain mimics a login verification portal. Indicator is analysed as data only - never visited. ,Initial Access,T1566.002 (Phishing: Spearphishing Link),,,1
THR-2025-0683,2025-02-02T23:27:29+00:00,Synthetic Public Leak Domain Sighting,Data Exposure,IP ADDRESS,203.0.113.225,Community Submission,40,CRITICAL,54,CLOSED,2025-02-01T23:27:29+00:00,2025-02-02T23:27:29+00:00,North America,Synthetic indicator associated with possible data-exposure monitoring in demo data. Context is limited. ,,,,,4
THR-2025-0684,2025-05-28T23:27:29+00:00,Synthetic Phishing Lure Domain,Phishing,DOMAIN,service.demo.invalid,Public Threat Feed,35,LOW,29,MONITORING,2025-05-17T23:27:29+00:00,2025-05-28T23:27:29+00:00,Europe,Synthetic e-mail attachment campaign observed in demo telemetry distributing phishing documents with credential harvest links. ,Initial Access,T1566.002 (Phishing: Spearphishing Link),,,1
THR-2025-0685,2025-10-29T23:27:29+00:00,Demo Credential Phishing Observation,Phishing,URL,http://hr-notice.auth.invalid/auth/check,Research Report,65,HIGH,57,NEW,2025-10-05T23:27:29+00:00,2025-10-29T23:27:29+00:00,Unknown,Synthetic phishing lure domain observed in demo telemetry; the domain mimics a login verification portal. Indicator is analysed as data only - never visited. ,Initial Access,T1566.002 (Phishing: Spearphishing Link),,,3
THR-2026-0561,2026-06-22T23:27:29+00:00,Synthetic C2 Callback Observation,Network Threats,URL,http://team-share.demo.invalid/portal/verify,Unknown Source,35,MEDIUM,47,MONITORING,2026-06-09T23:27:29+00:00,2026-06-22T23:27:29+00:00,North America,Synthetic network indicator recorded in demo telemetry. Limited contextual evidence. ,,,,,7
THR-2026-0562,2026-05-02T23:27:29+00:00,Synthetic Vulnerability Exposure Record,Vulnerability Exposure,DOMAIN,notify.example.org,Community Submission,60,MEDIUM,55,MONITORING,2026-05-01T23:27:29+00:00,2026-05-02T23:27:29+00:00,Middle East & Africa,Synthetic vulnerability-related indicator from demo asset review. Detailed context pending. ,,,CVE-2024-900024,,6
THR-2026-0563,2026-05-20T23:27:29+00:00,Synthetic Vulnerability Exposure Record,Vulnerability Exposure,CVE ID,CVE-2026-900002,Public Threat Feed,60,MEDIUM,60,FALSE_POSITIVE,2026-05-10T23:27:29+00:00,2026-05-20T23:27:29+00:00,,Synthetic vulnerability exposure record; demo asset inventory shows an unpatched public-facing service with a known exploit path. Defensive awareness only. ,Initial Access,T1190 (Exploit Public-Facing Application),CVE-2026-900002,,7
THR-2026-0564,2026-06-15T23:27:29+00:00,Synthetic Phishing Infrastructure Sighting,Phishing,DOMAIN,cloud-backup.example.org,Public Threat Feed,60,INFORMATIONAL,42,MONITORING,2026-05-24T23:27:29+00:00,2026-06-15T23:27:29+00:00,Middle East & Africa,Synthetic credential-phishing URL observed sending users to a fake account verification page in demo logs. ,Initial Access,T1566.002 (Phishing: Spearphishing Link),,,5
THR-2024-0115,2024-11-15T23:27:29+00:00,Synthetic Backdoor Beacon Observation,Malware,IP ADDRESS,203.0.113.252,Security Vendor,50,HIGH,47,MONITORING,2024-11-15T23:27:29+00:00,2024-11-15T23:27:29+00:00,Latin America,Synthetic malware hash observed in demo telemetry; sample behaves as a downloader that executes an obfuscated payload and establishes C2 callback traffic. ,Execution,T1204.002 (User Execution: Malicious File),,,1
THR-2025-0686,2025-10-09T23:27:29+00:00,Synthetic Phishing Infrastructure Sighting,Phishing,IP ADDRESS,203.0.113.65,Internal SOC,80,LOW,56,CLOSED,2025-10-06T23:27:29+00:00,2025-10-09T23:27:29+00:00,Asia-Pacific,Synthetic indicator of possible phishing relevance observed in demo telemetry. Insufficient behavioural context for further classification. ,,,,,8
THR-2025-0687,2025-11-27T23:27:29+00:00,Demo Vishing Campaign Indicator,Social Engineering,IP ADDRESS,198.51.100.65,Security Vendor,65,MEDIUM,54,UNDER_REVIEW,2025-11-14T23:27:29+00:00,2025-11-27T23:27:29+00:00,Europe,Synthetic indicator reported through the demo social-engineering reporting channel. Context is limited. ,,,,,5
THR-2025-0688,2025-03-16T23:27:29+00:00,Synthetic Credential Stuffing Observation,Credential Theft,IP ADDRESS,198.51.100.10,Public Threat Feed,45,LOW,44,MONITORING,2025-02-19T23:27:29+00:00,2025-03-16T23:27:29+00:00,,Synthetic indicator observed during credential-abuse monitoring in demo telemetry. Context is limited. ,,,,,7
THR-2024-0116,2024-12-09T23:27:29+00:00,Synthetic C2 Callback Observation,Network Threats,IP ADDRESS,198.51.100.202,Internal SOC,70,INFORMATIONAL,40,UNDER_REVIEW,2024-11-09T23:27:29+00:00,2024-12-09T23:27:29+00:00,,Synthetic command-and-control channel observed in demo telemetry; host beacon traffic to a C2 endpoint was recorded. ,Command and Control,T1071 (Application Layer Protocol),,,1
THR-2025-0689,2026-01-09T23:27:29+00:00,Synthetic Public Leak Domain Sighting,Data Exposure,IP ADDRESS,203.0.113.180,Public Threat Feed,65,LOW,52,MONITORING,2025-12-29T23:27:29+00:00,2026-01-09T23:27:29+00:00,Middle East & Africa,Synthetic indicator associated with possible data-exposure monitoring in demo data. Context is limited. ,,,,,9
THR-2025-0690,2025-10-06T23:27:29+00:00,Synthetic Ransomware Note Indicator,Ransomware,FILE HASH,0d6e4984c8dd5d0b488042d8128625e8dbbcb3e8,Internal SOC,80,LOW,52,NEW,2025-09-16T23:27:29+00:00,2025-10-06T23:27:29+00:00,Europe,Synthetic ransomware sample observed in demo telemetry; the sample attempts file encryption of user documents and inhibits system recovery options. ,Impact,T1486 (Data Encrypted for Impact),,,4
THR-2026-0565,2026-08-16T23:27:29+00:00,Synthetic Exploitable Service Observation,Vulnerability Exposure,CVE ID,CVE-2024-900006,Public Threat Feed,75,HIGH,72,MONITORING,2026-08-12T23:27:29+00:00,2026-08-16T23:27:29+00:00,Middle East & Africa,Synthetic vulnerability-related indicator from demo asset review. Detailed context pending. ,,,CVE-2024-900006,,6
THR-2025-0691,2025-05-22T23:27:29+00:00,Demo Exfiltration Endpoint Indicator,Data Exposure,URL,https://support.login.invalid/auth/check,Community Submission,40,HIGH,46,FALSE_POSITIVE,2025-04-25T23:27:29+00:00,2025-05-22T23:27:29+00:00,Unknown,Synthetic exfiltration observation in demo telemetry; large outbound transfer attempts to an external endpoint were recorded. ,Exfiltration,T1048 (Exfiltration Over Alternative Protocol),,,3
THR-2026-0566,2026-08-26T23:27:29+00:00,Synthetic Fake Portal Domain,Phishing,URL,http://support.auth.invalid/auth/check,Security Vendor,75,CRITICAL,72,FALSE_POSITIVE,2026-08-13T23:27:29+00:00,2026-08-26T23:27:29+00:00,Global,Synthetic credential-phishing URL observed sending users to a fake account verification page in demo logs. ,Initial Access,T1566.002 (Phishing: Spearphishing Link),,,3
THR-2025-0692,2025-02-08T23:27:29+00:00,Synthetic Backdoor Beacon Observation,Malware,FILE HASH,6f4feade87aa2661f2ea692fd881ff6f,Research Report,55,CRITICAL,62,NEW,2025-01-22T23:27:29+00:00,2025-02-08T23:27:29+00:00,North America,Synthetic malware hash observed in demo telemetry; sample behaves as a downloader that executes an obfuscated payload and establishes C2 callback traffic. ,Execution,T1204.002 (User Execution: Malicious File),,,6
THR-2026-0567,2026-10-04T23:27:29+00:00,Demo Port Scan Activity Indicator,Network Threats,URL,https://hr-notice.example.org/invoice/view.html,Public Threat Feed,60,CRITICAL,72,NEW,2026-09-19T23:27:29+00:00,2026-10-04T23:27:29+00:00,Latin America,Synthetic network indicator recorded in demo telemetry. Limited contextual evidence. ,,,,,4
THR-2026-0568,2026-01-17T23:27:29+00:00,Synthetic Phishing Lure Domain,Phishing,URL,http://billing.invalid/document.html,Public Threat Feed,50,HIGH,56,MONITORING,2026-01-15T23:27:29+00:00,2026-01-17T23:27:29+00:00,,Synthetic e-mail attachment campaign observed in demo telemetry distributing phishing documents with credential harvest links. ,Initial Access,T1566.002 (Phishing: Spearphishing Link),,,6
THR-2026-0569,2026-09-16T23:27:29+00:00,Demo SMiShing Sender Observation,Social Engineering,URL,http://payment.mail.invalid/invoice/view.html,Research Report,70,MEDIUM,59,FALSE_POSITIVE,2026-09-07T23:27:29+00:00,2026-09-16T23:27:29+00:00,Latin America,Synthetic SMiShing campaign indicator observed in demo data; messages impersonate a delivery service with a QR code lure. ,Initial Access,T1566.003 (Phishing: Spearphishing Voice),,,2
THR-2025-0693,2025-02-11T23:27:29+00:00,Synthetic C2 Callback Observation,Network Threats,IP ADDRESS,203.0.113.44,Research Report,55,HIGH,53,MONITORING,2025-02-05T23:27:29+00:00,2025-02-11T23:27:29+00:00,Latin America,Synthetic scanning behaviour observed in demo data; network service scan attempts were logged from this address. ,Discovery,T1046 (Network Service Discovery),,,4
THR-2025-0694,2025-08-23T23:27:29+00:00,Synthetic Ransomware Note Indicator,Ransomware,IP ADDRESS,203.0.113.73,Community Submission,40,LOW,34,FALSE_POSITIVE,2025-08-21T23:27:29+00:00,2025-08-23T23:27:29+00:00,Europe,Synthetic ransomware sample observed in demo telemetry; the sample attempts file encryption of user documents and inhibits system recovery options. ,Impact,T1486 (Data Encrypted for Impact),,,3
THR-2025-0695,2025-05-25T23:27:29+00:00,Demo Downloader Hash Observation,Malware,IP ADDRESS,203.0.113.156,Research Report,60,MEDIUM,56,MONITORING,2025-05-05T23:27:29+00:00,2025-05-25T23:27:29+00:00,Latin America,"Synthetic hash observed in demo telemetry. No behavioural report is available, so classification remains general. ",,,,,9
THR-2025-0696,2025-06-15T23:27:29+00:00,Synthetic Exploit Kit Domain,Web Threats,IP ADDRESS,192.0.2.177,Research Report,60,CRITICAL,68,FALSE_POSITIVE,2025-06-05T23:27:29+00:00,2025-06-15T23:27:29+00:00,Middle East & Africa,Synthetic indicator observed in web-monitoring demo data. No specific technique context available. ,,,,,6
THR-2025-0697,2025-02-15T23:27:29+00:00,Synthetic Beaconing Host Indicator,Network Threats,IP ADDRESS,203.0.113.156,Public Threat Feed,45,INFORMATIONAL,38,CLOSED,2025-02-08T23:27:29+00:00,2025-02-15T23:27:29+00:00,Europe,Synthetic scanning behaviour observed in demo data; network service scan attempts were logged from this address. ,Discovery,T1046 (Network Service Discovery),,,9
THR-2024-0117,2024-11-21T23:27:29+00:00,Synthetic Exploitable Service Observation,Vulnerability Exposure,CVE ID,CVE-2024-900007,Community Submission,45,LOW,44,CLOSED,2024-11-19T23:27:29+00:00,2024-11-21T23:27:29+00:00,,Synthetic vulnerability-related indicator from demo asset review. Detailed context pending. ,,,CVE-2024-900007,,7
THR-2026-0570,2026-03-12T23:27:29+00:00,Synthetic Fake Portal Domain,Phishing,IP ADDRESS,198.51.100.82,Internal SOC,85,INFORMATIONAL,51,CLOSED,2026-03-04T23:27:29+00:00,2026-03-12T23:27:29+00:00,Middle East & Africa,Synthetic indicator of possible phishing relevance observed in demo telemetry. Insufficient behavioural context for further classification. ,,,,,4
THR-2025-0698,2025-03-25T23:27:29+00:00,Synthetic CEO Fraud Domain,Social Engineering,IP ADDRESS,192.0.2.100,Unknown Source,15,INFORMATIONAL,19,UNDER_REVIEW,2025-02-25T23:27:29+00:00,2025-03-25T23:27:29+00:00,Unknown,Synthetic indicator reported through the demo social-engineering reporting channel. Context is limited. ,,,,,3
THR-2026-0571,2026-02-06T23:27:29+00:00,Synthetic Lookalike Domain Alert,Phishing,URL,https://portal.demo.invalid/verify-account.html,Security Vendor,65,LOW,45,MONITORING,2026-01-14T23:27:29+00:00,2026-02-06T23:27:29+00:00,Asia-Pacific,Synthetic e-mail attachment campaign observed in demo telemetry distributing phishing documents with credential harvest links. ,Initial Access,T1566.002 (Phishing: Spearphishing Link),,,3
THR-2025-0699,2025-05-05T23:27:29+00:00,Demo Brute Force Activity,Credential Theft,IP ADDRESS,192.0.2.95,Security Vendor,55,LOW,41,CLOSED,2025-04-23T23:27:29+00:00,2025-05-05T23:27:29+00:00,Middle East & Africa,Synthetic indicator observed during credential-abuse monitoring in demo telemetry. Context is limited. ,,,,,4
THR-2025-0700,2025-11-14T23:27:29+00:00,Synthetic Beaconing Host Indicator,Network Threats,IP ADDRESS,203.0.113.59,Public Threat Feed,55,LOW,49,FALSE_POSITIVE,2025-10-29T23:27:29+00:00,2025-11-14T23:27:29+00:00,,Synthetic network indicator recorded in demo telemetry. Limited contextual evidence. ,,,,,7
THR-2025-0701,2025-09-21T23:27:29+00:00,Demo SQL Injection Attempt Indicator,Web Threats,IP ADDRESS,192.0.2.133,Public Threat Feed,50,INFORMATIONAL,37,FALSE_POSITIVE,2025-08-29T23:27:29+00:00,2025-09-21T23:27:29+00:00,Unknown,Synthetic drive-by domain observed in demo data; client browser exploitation behaviour was simulated. ,Initial Access,T1190 (Exploit Public-Facing Application),,,5
THR-2026-0572,2026-10-02T23:27:29+00:00,Synthetic Phishing Infrastructure Sighting,Phishing,DOMAIN,hr-notice.example.com,Public Threat Feed,60,LOW,56,NEW,2026-09-11T23:27:29+00:00,2026-10-02T23:27:29+00:00,Unknown,Synthetic indicator of possible phishing relevance observed in demo telemetry. Insufficient behavioural context for further classification. ,,,,,6
THR-2025-0702,2025-04-01T23:27:29+00:00,Synthetic Beaconing Host Indicator,Network Threats,URL,https://support.support.invalid/auth/check,Public Threat Feed,40,CRITICAL,57,NEW,2025-03-24T23:27:29+00:00,2025-04-01T23:27:29+00:00,,Synthetic scanning behaviour observed in demo data; network service scan attempts were logged from this address. ,Discovery,T1046 (Network Service Discovery),,,6
THR-2025-0703,2025-10-27T23:27:29+00:00,Synthetic Phishing Infrastructure Sighting,Phishing,URL,http://verify.example.net/auth/check,Public Threat Feed,50,HIGH,56,MONITORING,2025-10-25T23:27:29+00:00,2025-10-27T23:27:29+00:00,,Synthetic phishing lure domain observed in demo telemetry; the domain mimics a login verification portal. Indicator is analysed as data only - never visited. ,Initial Access,T1566.002 (Phishing: Spearphishing Link),,,7
THR-2025-0704,2025-04-19T23:27:29+00:00,Demo Tor Proxy Exit Observation,Network Threats,IP ADDRESS,203.0.113.209,Internal SOC,85,LOW,58,UNDER_REVIEW,2025-03-29T23:27:29+00:00,2025-04-19T23:27:29+00:00,Middle East & Africa,Synthetic network indicator recorded in demo telemetry. Limited contextual evidence. ,,,,,9
THR-2024-0118,2024-12-15T23:27:29+00:00,Synthetic Fake Portal Domain,Phishing,IP ADDRESS,203.0.113.182,Community Submission,35,LOW,29,CLOSED,2024-12-04T23:27:29+00:00,2024-12-15T23:27:29+00:00,,Synthetic indicator of possible phishing relevance observed in demo telemetry. Insufficient behavioural context for further classification. ,,,,,1
THR-2025-0705,2025-02-10T23:27:29+00:00,Synthetic Loader Hash Sighting,Malware,FILE HASH,fda111721a84882721c9e7914b248cc933fa144ef0090c4543bfae39e099bea9,Security Vendor,55,INFORMATIONAL,35,FALSE_POSITIVE,2025-02-03T23:27:29+00:00,2025-02-10T23:27:29+00:00,Asia-Pacific,"Synthetic hash observed in demo telemetry. No behavioural report is available, so classification remains general. ",,,,,4
THR-2025-0706,2025-04-18T23:27:29+00:00,Demo Drive-by Download Serving Domain,Web Threats,IP ADDRESS,2001:db8:eb6:::3223,Community Submission,40,LOW,38,NEW,2025-03-19T23:27:29+00:00,2025-04-18T23:27:29+00:00,Unknown,Synthetic indicator observed in web-monitoring demo data. No specific technique context available. ,,,,,9
THR-2025-0707,2025-02-15T23:27:29+00:00,Synthetic Exploit Kit Domain,Web Threats,DOMAIN,portal-verify.secure.invalid,Public Threat Feed,40,LOW,38,NEW,2025-01-21T23:27:29+00:00,2025-02-15T23:27:29+00:00,Middle East & Africa,Synthetic indicator observed in web-monitoring demo data. No specific technique context available. ,,,,,7
THR-2024-0119,2024-12-29T23:27:29+00:00,Synthetic Exploitable Service Observation,Vulnerability Exposure,URL,http://portal.invalid/verify-account.html,Security Vendor,55,HIGH,56,NEW,2024-12-16T23:27:29+00:00,2024-12-29T23:27:29+00:00,Middle East & Africa,Synthetic vulnerability-related indicator from demo asset review. Detailed context pending. ,,,CVE-2025-900023,,7
THR-2025-0708,2025-07-15T23:27:29+00:00,Synthetic Ransomware Sample,Ransomware,FILE HASH,1bdd74a017923e21b7add61124731ae5,Research Report,50,MEDIUM,42,FALSE_POSITIVE,2025-07-13T23:27:29+00:00,2025-07-15T23:27:29+00:00,Asia-Pacific,Synthetic ransomware sample observed in demo telemetry; the sample attempts file encryption of user documents and inhibits system recovery options. ,Impact,T1486 (Data Encrypted for Impact),,,2
THR-2024-0120,2025-01-09T23:27:29+00:00,Synthetic Impersonation Attempt,Social Engineering,IP ADDRESS,192.0.2.215,Internal SOC,75,HIGH,67,MONITORING,2024-12-13T23:27:29+00:00,2025-01-09T23:27:29+00:00,,Synthetic SMiShing campaign indicator observed in demo data; messages impersonate a delivery service with a QR code lure. ,Initial Access,T1566.003 (Phishing: Spearphishing Voice),,,6
THR-2025-0709,2025-11-01T23:27:29+00:00,Demo Tor Proxy Exit Observation,Network Threats,DOMAIN,account.billing.invalid,Public Threat Feed,45,LOW,36,MONITORING,2025-10-26T23:27:29+00:00,2025-11-01T23:27:29+00:00,,Synthetic scanning behaviour observed in demo data; network service scan attempts were logged from this address. ,Discovery,T1046 (Network Service Discovery),,,2
THR-2025-0710,2025-02-22T23:27:29+00:00,Synthetic Ransomware Sample,Ransomware,FILE HASH,daaef5948e54cf33194704260bf4da8d6a740f68126f5b6d1a637e03ee56e0c4,Security Vendor,55,CRITICAL,62,MONITORING,2025-02-09T23:27:29+00:00,2025-02-22T23:27:29+00:00,,Synthetic ransomware sample observed in demo telemetry; the sample attempts file encryption of user documents and inhibits system recovery options. ,Impact,T1486 (Data Encrypted for Impact),,,6
THR-2025-0711,2025-10-12T23:27:29+00:00,Synthetic Public Leak Domain Sighting,Data Exposure,IP ADDRESS,198.51.100.226,Public Threat Feed,50,HIGH,54,UNDER_REVIEW,2025-09-13T23:27:29+00:00,2025-10-12T23:27:29+00:00,,Synthetic exfiltration observation in demo telemetry; large outbound transfer attempts to an external endpoint were recorded. ,Exfiltration,T1048 (Exfiltration Over Alternative Protocol),,,2
THR-2026-0573,2026-10-02T23:27:29+00:00,Synthetic Impersonation Attempt,Social Engineering,URL,http://cloud-backup.updates.invalid/verify-account.html,Internal SOC,85,LOW,59,UNDER_REVIEW,2026-09-19T23:27:29+00:00,2026-10-02T23:27:29+00:00,Unknown,Synthetic indicator reported through the demo social-engineering reporting channel. Context is limited. ,,,,,1
THR-2025-0712,2025-02-15T23:27:29+00:00,Synthetic Web Injection Observation,Web Threats,IP ADDRESS,198.51.100.176,Community Submission,45,HIGH,55,MONITORING,2025-02-05T23:27:29+00:00,2025-02-15T23:27:29+00:00,Asia-Pacific,Synthetic web attack indicator observed in demo telemetry; exploitation attempts against a public-facing application were recorded in demo logs. ,Initial Access,T1190 (Exploit Public-Facing Application),,,6
THR-2025-0713,2025-12-03T23:27:29+00:00,Demo Ransomware Payload Hash,Ransomware,IP ADDRESS,192.0.2.10,Internal SOC,85,HIGH,68,UNDER_REVIEW,2025-11-26T23:27:29+00:00,2025-12-03T23:27:29+00:00,Global,Synthetic ransomware indicator observed in demo data; associated with service stop behaviour prior to encryption and data extortion staging. ,Impact,T1486 (Data Encrypted for Impact),,,3
THR-2025-0714,2025-07-08T23:27:29+00:00,Demo Phishing Campaign Indicator,Phishing,URL,https://hr-notice.support.invalid/document.html,Community Submission,40,HIGH,50,MONITORING,2025-06-23T23:27:29+00:00,2025-07-08T23:27:29+00:00,Middle East & Africa,Synthetic phishing lure domain observed in demo telemetry; the domain mimics a login verification portal. Indicator is analysed as data only - never visited. ,Initial Access,T1566.002 (Phishing: Spearphishing Link),,,8
THR-2026-0574,2026-01-12T23:27:29+00:00,Synthetic Malware Sample Hash,Malware,FILE HASH,b1b0a184b55a8e85d599c85f29772b72,Internal SOC,80,INFORMATIONAL,50,CLOSED,2026-01-07T23:27:29+00:00,2026-01-12T23:27:29+00:00,Global,Synthetic trojan hash sighted in demo data; associated with credential dumping behaviour in the sandbox report. ,,,,,7
THR-2026-0575,2026-05-03T23:27:29+00:00,Synthetic Lookalike Domain Alert,Phishing,DOMAIN,portal-verify.updates.invalid,Public Threat Feed,60,LOW,50,CLOSED,2026-04-22T23:27:29+00:00,2026-05-03T23:27:29+00:00,Global,Synthetic credential-phishing URL observed sending users to a fake account verification page in demo logs. ,Initial Access,T1566.002 (Phishing: Spearphishing Link),,,9
THR-2024-0121,2024-12-09T23:27:29+00:00,Demo Tor Proxy Exit Observation,Network Threats,IP ADDRESS,203.0.113.192,Security Vendor,55,LOW,44,FALSE_POSITIVE,2024-11-13T23:27:29+00:00,2024-12-09T23:27:29+00:00,Unknown,Synthetic network indicator recorded in demo telemetry. Limited contextual evidence. ,,,,,9
THR-2026-0576,2026-08-08T23:27:29+00:00,Synthetic Account Takeover Risk Indicator,Account Security,IP ADDRESS,203.0.113.220,Security Vendor,75,CRITICAL,77,MONITORING,2026-07-19T23:27:29+00:00,2026-08-08T23:27:29+00:00,,Synthetic account takeover risk indicator; demo telemetry shows compromised valid accounts used from unusual locations. ,Persistence,T1136 (Create Account),,,8
THR-2025-0715,2025-04-20T23:27:29+00:00,Synthetic Public Leak Domain Sighting,Data Exposure,URL,https://demo.invalid/password-reset/verify,Internal SOC,70,INFORMATIONAL,44,NEW,2025-03-23T23:27:29+00:00,2025-04-20T23:27:29+00:00,Unknown,Synthetic indicator associated with possible data-exposure monitoring in demo data. Context is limited. ,,,,,9
THR-2025-0716,2025-02-05T23:27:29+00:00,Synthetic Lookalike Domain Alert,Phishing,URL,https://secure.example.org/secure/login,Security Vendor,55,LOW,44,NEW,2025-02-03T23:27:29+00:00,2025-02-05T23:27:29+00:00,Middle East & Africa,Synthetic credential-phishing URL observed sending users to a fake account verification page in demo logs. ,Initial Access,T1566.002 (Phishing: Spearphishing Link),,,6
THR-2025-0717,2025-12-04T23:27:29+00:00,Synthetic Web Injection Observation,Web Threats,IP ADDRESS,2001:db8:fe9:::9,Public Threat Feed,50,LOW,40,MONITORING,2025-11-06T23:27:29+00:00,2025-12-04T23:27:29+00:00,Latin America,Synthetic indicator observed in web-monitoring demo data. No specific technique context available. ,,,,,4
THR-2025-0718,2025-01-20T23:27:29+00:00,Synthetic Exploitable Service Observation,Vulnerability Exposure,URL,http://account.login.invalid/password-reset/verify,Unknown Source,15,HIGH,37,CLOSED,2025-01-13T23:27:29+00:00,2025-01-20T23:27:29+00:00,,Synthetic vulnerability exposure record; demo asset inventory shows an unpatched public-facing service with a known exploit path. Defensive awareness only. ,Initial Access,T1190 (Exploit Public-Facing Application),CVE-2026-900007,,3
THR-2025-0719,2025-01-27T23:27:29+00:00,Demo SQL Injection Attempt Indicator,Web Threats,IP ADDRESS,192.0.2.89,Security Vendor,60,HIGH,62,CLOSED,2025-01-24T23:27:29+00:00,2025-01-27T23:27:29+00:00,,Synthetic drive-by domain observed in demo data; client browser exploitation behaviour was simulated. ,Initial Access,T1190 (Exploit Public-Facing Application),,,9
THR-2026-0577,2026-08-03T23:27:29+00:00,Demo Phishing Campaign Indicator,Phishing,URL,http://payment.support.invalid/document.html,Security Vendor,75,HIGH,68,FALSE_POSITIVE,2026-07-13T23:27:29+00:00,2026-08-03T23:27:29+00:00,,Synthetic indicator of possible phishing relevance observed in demo telemetry. Insufficient behavioural context for further classification. ,,,,,5
THR-2025-0720,2025-09-23T23:27:29+00:00,Demo Downloader Hash Observation,Malware,FILE HASH,7382079712c7e56ca5ce7daece303835bbeb7904781dd2d4fc18e34b134a85fa,Unknown Source,15,MEDIUM,36,FALSE_POSITIVE,2025-09-06T23:27:29+00:00,2025-09-23T23:27:29+00:00,Global,"Synthetic hash observed in demo telemetry. No behavioural report is available, so classification remains general. ",,,,,6
THR-2025-0721,2025-12-21T23:27:29+00:00,Synthetic Phishing Infrastructure Sighting,Phishing,FILE HASH,b9c9322dee34d91a31f2772e0199903c321887fce918234a2208b00a38833e16,Public Threat Feed,45,MEDIUM,41,NEW,2025-12-21T23:27:29+00:00,2025-12-21T23:27:29+00:00,Unknown,Synthetic e-mail attachment campaign observed in demo telemetry distributing phishing documents with credential harvest links. ,Initial Access,T1566.002 (Phishing: Spearphishing Link),,,1
THR-2026-0578,2026-09-29T23:27:29+00:00,Demo Vishing Campaign Indicator,Social Engineering,URL,https://example.org/login,Research Report,75,MEDIUM,68,FALSE_POSITIVE,2026-09-16T23:27:29+00:00,2026-09-29T23:27:29+00:00,Global,Synthetic indicator reported through the demo social-engineering reporting channel. Context is limited. ,,,,,6
THR-2025-0722,2025-05-01T23:27:29+00:00,Demo Phishing Campaign Indicator,Phishing,URL,https://support.invalid/team/share,Security Vendor,55,MEDIUM,50,CLOSED,2025-04-18T23:27:29+00:00,2025-05-01T23:27:29+00:00,Europe,Synthetic credential-phishing URL observed sending users to a fake account verification page in demo logs. ,Initial Access,T1566.002 (Phishing: Spearphishing Link),,,8
THR-2025-0723,2025-01-17T23:27:29+00:00,Demo Credential Phishing Observation,Phishing,FILE HASH,6dc5d2585b801b70bca3e613c4c6e7d7e11dc9b9ff0aeba72042794c46da2892,Community Submission,35,HIGH,43,UNDER_REVIEW,2025-01-01T23:27:29+00:00,2025-01-17T23:27:29+00:00,Middle East & Africa,Synthetic credential-phishing URL observed sending users to a fake account verification page in demo logs. ,Initial Access,T1566.002 (Phishing: Spearphishing Link),,,2
THR-2025-0724,2025-03-07T23:27:29+00:00,Demo Exfiltration Endpoint Indicator,Data Exposure,IP ADDRESS,198.51.100.251,Public Threat Feed,40,LOW,34,MONITORING,2025-02-19T23:27:29+00:00,2025-03-07T23:27:29+00:00,Europe,Synthetic indicator associated with possible data-exposure monitoring in demo data. Context is limited. ,,,,,1
THR-2026-0579,2026-09-16T23:27:29+00:00,Synthetic Ransomware Note Indicator,Ransomware,FILE HASH,13cb10b595ed948f9087269883b365ec70d64ec7e36bbad5f30da8a17d6ffb35,Security Vendor,75,MEDIUM,62,FALSE_POSITIVE,2026-09-03T23:27:29+00:00,2026-09-16T23:27:29+00:00,Global,Synthetic ransomware indicator observed in demo data; associated with service stop behaviour prior to encryption and data extortion staging. ,Impact,T1486 (Data Encrypted for Impact),,,3
THR-2026-0580,2026-03-27T23:27:29+00:00,Synthetic Web Injection Observation,Web Threats,URL,https://portal.billing.invalid/secure/login,Research Report,65,CRITICAL,68,MONITORING,2026-03-02T23:27:29+00:00,2026-03-27T23:27:29+00:00,Europe,Synthetic web attack indicator observed in demo telemetry; exploitation attempts against a public-facing application were recorded in demo logs. ,Initial Access,T1190 (Exploit Public-Facing Application),,,6
THR-2025-0725,2025-09-30T23:27:29+00:00,Demo Ransomware Payload Hash,Ransomware,URL,https://service.secure.invalid/team/share,Internal SOC,70,LOW,50,UNDER_REVIEW,2025-09-15T23:27:29+00:00,2025-09-30T23:27:29+00:00,Global,Synthetic ransomware indicator observed in demo data; associated with service stop behaviour prior to encryption and data extortion staging. ,Impact,T1486 (Data Encrypted for Impact),,,6
THR-2024-0122,2024-11-15T23:27:29+00:00,Synthetic C2 Callback Observation,Network Threats,URL,http://wire-transfer.mail.invalid/verify-account.html,Security Vendor,55,LOW,44,CLOSED,2024-11-15T23:27:29+00:00,2024-11-15T23:27:29+00:00,Global,Synthetic command-and-control channel observed in demo telemetry; host beacon traffic to a C2 endpoint was recorded. ,Command and Control,T1071 (Application Layer Protocol),,,9
THR-2026-0581,2026-03-23T23:27:29+00:00,Demo Port Scan Activity Indicator,Network Threats,IP ADDRESS,203.0.113.104,Security Vendor,65,INFORMATIONAL,47,MONITORING,2026-03-22T23:27:29+00:00,2026-03-23T23:27:29+00:00,Global,Synthetic scanning behaviour observed in demo data; network service scan attempts were logged from this address. ,Discovery,T1046 (Network Service Discovery),,,6
THR-2026-0582,2026-08-24T23:27:29+00:00,Synthetic Phishing Lure Domain,Phishing,DOMAIN,signin.example.com,Security Vendor,75,HIGH,65,MONITORING,2026-08-01T23:27:29+00:00,2026-08-24T23:27:29+00:00,Global,Synthetic credential-phishing URL observed sending users to a fake account verification page in demo logs. ,Initial Access,T1566.002 (Phishing: Spearphishing Link),,,3
THR-2025-0726,2025-10-22T23:27:29+00:00,Demo Brute Force Activity,Credential Theft,DOMAIN,update.example.net,Community Submission,50,LOW,44,UNDER_REVIEW,2025-09-27T23:27:29+00:00,2025-10-22T23:27:29+00:00,Latin America,Synthetic indicator observed during credential-abuse monitoring in demo telemetry. Context is limited. ,,,,,6
THR-2025-0727,2025-02-16T23:27:29+00:00,Demo SQL Injection Attempt Indicator,Web Threats,IP ADDRESS,203.0.113.38,Community Submission,45,LOW,39,MONITORING,2025-02-02T23:27:29+00:00,2025-02-16T23:27:29+00:00,Unknown,Synthetic indicator observed in web-monitoring demo data. No specific technique context available. ,,,,,3
THR-2024-0123,2025-01-23T23:27:29+00:00,Demo Drive-by Download Serving Domain,Web Threats,IP ADDRESS,198.51.100.3,Security Vendor,55,MEDIUM,46,NEW,2024-12-30T23:27:29+00:00,2025-01-23T23:27:29+00:00,North America,Synthetic drive-by domain observed in demo data; client browser exploitation behaviour was simulated. ,Initial Access,T1190 (Exploit Public-Facing Application),CVE-2024-900019,,1
THR-2026-0583,2026-07-26T23:27:29+00:00,Synthetic Fraudulent Account Creation Indicator,Account Security,IP ADDRESS,198.51.100.209,Security Vendor,80,HIGH,70,NEW,2026-07-19T23:27:29+00:00,2026-07-26T23:27:29+00:00,Global,Synthetic indicator from demo account-monitoring telemetry. Context is limited. ,Persistence,T1136 (Create Account),,,3
THR-2024-0124,2024-12-03T23:27:29+00:00,Synthetic Public Leak Domain Sighting,Data Exposure,DOMAIN,service.mail.invalid,Research Report,55,MEDIUM,48,CLOSED,2024-11-10T23:27:29+00:00,2024-12-03T23:27:29+00:00,Global,Synthetic e-mail collection behaviour observed in demo data; mailbox export activity was simulated. ,Collection,T1114 (Email Collection),,,5
THR-2025-0728,2025-11-13T23:27:29+00:00,Synthetic Beaconing Host Indicator,Network Threats,IP ADDRESS,2001:db8:2fb:::5905,Research Report,65,LOW,50,NEW,2025-10-21T23:27:29+00:00,2025-11-13T23:27:29+00:00,Unknown,Synthetic command-and-control channel observed in demo telemetry; host beacon traffic to a C2 endpoint was recorded. ,Command and Control,T1071 (Application Layer Protocol),,,8
THR-2025-0729,2025-07-04T23:27:29+00:00,Demo Downloader Hash Observation,Malware,FILE HASH,9b5588a96f94f2501438a63168e4b65ab68434c3,Security Vendor,50,LOW,36,MONITORING,2025-06-14T23:27:29+00:00,2025-07-04T23:27:29+00:00,Asia-Pacific,Synthetic malware hash observed in demo telemetry; sample behaves as a downloader that executes an obfuscated payload and establishes C2 callback traffic. ,Execution,T1204.002 (User Execution: Malicious File),,,2
THR-2026-0584,2026-03-03T23:27:29+00:00,Demo Ransomware C2 Observation,Ransomware,IP ADDRESS,203.0.113.217,Security Vendor,70,CRITICAL,74,MONITORING,2026-02-08T23:27:29+00:00,2026-03-03T23:27:29+00:00,Asia-Pacific,Synthetic ransomware sample observed in demo telemetry; the sample attempts file encryption of user documents and inhibits system recovery options. ,Impact,T1486 (Data Encrypted for Impact),,,8
THR-2026-0585,2026-08-13T23:27:29+00:00,Demo Phishing Campaign Indicator,Phishing,IP ADDRESS,192.0.2.32,Security Vendor,80,LOW,64,UNDER_REVIEW,2026-08-12T23:27:29+00:00,2026-08-13T23:27:29+00:00,Asia-Pacific,Synthetic indicator of possible phishing relevance observed in demo telemetry. Insufficient behavioural context for further classification. ,,,,,8
THR-2025-0730,2025-12-03T23:27:29+00:00,Synthetic Beaconing Host Indicator,Network Threats,IP ADDRESS,203.0.113.11,Internal SOC,85,LOW,60,FALSE_POSITIVE,2025-11-23T23:27:29+00:00,2025-12-03T23:27:29+00:00,Global,Synthetic command-and-control channel observed in demo telemetry; host beacon traffic to a C2 endpoint was recorded. ,Command and Control,T1071 (Application Layer Protocol),,,6
THR-2025-0731,2025-11-04T23:27:29+00:00,Demo Password Spray Observation,Credential Theft,IP ADDRESS,198.51.100.120,Community Submission,50,MEDIUM,50,MONITORING,2025-10-19T23:27:29+00:00,2025-11-04T23:27:29+00:00,Asia-Pacific,Synthetic indicator observed during credential-abuse monitoring in demo telemetry. Context is limited. ,,,,,6
THR-2025-0732,2025-09-21T23:27:29+00:00,Synthetic Loader Hash Sighting,Malware,FILE HASH,2aff83490f2d08227309e6e0105b617eafa596226d663376d9bc567dba7ae711,Public Threat Feed,40,MEDIUM,40,MONITORING,2025-08-29T23:27:29+00:00,2025-09-21T23:27:29+00:00,Latin America,Synthetic malware hash observed in demo telemetry; sample behaves as a downloader that executes an obfuscated payload and establishes C2 callback traffic. ,Execution,T1204.002 (User Execution: Malicious File),,,3
THR-2026-0586,2026-02-25T23:27:29+00:00,Synthetic Ransomware Sample,Ransomware,IP ADDRESS,203.0.113.78,Internal SOC,80,HIGH,72,NEW,2026-02-05T23:27:29+00:00,2026-02-25T23:27:29+00:00,Unknown,Synthetic ransomware sample observed in demo telemetry; the sample attempts file encryption of user documents and inhibits system recovery options. ,Impact,T1486 (Data Encrypted for Impact),,,9
THR-2026-0587,2026-09-26T23:27:29+00:00,Synthetic Trojan Hash Indicator,Malware,FILE HASH,aabcb48d77fbffea5baa04333d1f08b1ba1914cd28c5d55b10d904080d1c94e9,Internal SOC,90,INFORMATIONAL,55,MONITORING,2026-09-26T23:27:29+00:00,2026-09-26T23:27:29+00:00,Middle East & Africa,Synthetic trojan hash sighted in demo data; associated with credential dumping behaviour in the sandbox report. ,,,,,3
THR-2025-0733,2025-12-11T23:27:29+00:00,Demo SQL Injection Attempt Indicator,Web Threats,IP ADDRESS,192.0.2.215,Public Threat Feed,55,HIGH,56,MONITORING,2025-11-29T23:27:29+00:00,2025-12-11T23:27:29+00:00,Unknown,Synthetic indicator observed in web-monitoring demo data. No specific technique context available. ,,,,,3
THR-2025-0734,2025-09-26T23:27:29+00:00,Demo Brute Force Activity,Credential Theft,IP ADDRESS,192.0.2.240,Public Threat Feed,55,LOW,44,CLOSED,2025-09-22T23:27:29+00:00,2025-09-26T23:27:29+00:00,Unknown,Synthetic indicator observed during credential-abuse monitoring in demo telemetry. Context is limited. ,,,,,5
THR-2025-0735,2025-06-29T23:27:29+00:00,Demo Unpatched Service Indicator,Vulnerability Exposure,CVE ID,CVE-2025-900006,Public Threat Feed,40,INFORMATIONAL,32,CLOSED,2025-06-17T23:27:29+00:00,2025-06-29T23:27:29+00:00,Latin America,Synthetic vulnerability exposure record; demo asset inventory shows an unpatched public-facing service with a known exploit path. Defensive awareness only. ,Initial Access,T1190 (Exploit Public-Facing Application),CVE-2025-900006,,6
THR-2025-0736,2026-01-01T23:27:29+00:00,Synthetic Web Injection Observation,Web Threats,IP ADDRESS,192.0.2.194,Community Submission,50,HIGH,56,UNDER_REVIEW,2025-12-06T23:27:29+00:00,2026-01-01T23:27:29+00:00,Unknown,Synthetic indicator observed in web-monitoring demo data. No specific technique context available. ,,,CVE-2026-900026,,6
THR-2025-0737,2025-12-18T23:27:29+00:00,Synthetic Web Injection Observation,Web Threats,IP ADDRESS,192.0.2.116,Research Report,60,CRITICAL,61,MONITORING,2025-11-29T23:27:29+00:00,2025-12-18T23:27:29+00:00,,Synthetic drive-by domain observed in demo data; client browser exploitation behaviour was simulated. ,Initial Access,T1190 (Exploit Public-Facing Application),,,2
THR-2026-0588,2026-02-26T23:27:29+00:00,Synthetic Phishing Lure Domain,Phishing,DOMAIN,portal.example.org,Community Submission,50,LOW,42,NEW,2026-02-19T23:27:29+00:00,2026-02-26T23:27:29+00:00,Unknown,Synthetic indicator of possible phishing relevance observed in demo telemetry. Insufficient behavioural context for further classification. ,,,,,5
THR-2025-0738,2025-09-08T23:27:29+00:00,Synthetic Ransomware Sample,Ransomware,FILE HASH,07f37bb18fd8a991bdc414a7af68898e71cd14151f247a04103190804f95eb9d,Public Threat Feed,40,MEDIUM,40,CLOSED,2025-08-30T23:27:29+00:00,2025-09-08T23:27:29+00:00,Unknown,Synthetic ransomware sample observed in demo telemetry; the sample attempts file encryption of user documents and inhibits system recovery options. ,Impact,T1486 (Data Encrypted for Impact),,,3
THR-2026-0589,2026-08-04T23:27:29+00:00,Demo Brute Force Activity,Credential Theft,IP ADDRESS,198.51.100.115,Community Submission,60,MEDIUM,58,NEW,2026-07-10T23:27:29+00:00,2026-08-04T23:27:29+00:00,Global,Synthetic indicator observed during credential-abuse monitoring in demo telemetry. Context is limited. ,,,,,9
THR-2025-0739,2025-10-21T23:27:29+00:00,Demo SQL Injection Attempt Indicator,Web Threats,IP ADDRESS,2001:db8:eb4:::3103,Security Vendor,65,HIGH,58,UNDER_REVIEW,2025-10-14T23:27:29+00:00,2025-10-21T23:27:29+00:00,Middle East & Africa,Synthetic indicator observed in web-monitoring demo data. No specific technique context available. ,,,,,4
THR-2024-0125,2024-11-13T23:27:29+00:00,Synthetic Exploitable Service Observation,Vulnerability Exposure,CVE ID,CVE-2025-900027,Internal SOC,70,MEDIUM,52,FALSE_POSITIVE,2024-11-03T23:27:29+00:00,2024-11-13T23:27:29+00:00,North America,Synthetic vulnerability-related indicator from demo asset review. Detailed context pending. ,,,CVE-2025-900027,,1
THR-2025-0740,2025-10-10T23:27:29+00:00,Demo Ransomware Payload Hash,Ransomware,FILE HASH,4afde8252da2ac4bf59e7e9e6fa3d4714a9c7905dc8b08780d9881ff8758760f,Public Threat Feed,50,HIGH,56,CLOSED,2025-09-19T23:27:29+00:00,2025-10-10T23:27:29+00:00,North America,Synthetic ransomware sample observed in demo telemetry; the sample attempts file encryption of user documents and inhibits system recovery options. ,Impact,T1486 (Data Encrypted for Impact),,,7
THR-2026-0590,2026-06-11T23:27:29+00:00,Synthetic Exploitable Service Observation,Vulnerability Exposure,CVE ID,CVE-2024-900006,Internal SOC,100,INFORMATIONAL,55,MONITORING,2026-05-19T23:27:29+00:00,2026-06-11T23:27:29+00:00,Global,Synthetic vulnerability exposure record; demo asset inventory shows an unpatched public-facing service with a known exploit path. Defensive awareness only. ,Initial Access,T1190 (Exploit Public-Facing Application),CVE-2024-900006,,2
THR-2026-0591,2026-09-24T23:27:29+00:00,Synthetic Fake Portal Domain,Phishing,URL,https://service.demo.invalid/account/confirm,Community Submission,60,MEDIUM,57,FALSE_POSITIVE,2026-09-03T23:27:29+00:00,2026-09-24T23:27:29+00:00,North America,Synthetic indicator of possible phishing relevance observed in demo telemetry. Insufficient behavioural context for further classification. ,,,,,4
THR-2025-0741,2025-08-11T23:27:29+00:00,Synthetic CEO Fraud Domain,Social Engineering,EMAIL DOMAIN,service.auth.invalid,Community Submission,35,INFORMATIONAL,23,CLOSED,2025-07-18T23:27:29+00:00,2025-08-11T23:27:29+00:00,Asia-Pacific,Synthetic indicator reported through the demo social-engineering reporting channel. Context is limited. ,,,,,1
THR-2026-0592,2026-08-29T23:27:29+00:00,Demo Ransomware Payload Hash,Ransomware,FILE HASH,2ae9c76464220e3f74354ace6365b9160081e499d2bffbfcd1cfac36489893e9,Public Threat Feed,60,MEDIUM,55,MONITORING,2026-08-10T23:27:29+00:00,2026-08-29T23:27:29+00:00,,Synthetic ransomware indicator observed in demo data; associated with service stop behaviour prior to encryption and data extortion staging. ,Impact,T1486 (Data Encrypted for Impact),,,4
THR-2026-0593,2026-08-17T23:27:29+00:00,Synthetic Impersonation Attempt,Social Engineering,URL,https://billing.updates.invalid/secure-update/payment,Security Vendor,75,MEDIUM,64,UNDER_REVIEW,2026-08-14T23:27:29+00:00,2026-08-17T23:27:29+00:00,,Synthetic SMiShing campaign indicator observed in demo data; messages impersonate a delivery service with a QR code lure. ,Initial Access,T1566.003 (Phishing: Spearphishing Voice),,,7
THR-2025-0742,2025-03-18T23:27:29+00:00,Synthetic Beaconing Host Indicator,Network Threats,IP ADDRESS,203.0.113.51,Unknown Source,20,LOW,32,CLOSED,2025-03-05T23:27:29+00:00,2025-03-18T23:27:29+00:00,North America,Synthetic scanning behaviour observed in demo data; network service scan attempts were logged from this address. ,Discovery,T1046 (Network Service Discovery),,,4
THR-2025-0743,2025-12-03T23:27:29+00:00,Demo Abnormal Login Pattern Observation,Account Security,IP ADDRESS,192.0.2.127,Internal SOC,85,HIGH,73,NEW,2025-11-15T23:27:29+00:00,2025-12-03T23:27:29+00:00,Asia-Pacific,Synthetic indicator from demo account-monitoring telemetry. Context is limited. ,Persistence,T1136 (Create Account),,,9
THR-2026-0594,2026-04-25T23:27:29+00:00,Demo Unpatched Service Indicator,Vulnerability Exposure,CVE ID,CVE-2024-900014,Community Submission,60,INFORMATIONAL,48,UNDER_REVIEW,2026-04-14T23:27:29+00:00,2026-04-25T23:27:29+00:00,North America,Synthetic vulnerability-related indicator from demo asset review. Detailed context pending. ,,,CVE-2024-900014,,9
THR-2024-0126,2024-12-16T23:27:29+00:00,Synthetic Public Leak Domain Sighting,Data Exposure,URL,http://verify.demo.invalid/auth/check,Internal SOC,70,CRITICAL,68,NEW,2024-11-19T23:27:29+00:00,2024-12-16T23:27:29+00:00,Middle East & Africa,Synthetic exfiltration observation in demo telemetry; large outbound transfer attempts to an external endpoint were recorded. ,Exfiltration,T1048 (Exfiltration Over Alternative Protocol),,,6
THR-2025-0744,2025-11-20T23:27:29+00:00,Demo SMiShing Sender Observation,Social Engineering,IP ADDRESS,198.51.100.218,Internal SOC,80,HIGH,68,FALSE_POSITIVE,2025-11-16T23:27:29+00:00,2025-11-20T23:27:29+00:00,Middle East & Africa,Synthetic indicator reported through the demo social-engineering reporting channel. Context is limited. ,,,,,8
THR-2026-0595,2026-06-10T23:27:29+00:00,Synthetic Trojan Hash Indicator,Malware,FILE HASH,7f3e8b256c436c936738024cdaffb847086e742ddd41ff5c270b788f06ea7d79,Security Vendor,75,CRITICAL,72,CLOSED,2026-05-25T23:27:29+00:00,2026-06-10T23:27:29+00:00,,Synthetic malware hash observed in demo telemetry; sample behaves as a downloader that executes an obfuscated payload and establishes C2 callback traffic. ,Execution,T1204.002 (User Execution: Malicious File),CVE-2025-900002,,5
THR-2026-0596,2026-10-04T23:27:29+00:00,Demo SMiShing Sender Observation,Social Engineering,IP ADDRESS,198.51.100.1,Public Threat Feed,65,LOW,62,CLOSED,2026-09-26T23:27:29+00:00,2026-10-04T23:27:29+00:00,Unknown,Synthetic voice-phishing (vishing) attempt observed in demo telemetry; impersonation of the IT helpdesk was reported. ,Initial Access,T1566.003 (Phishing: Spearphishing Voice),,,9
THR-2026-0597,2026-04-14T23:27:29+00:00,Demo Malware Distribution Observation,Malware,IP ADDRESS,192.0.2.128,Internal SOC,90,LOW,61,MONITORING,2026-03-26T23:27:29+00:00,2026-04-14T23:27:29+00:00,Middle East & Africa,Synthetic malware hash observed in demo telemetry; sample behaves as a downloader that executes an obfuscated payload and establishes C2 callback traffic. ,Execution,T1204.002 (User Execution: Malicious File),,,9
THR-2024-0127,2024-11-14T23:27:29+00:00,Synthetic Credential Stuffing Observation,Credential Theft,IP ADDRESS,198.51.100.113,Unknown Source,25,HIGH,45,UNDER_REVIEW,2024-11-12T23:27:29+00:00,2024-11-14T23:27:29+00:00,Middle East & Africa,Synthetic indicator observed during credential-abuse monitoring in demo telemetry. Context is limited. ,,,,,4
THR-2025-0745,2025-05-01T23:27:29+00:00,Synthetic Fake Portal Domain,Phishing,URL,https://secure.invalid/secure/login,Public Threat Feed,40,LOW,38,MONITORING,2025-04-01T23:27:29+00:00,2025-05-01T23:27:29+00:00,Unknown,Synthetic e-mail attachment campaign observed in demo telemetry distributing phishing documents with credential harvest links. ,Initial Access,T1566.002 (Phishing: Spearphishing Link),,,7
THR-2026-0598,2026-02-09T23:27:29+00:00,Synthetic Beaconing Host Indicator,Network Threats,URL,https://auth.invalid/verify-account.html,Security Vendor,65,INFORMATIONAL,39,FALSE_POSITIVE,2026-01-24T23:27:29+00:00,2026-02-09T23:27:29+00:00,Global,Synthetic network indicator recorded in demo telemetry. Limited contextual evidence. ,,,,,3
THR-2026-0599,2026-04-28T23:27:29+00:00,Synthetic Lookalike Domain Alert,Phishing,URL,https://example.com/portal/verify,Unknown Source,35,INFORMATIONAL,35,CLOSED,2026-03-29T23:27:29+00:00,2026-04-28T23:27:29+00:00,Global,Synthetic phishing lure domain observed in demo telemetry; the domain mimics a login verification portal. Indicator is analysed as data only - never visited. ,Initial Access,T1566.002 (Phishing: Spearphishing Link),,,8
THR-2024-0128,2024-12-02T23:27:29+00:00,Demo Vishing Campaign Indicator,Social Engineering,IP ADDRESS,203.0.113.131,Public Threat Feed,45,INFORMATIONAL,34,UNDER_REVIEW,2024-11-07T23:27:29+00:00,2024-12-02T23:27:29+00:00,Asia-Pacific,Synthetic voice-phishing (vishing) attempt observed in demo telemetry; impersonation of the IT helpdesk was reported. ,Initial Access,T1566.003 (Phishing: Spearphishing Voice),,,4
THR-2026-0600,2026-09-27T23:27:29+00:00,Demo Tor Proxy Exit Observation,Network Threats,IP ADDRESS,192.0.2.58,Internal SOC,90,MEDIUM,74,UNDER_REVIEW,2026-08-29T23:27:29+00:00,2026-09-27T23:27:29+00:00,North America,Synthetic command-and-control channel observed in demo telemetry; host beacon traffic to a C2 endpoint was recorded. ,Command and Control,T1071 (Application Layer Protocol),,,7
THR-2026-0601,2026-07-20T23:27:29+00:00,Demo Password Spray Observation,Credential Theft,IP ADDRESS,198.51.100.21,Internal SOC,90,HIGH,72,CLOSED,2026-07-02T23:27:29+00:00,2026-07-20T23:27:29+00:00,Global,Synthetic indicator observed during credential-abuse monitoring in demo telemetry. Context is limited. ,,,,,1
THR-2026-0602,2026-03-03T23:27:29+00:00,Demo Tor Proxy Exit Observation,Network Threats,IP ADDRESS,203.0.113.35,Public Threat Feed,55,LOW,49,MONITORING,2026-02-28T23:27:29+00:00,2026-03-03T23:27:29+00:00,Global,Synthetic network indicator recorded in demo telemetry. Limited contextual evidence. ,,,,,6
THR-2025-0746,2025-11-27T23:27:29+00:00,Demo Password Spray Observation,Credential Theft,IP ADDRESS,198.51.100.157,Internal SOC,75,HIGH,60,UNDER_REVIEW,2025-11-01T23:27:29+00:00,2025-11-27T23:27:29+00:00,Unknown,Synthetic credential stuffing activity observed in demo telemetry; high volume of brute force attempts against login endpoints from shared infrastructure. ,Credential Access,T1110 (Brute Force),,,2
THR-2024-0129,2024-11-26T23:27:29+00:00,Synthetic Lookalike Domain Alert,Phishing,FILE HASH,4d0d0a19d1c7f5d0fce1ef26173a1378f423998f061cfabfb1175e7485bd39e4,Unknown Source,10,HIGH,34,MONITORING,2024-11-21T23:27:29+00:00,2024-11-26T23:27:29+00:00,Latin America,Synthetic e-mail attachment campaign observed in demo telemetry distributing phishing documents with credential harvest links. ,Initial Access,T1566.002 (Phishing: Spearphishing Link),,,2
THR-2026-0603,2026-01-21T23:27:29+00:00,Demo Credential Phishing Observation,Phishing,IP ADDRESS,198.51.100.123,Internal SOC,80,LOW,50,MONITORING,2026-01-18T23:27:29+00:00,2026-01-21T23:27:29+00:00,North America,Synthetic credential-phishing URL observed sending users to a fake account verification page in demo logs. ,Initial Access,T1566.002 (Phishing: Spearphishing Link),,,3
THR-2025-0747,2025-06-19T23:27:29+00:00,Demo Unpatched Service Indicator,Vulnerability Exposure,CVE ID,CVE-2026-900018,Internal SOC,80,MEDIUM,58,NEW,2025-06-07T23:27:29+00:00,2025-06-19T23:27:29+00:00,Global,Synthetic vulnerability exposure record; demo asset inventory shows an unpatched public-facing service with a known exploit path. Defensive awareness only. ,Initial Access,T1190 (Exploit Public-Facing Application),CVE-2026-900018,,3
THR-2026-0604,2026-07-20T23:27:29+00:00,Synthetic C2 Callback Observation,Network Threats,IP ADDRESS,192.0.2.146,Unknown Source,40,HIGH,62,UNDER_REVIEW,2026-07-15T23:27:29+00:00,2026-07-20T23:27:29+00:00,Unknown,Synthetic network indicator recorded in demo telemetry. Limited contextual evidence. ,,,,,9
THR-2026-0605,2026-10-03T23:27:29+00:00,Synthetic Lookalike Domain Alert,Phishing,URL,https://wire-transfer.updates.invalid/document.html,Community Submission,60,HIGH,69,NEW,2026-09-18T23:27:29+00:00,2026-10-03T23:27:29+00:00,,Synthetic credential-phishing URL observed sending users to a fake account verification page in demo logs. ,Initial Access,T1566.002 (Phishing: Spearphishing Link),,,9
THR-2026-0606,2026-07-23T23:27:29+00:00,Demo Port Scan Activity Indicator,Network Threats,IP ADDRESS,198.51.100.10,Research Report,80,MEDIUM,70,MONITORING,2026-06-29T23:27:29+00:00,2026-07-23T23:27:29+00:00,Global,Synthetic scanning behaviour observed in demo data; network service scan attempts were logged from this address. ,Discovery,T1046 (Network Service Discovery),,,8
THR-2025-0748,2025-09-16T23:27:29+00:00,Synthetic Impersonation Attempt,Social Engineering,DOMAIN,hr-notice.portal.invalid,Public Threat Feed,40,LOW,38,NEW,2025-09-14T23:27:29+00:00,2025-09-16T23:27:29+00:00,Middle East & Africa,Synthetic indicator reported through the demo social-engineering reporting channel. Context is limited. ,,,,,9
THR-2025-0749,2025-07-21T23:27:29+00:00,Synthetic Fake Portal Domain,Phishing,IP ADDRESS,203.0.113.209,Research Report,70,HIGH,64,CLOSED,2025-07-04T23:27:29+00:00,2025-07-21T23:27:29+00:00,Asia-Pacific,Synthetic indicator of possible phishing relevance observed in demo telemetry. Insufficient behavioural context for further classification. ,,,,,8
THR-2026-0607,2026-03-19T23:27:29+00:00,Synthetic Credential Harvester Sighting,Credential Theft,URL,https://secure.example.org/password-reset/verify,Internal SOC,80,INFORMATIONAL,48,NEW,2026-03-05T23:27:29+00:00,2026-03-19T23:27:29+00:00,Global,Synthetic indicator observed during credential-abuse monitoring in demo telemetry. Context is limited. ,,,,,5
THR-2026-0608,2026-08-21T23:27:29+00:00,Synthetic Lookalike Domain Alert,Phishing,DOMAIN,portal-verify.portal.invalid,Internal SOC,90,MEDIUM,70,MONITORING,2026-08-01T23:27:29+00:00,2026-08-21T23:27:29+00:00,Global,Synthetic indicator of possible phishing relevance observed in demo telemetry. Insufficient behavioural context for further classification. ,,,,,7
THR-2025-0750,2025-11-03T23:27:29+00:00,Demo Malware Distribution Observation,Malware,FILE HASH,a2eed9b1dc8fe8016d9276c78abac76f1ec5261a55dd1446497787fbc2cfb8cf,Internal SOC,80,MEDIUM,62,CLOSED,2025-10-22T23:27:29+00:00,2025-11-03T23:27:29+00:00,Unknown,"Synthetic hash observed in demo telemetry. No behavioural report is available, so classification remains general. ",,,,,9
THR-2025-0751,2025-07-21T23:27:29+00:00,Synthetic C2 Callback Observation,Network Threats,DOMAIN,wire-transfer.auth.invalid,Community Submission,40,MEDIUM,44,UNDER_REVIEW,2025-07-20T23:27:29+00:00,2025-07-21T23:27:29+00:00,,Synthetic network indicator recorded in demo telemetry. Limited contextual evidence. ,,,,,6
THR-2026-0609,2026-04-12T23:27:29+00:00,Demo Phishing Campaign Indicator,Phishing,IP ADDRESS,203.0.113.23,Public Threat Feed,65,MEDIUM,60,CLOSED,2026-03-17T23:27:29+00:00,2026-04-12T23:27:29+00:00,Middle East & Africa,Synthetic e-mail attachment campaign observed in demo telemetry distributing phishing documents with credential harvest links. ,Initial Access,T1566.002 (Phishing: Spearphishing Link),,,6
THR-2026-0610,2026-05-20T23:27:29+00:00,Demo Malware Distribution Observation,Malware,FILE HASH,3130d8b53009e37249d4ed342fd2c7a14d93b81f,Internal SOC,90,LOW,61,MONITORING,2026-05-15T23:27:29+00:00,2026-05-20T23:27:29+00:00,Latin America,"Synthetic hash observed in demo telemetry. No behavioural report is available, so classification remains general. ",,,,,8
THR-2024-0130,2024-11-05T23:27:29+00:00,Synthetic Phishing Infrastructure Sighting,Phishing,DOMAIN,service.support.invalid,Security Vendor,55,HIGH,54,FALSE_POSITIVE,2024-11-03T23:27:29+00:00,2024-11-05T23:27:29+00:00,Middle East & Africa,Synthetic e-mail attachment campaign observed in demo telemetry distributing phishing documents with credential harvest links. ,Initial Access,T1566.002 (Phishing: Spearphishing Link),,,5
THR-2026-0611,2026-10-04T23:27:29+00:00,Demo Credential Phishing Observation,Phishing,DOMAIN,update.example.org,Internal SOC,90,HIGH,80,UNDER_REVIEW,2026-09-18T23:27:29+00:00,2026-10-04T23:27:29+00:00,Global,Synthetic credential-phishing URL observed sending users to a fake account verification page in demo logs. ,Initial Access,T1566.002 (Phishing: Spearphishing Link),,,9
THR-2026-0612,2026-05-20T23:27:29+00:00,Synthetic Phishing Infrastructure Sighting,Phishing,URL,https://verify.updates.invalid/attachment/invoice-2026.zip.html,Security Vendor,75,HIGH,67,CLOSED,2026-05-16T23:27:29+00:00,2026-05-20T23:27:29+00:00,Unknown,Synthetic credential-phishing URL observed sending users to a fake account verification page in demo logs. ,Initial Access,T1566.002 (Phishing: Spearphishing Link),,,7
THR-2024-0131,2024-12-24T23:27:29+00:00,Demo SQL Injection Attempt Indicator,Web Threats,IP ADDRESS,198.51.100.172,Research Report,60,LOW,43,MONITORING,2024-12-02T23:27:29+00:00,2024-12-24T23:27:29+00:00,Global,Synthetic indicator observed in web-monitoring demo data. No specific technique context available. ,,,,,2
THR-2026-0613,2026-05-02T23:27:29+00:00,Synthetic CEO Fraud Domain,Social Engineering,URL,https://example.net/invoice/view.html,Internal SOC,90,CRITICAL,80,UNDER_REVIEW,2026-05-02T23:27:29+00:00,2026-05-02T23:27:29+00:00,Global,Synthetic indicator reported through the demo social-engineering reporting channel. Context is limited. ,,,,,9
THR-2026-0614,2026-01-14T23:27:29+00:00,Synthetic Ransomware Sample,Ransomware,IP ADDRESS,203.0.113.13,Security Vendor,65,LOW,50,FALSE_POSITIVE,2026-01-04T23:27:29+00:00,2026-01-14T23:27:29+00:00,Global,Synthetic ransomware indicator observed in demo data; associated with service stop behaviour prior to encryption and data extortion staging. ,Impact,T1486 (Data Encrypted for Impact),,,4
THR-2026-0615,2026-06-09T23:27:29+00:00,Synthetic Malware Sample Hash,Malware,FILE HASH,38d93c7a48474f80add65f97366d112cd1d34d5c4dc5e67d86aa4fd75604d74e,Public Threat Feed,60,INFORMATIONAL,44,MONITORING,2026-05-28T23:27:29+00:00,2026-06-09T23:27:29+00:00,Europe,Synthetic malware hash observed in demo telemetry; sample behaves as a downloader that executes an obfuscated payload and establishes C2 callback traffic. ,Execution,T1204.002 (User Execution: Malicious File),,,7
THR-2026-0616,2026-05-11T23:27:29+00:00,Synthetic Backdoor Beacon Observation,Malware,FILE HASH,6aaa3591ae193ef1ce9715c14b6fed69a36c331819091d496c8eb3183b7fc69d,Community Submission,60,INFORMATIONAL,38,NEW,2026-04-24T23:27:29+00:00,2026-05-11T23:27:29+00:00,,Synthetic trojan hash sighted in demo data; associated with credential dumping behaviour in the sandbox report. ,,,,,3
THR-2025-0752,2025-04-06T23:27:29+00:00,Demo SQL Injection Attempt Indicator,Web Threats,IP ADDRESS,203.0.113.121,Unknown Source,15,MEDIUM,36,CLOSED,2025-04-03T23:27:29+00:00,2025-04-06T23:27:29+00:00,,Synthetic drive-by domain observed in demo data; client browser exploitation behaviour was simulated. ,Initial Access,T1190 (Exploit Public-Facing Application),,,9
THR-2026-0617,2026-01-25T23:27:29+00:00,Synthetic Exploitable Service Observation,Vulnerability Exposure,URL,http://team-share.support.invalid/update-password,Security Vendor,60,LOW,40,NEW,2026-01-07T23:27:29+00:00,2026-01-25T23:27:29+00:00,Asia-Pacific,Synthetic vulnerability-related indicator from demo asset review. Detailed context pending. ,,,CVE-2024-900018,,1
THR-2026-0618,2026-08-29T23:27:29+00:00,Synthetic Data Leak Observation,Data Exposure,IP ADDRESS,203.0.113.14,Community Submission,55,INFORMATIONAL,37,CLOSED,2026-08-24T23:27:29+00:00,2026-08-29T23:27:29+00:00,Global,Synthetic exfiltration observation in demo telemetry; large outbound transfer attempts to an external endpoint were recorded. ,Exfiltration,T1048 (Exfiltration Over Alternative Protocol),,,1
THR-2026-0619,2026-05-03T23:27:29+00:00,Synthetic Account Takeover Risk Indicator,Account Security,IP ADDRESS,192.0.2.153,Security Vendor,80,LOW,60,NEW,2026-04-09T23:27:29+00:00,2026-05-03T23:27:29+00:00,,Synthetic fraudulent account creation observed in demo telemetry; a new account was created outside standard process. ,Persistence,T1136 (Create Account),,,8
THR-2025-0753,2025-11-16T23:27:29+00:00,Demo Exfiltration Endpoint Indicator,Data Exposure,URL,https://support.invalid/secure/login,Security Vendor,60,HIGH,54,UNDER_REVIEW,2025-11-05T23:27:29+00:00,2025-11-16T23:27:29+00:00,Latin America,Synthetic exfiltration observation in demo telemetry; large outbound transfer attempts to an external endpoint were recorded. ,Exfiltration,T1048 (Exfiltration Over Alternative Protocol),,,2
THR-2025-0754,2025-10-07T23:27:29+00:00,Synthetic Phishing Infrastructure Sighting,Phishing,EMAIL DOMAIN,notify.updates.invalid,Internal SOC,80,LOW,56,MONITORING,2025-10-06T23:27:29+00:00,2025-10-07T23:27:29+00:00,Global,Synthetic indicator of possible phishing relevance observed in demo telemetry. Insufficient behavioural context for further classification. ,,,,,7
THR-2025-0755,2025-05-09T23:27:29+00:00,Demo Port Scan Activity Indicator,Network Threats,IP ADDRESS,198.51.100.58,Research Report,50,MEDIUM,42,MONITORING,2025-04-29T23:27:29+00:00,2025-05-09T23:27:29+00:00,Unknown,Synthetic scanning behaviour observed in demo data; network service scan attempts were logged from this address. ,Discovery,T1046 (Network Service Discovery),,,2
THR-2025-0756,2025-03-06T23:27:29+00:00,Synthetic Ransomware Note Indicator,Ransomware,FILE HASH,4a0d63a6b703837497cb87143c365371a8d2671e4b6ecbf1567b93b3c206cf96,Security Vendor,50,HIGH,47,CLOSED,2025-02-24T23:27:29+00:00,2025-03-06T23:27:29+00:00,Unknown,Synthetic indicator tentatively associated with ransomware activity in demo data. Behavioural context is not yet available. ,,,,,1
THR-2025-0757,2025-09-02T23:27:29+00:00,Synthetic Fake Portal Domain,Phishing,FILE HASH,b74547d4ba57e248acc2a3c57870c8041388722282d11a37292a447ed212ce41,Research Report,55,HIGH,56,MONITORING,2025-08-29T23:27:29+00:00,2025-09-02T23:27:29+00:00,Asia-Pacific,Synthetic phishing lure domain observed in demo telemetry; the domain mimics a login verification portal. Indicator is analysed as data only - never visited. ,Initial Access,T1566.002 (Phishing: Spearphishing Link),,,6
THR-2026-0620,2026-04-16T23:27:29+00:00,Synthetic Beaconing Host Indicator,Network Threats,IP ADDRESS,198.51.100.236,Community Submission,65,INFORMATIONAL,49,MONITORING,2026-04-02T23:27:29+00:00,2026-04-16T23:27:29+00:00,Europe,Synthetic command-and-control channel observed in demo telemetry; host beacon traffic to a C2 endpoint was recorded. ,Command and Control,T1071 (Application Layer Protocol),,,9
THR-2025-0758,2025-04-30T23:27:29+00:00,Synthetic Web Injection Observation,Web Threats,URL,http://invoice.demo.invalid/portal/verify,Community Submission,40,INFORMATIONAL,32,MONITORING,2025-04-10T23:27:29+00:00,2025-04-30T23:27:29+00:00,Asia-Pacific,Synthetic web attack indicator observed in demo telemetry; exploitation attempts against a public-facing application were recorded in demo logs. ,Initial Access,T1190 (Exploit Public-Facing Application),,,8
THR-2025-0759,2025-11-13T23:27:29+00:00,Synthetic Impersonation Attempt,Social Engineering,IP ADDRESS,203.0.113.128,Security Vendor,65,LOW,50,CLOSED,2025-10-28T23:27:29+00:00,2025-11-13T23:27:29+00:00,,Synthetic SMiShing campaign indicator observed in demo data; messages impersonate a delivery service with a QR code lure. ,Initial Access,T1566.003 (Phishing: Spearphishing Voice),,,4
THR-2026-0621,2026-07-03T23:27:29+00:00,Synthetic Data Leak Observation,Data Exposure,IP ADDRESS,203.0.113.221,Research Report,75,HIGH,65,CLOSED,2026-06-13T23:27:29+00:00,2026-07-03T23:27:29+00:00,North America,Synthetic exfiltration observation in demo telemetry; large outbound transfer attempts to an external endpoint were recorded. ,Exfiltration,T1048 (Exfiltration Over Alternative Protocol),,,2
THR-2025-0760,2025-12-27T23:27:29+00:00,Synthetic Ransomware Sample,Ransomware,IP ADDRESS,192.0.2.216,Security Vendor,70,MEDIUM,61,MONITORING,2025-12-04T23:27:29+00:00,2025-12-27T23:27:29+00:00,Europe,Synthetic ransomware sample observed in demo telemetry; the sample attempts file encryption of user documents and inhibits system recovery options. ,Impact,T1486 (Data Encrypted for Impact),,,7
THR-2026-0622,2026-04-30T23:27:29+00:00,Demo Ransomware Payload Hash,Ransomware,FILE HASH,88722c263c6b4a3d49c03f7d4784626399787087fa8ae2ab961300aad3f734b2,Security Vendor,75,MEDIUM,61,NEW,2026-04-13T23:27:29+00:00,2026-04-30T23:27:29+00:00,Latin America,Synthetic indicator tentatively associated with ransomware activity in demo data. Behavioural context is not yet available. ,,,,,9
THR-2026-0623,2026-07-25T23:27:29+00:00,Demo Exfiltration Endpoint Indicator,Data Exposure,IP ADDRESS,198.51.100.36,Security Vendor,75,LOW,54,UNDER_REVIEW,2026-07-15T23:27:29+00:00,2026-07-25T23:27:29+00:00,Europe,Synthetic e-mail collection behaviour observed in demo data; mailbox export activity was simulated. ,Collection,T1114 (Email Collection),,,1
THR-2025-0761,2025-02-13T23:27:29+00:00,Synthetic Vulnerability Exposure Record,Vulnerability Exposure,CVE ID,CVE-2024-900011,Research Report,65,LOW,46,MONITORING,2025-01-17T23:27:29+00:00,2025-02-13T23:27:29+00:00,Middle East & Africa,Synthetic vulnerability-related indicator from demo asset review. Detailed context pending. ,,,CVE-2024-900011,,3
THR-2025-0762,2025-08-05T23:27:29+00:00,Synthetic Phishing Infrastructure Sighting,Phishing,URL,http://demo.invalid/invoice/view.html,Internal SOC,70,HIGH,62,NEW,2025-07-19T23:27:29+00:00,2025-08-05T23:27:29+00:00,Global,Synthetic phishing lure domain observed in demo telemetry; the domain mimics a login verification portal. Indicator is analysed as data only - never visited. ,Initial Access,T1566.002 (Phishing: Spearphishing Link),,,9
THR-2026-0624,2026-05-24T23:27:29+00:00,Demo Ransomware C2 Observation,Ransomware,URL,https://example.org/auth/check,Internal SOC,90,MEDIUM,65,UNDER_REVIEW,2026-05-19T23:27:29+00:00,2026-05-24T23:27:29+00:00,North America,Synthetic indicator tentatively associated with ransomware activity in demo data. Behavioural context is not yet available. ,,,,,5
THR-2025-0763,2025-08-31T23:27:29+00:00,Demo Brute Force Activity,Credential Theft,IP ADDRESS,203.0.113.159,Research Report,55,LOW,44,UNDER_REVIEW,2025-08-04T23:27:29+00:00,2025-08-31T23:27:29+00:00,Middle East & Africa,Synthetic indicator observed during credential-abuse monitoring in demo telemetry. Context is limited. ,,,,,6
THR-2025-0764,2025-06-24T23:27:29+00:00,Demo SQL Injection Attempt Indicator,Web Threats,IP ADDRESS,192.0.2.54,Security Vendor,55,LOW,45,MONITORING,2025-06-05T23:27:29+00:00,2025-06-24T23:27:29+00:00,Unknown,Synthetic indicator observed in web-monitoring demo data. No specific technique context available. ,,,,,4
THR-2025-0765,2025-08-04T23:27:29+00:00,Synthetic C2 Callback Observation,Network Threats,IP ADDRESS,2001:db8:4c4:::2904,Security Vendor,55,MEDIUM,50,MONITORING,2025-07-05T23:27:29+00:00,2025-08-04T23:27:29+00:00,Global,Synthetic network indicator recorded in demo telemetry. Limited contextual evidence. ,,,,,8
THR-2025-0766,2025-05-03T23:27:29+00:00,Synthetic Malware Sample Hash,Malware,URL,https://mail.billing.invalid/attachment/invoice-2026.zip.html,Public Threat Feed,40,MEDIUM,44,NEW,2025-04-26T23:27:29+00:00,2025-05-03T23:27:29+00:00,Latin America,Synthetic trojan hash sighted in demo data; associated with credential dumping behaviour in the sandbox report. ,,,,,7
THR-2026-0625,2026-04-18T23:27:29+00:00,Demo Exfiltration Endpoint Indicator,Data Exposure,IP ADDRESS,192.0.2.112,Public Threat Feed,65,HIGH,65,NEW,2026-04-13T23:27:29+00:00,2026-04-18T23:27:29+00:00,Europe,Synthetic e-mail collection behaviour observed in demo data; mailbox export activity was simulated. ,Collection,T1114 (Email Collection),,,5
THR-2026-0626,2026-10-04T23:27:29+00:00,Synthetic Exploitable Service Observation,Vulnerability Exposure,CVE ID,CVE-2025-900003,Community Submission,60,MEDIUM,60,CLOSED,2026-09-18T23:27:29+00:00,2026-10-04T23:27:29+00:00,North America,Synthetic vulnerability-related indicator from demo asset review. Detailed context pending. ,,,CVE-2025-900003,,2
THR-2025-0767,2025-12-11T23:27:29+00:00,Synthetic Backdoor Beacon Observation,Malware,URL,https://wire-transfer.demo.invalid/invoice/view.html,Public Threat Feed,50,LOW,39,CLOSED,2025-12-06T23:27:29+00:00,2025-12-11T23:27:29+00:00,Europe,Synthetic trojan hash sighted in demo data; associated with credential dumping behaviour in the sandbox report. ,,,,,3
THR-2026-0627,2026-09-06T23:27:29+00:00,Synthetic Web Injection Observation,Web Threats,IP ADDRESS,2001:db8:fc8:::9192,Unknown Source,35,CRITICAL,65,CLOSED,2026-08-13T23:27:29+00:00,2026-09-06T23:27:29+00:00,,Synthetic web attack indicator observed in demo telemetry; exploitation attempts against a public-facing application were recorded in demo logs. ,Initial Access,T1190 (Exploit Public-Facing Application),,,6
THR-2026-0628,2026-10-04T23:27:29+00:00,Synthetic Beaconing Host Indicator,Network Threats,URL,https://invoice.example.com/document.html,Security Vendor,75,MEDIUM,67,MONITORING,2026-09-30T23:27:29+00:00,2026-10-04T23:27:29+00:00,Global,Synthetic network indicator recorded in demo telemetry. Limited contextual evidence. ,,,,,5
THR-2026-0629,2026-10-01T23:27:29+00:00,Demo Phishing Campaign Indicator,Phishing,DOMAIN,service.billing.invalid,Community Submission,60,INFORMATIONAL,51,NEW,2026-09-11T23:27:29+00:00,2026-10-01T23:27:29+00:00,North America,Synthetic indicator of possible phishing relevance observed in demo telemetry. Insufficient behavioural context for further classification. ,,,,,9
THR-2025-0768,2025-05-25T23:27:29+00:00,Demo Abnormal Login Pattern Observation,Account Security,EMAIL DOMAIN,hr-notice.mail.invalid,Community Submission,40,HIGH,46,FALSE_POSITIVE,2025-05-24T23:27:29+00:00,2025-05-25T23:27:29+00:00,Asia-Pacific,Synthetic account takeover risk indicator; demo telemetry shows compromised valid accounts used from unusual locations. ,Persistence,T1136 (Create Account),,,3
THR-2026-0630,2026-08-21T23:27:29+00:00,Synthetic Fraudulent Account Creation Indicator,Account Security,IP ADDRESS,198.51.100.207,Security Vendor,80,MEDIUM,68,FALSE_POSITIVE,2026-08-10T23:27:29+00:00,2026-08-21T23:27:29+00:00,North America,Synthetic indicator from demo account-monitoring telemetry. Context is limited. ,Persistence,T1136 (Create Account),,,5
THR-2025-0769,2025-10-17T23:27:29+00:00,Synthetic Vulnerability Exposure Record,Vulnerability Exposure,CVE ID,CVE-2024-900017,Public Threat Feed,55,MEDIUM,55,NEW,2025-10-05T23:27:29+00:00,2025-10-17T23:27:29+00:00,Latin America,Synthetic vulnerability-related indicator from demo asset review. Detailed context pending. ,,,CVE-2024-900017,,6
THR-2025-0770,2025-03-10T23:27:29+00:00,Demo Ransomware C2 Observation,Ransomware,FILE HASH,e9a75f0beac90a82edd7f0aebed669ac684f1e2a,Public Threat Feed,40,LOW,38,MONITORING,2025-02-11T23:27:29+00:00,2025-03-10T23:27:29+00:00,,Synthetic ransomware indicator observed in demo data; associated with service stop behaviour prior to encryption and data extortion staging. ,Impact,T1486 (Data Encrypted for Impact),,,7
THR-2025-0771,2025-07-24T23:27:29+00:00,Demo Ransomware Payload Hash,Ransomware,IP ADDRESS,198.51.100.36,Community Submission,45,LOW,40,UNDER_REVIEW,2025-06-24T23:27:29+00:00,2025-07-24T23:27:29+00:00,Global,Synthetic ransomware indicator observed in demo data; associated with service stop behaviour prior to encryption and data extortion staging. ,Impact,T1486 (Data Encrypted for Impact),,,4
THR-2026-0631,2026-05-14T23:27:29+00:00,Synthetic Vulnerability Exposure Record,Vulnerability Exposure,CVE ID,CVE-2026-900005,Community Submission,70,MEDIUM,54,UNDER_REVIEW,2026-05-06T23:27:29+00:00,2026-05-14T23:27:29+00:00,Middle East & Africa,Synthetic vulnerability exposure record; demo asset inventory shows an unpatched public-facing service with a known exploit path. Defensive awareness only. ,Initial Access,T1190 (Exploit Public-Facing Application),CVE-2026-900005,,1
THR-2026-0632,2026-02-23T23:27:29+00:00,Synthetic Phishing Lure Domain,Phishing,URL,https://billing.invalid/password-reset/verify,Community Submission,45,HIGH,47,MONITORING,2026-01-24T23:27:29+00:00,2026-02-23T23:27:29+00:00,Middle East & Africa,Synthetic phishing lure domain observed in demo telemetry; the domain mimics a login verification portal. Indicator is analysed as data only - never visited. ,Initial Access,T1566.002 (Phishing: Spearphishing Link),,,1
THR-2026-0633,2026-01-28T23:27:29+00:00,Demo Credential Phishing Observation,Phishing,IP ADDRESS,203.0.113.215,Internal SOC,85,MEDIUM,65,UNDER_REVIEW,2026-01-06T23:27:29+00:00,2026-01-28T23:27:29+00:00,,Synthetic indicator of possible phishing relevance observed in demo telemetry. Insufficient behavioural context for further classification. ,,,,,5
THR-2025-0772,2025-07-25T23:27:29+00:00,Synthetic Exploitable Service Observation,Vulnerability Exposure,CVE ID,CVE-2026-900027,Internal SOC,70,MEDIUM,56,MONITORING,2025-07-23T23:27:29+00:00,2025-07-25T23:27:29+00:00,North America,Synthetic vulnerability-related indicator from demo asset review. Detailed context pending. ,,,CVE-2026-900027,,4
THR-2025-0773,2025-06-27T23:27:29+00:00,Synthetic Beaconing Host Indicator,Network Threats,IP ADDRESS,192.0.2.86,Community Submission,35,LOW,29,NEW,2025-06-01T23:27:29+00:00,2025-06-27T23:27:29+00:00,Middle East & Africa,Synthetic scanning behaviour observed in demo data; network service scan attempts were logged from this address. ,Discovery,T1046 (Network Service Discovery),,,1
THR-2025-0774,2025-11-16T23:27:29+00:00,Synthetic Backdoor Beacon Observation,Malware,IP ADDRESS,192.0.2.92,Security Vendor,65,LOW,50,CLOSED,2025-10-25T23:27:29+00:00,2025-11-16T23:27:29+00:00,Unknown,Synthetic trojan hash sighted in demo data; associated with credential dumping behaviour in the sandbox report. ,,,,,8
THR-2025-0775,2025-03-02T23:27:29+00:00,Demo SQL Injection Attempt Indicator,Web Threats,IP ADDRESS,198.51.100.97,Security Vendor,50,HIGH,47,MONITORING,2025-02-25T23:27:29+00:00,2025-03-02T23:27:29+00:00,Europe,Synthetic indicator observed in web-monitoring demo data. No specific technique context available. ,,,,,1
THR-2025-0776,2025-05-13T23:27:29+00:00,Demo Unpatched Service Indicator,Vulnerability Exposure,CVE ID,CVE-2026-900011,Public Threat Feed,50,LOW,45,NEW,2025-04-29T23:27:29+00:00,2025-05-13T23:27:29+00:00,Unknown,Synthetic vulnerability-related indicator from demo asset review. Detailed context pending. ,,,CVE-2026-900011,,9
THR-2025-0777,2025-02-05T23:27:29+00:00,Demo Vishing Campaign Indicator,Social Engineering,URL,https://account.mail.invalid/auth/check,Research Report,55,HIGH,56,CLOSED,2025-01-21T23:27:29+00:00,2025-02-05T23:27:29+00:00,Latin America,Synthetic indicator reported through the demo social-engineering reporting channel. Context is limited. ,,,,,9
THR-2025-0778,2025-08-01T23:27:29+00:00,Demo Port Scan Activity Indicator,Network Threats,IP ADDRESS,198.51.100.39,Community Submission,40,LOW,34,NEW,2025-07-27T23:27:29+00:00,2025-08-01T23:27:29+00:00,Global,Synthetic network indicator recorded in demo telemetry. Limited contextual evidence. ,,,,,3
THR-2025-0779,2025-02-19T23:27:29+00:00,Demo Tor Proxy Exit Observation,Network Threats,IP ADDRESS,198.51.100.220,Community Submission,45,MEDIUM,50,MONITORING,2025-01-23T23:27:29+00:00,2025-02-19T23:27:29+00:00,Europe,Synthetic command-and-control channel observed in demo telemetry; host beacon traffic to a C2 endpoint was recorded. ,Command and Control,T1071 (Application Layer Protocol),,,9
THR-2025-0780,2025-10-08T23:27:29+00:00,Demo Unpatched Service Indicator,Vulnerability Exposure,CVE ID,CVE-2025-900022,Community Submission,50,HIGH,56,CLOSED,2025-09-25T23:27:29+00:00,2025-10-08T23:27:29+00:00,Unknown,Synthetic vulnerability-related indicator from demo asset review. Detailed context pending. ,,,CVE-2025-900022,,9
THR-2026-0634,2026-09-09T23:27:29+00:00,Synthetic Phishing Infrastructure Sighting,Phishing,URL,http://verify.example.net/update-password,Research Report,75,HIGH,72,NEW,2026-08-31T23:27:29+00:00,2026-09-09T23:27:29+00:00,,Synthetic e-mail attachment campaign observed in demo telemetry distributing phishing documents with credential harvest links. ,Initial Access,T1566.002 (Phishing: Spearphishing Link),,,7
THR-2024-0132,2024-12-25T23:27:29+00:00,Demo Tor Proxy Exit Observation,Network Threats,URL,https://invoice.login.invalid/portal/verify,Community Submission,40,HIGH,46,MONITORING,2024-12-04T23:27:29+00:00,2024-12-25T23:27:29+00:00,Unknown,Synthetic command-and-control channel observed in demo telemetry; host beacon traffic to a C2 endpoint was recorded. ,Command and Control,T1071 (Application Layer Protocol),,,3
THR-2026-0635,2026-05-07T23:27:29+00:00,Synthetic Web Injection Observation,Web Threats,IP ADDRESS,198.51.100.234,Public Threat Feed,60,MEDIUM,50,MONITORING,2026-04-16T23:27:29+00:00,2026-05-07T23:27:29+00:00,North America,Synthetic drive-by domain observed in demo data; client browser exploitation behaviour was simulated. ,Initial Access,T1190 (Exploit Public-Facing Application),,,3
THR-2025-0781,2025-05-09T23:27:29+00:00,Synthetic Phishing Lure Domain,Phishing,FILE HASH,6f4ba054cb9aa9a075eefe9e3e5c0951e137b3414aacbafbe3ac8f1620610274,Security Vendor,55,HIGH,56,CLOSED,2025-05-05T23:27:29+00:00,2025-05-09T23:27:29+00:00,,Synthetic phishing lure domain observed in demo telemetry; the domain mimics a login verification portal. Indicator is analysed as data only - never visited. ,Initial Access,T1566.002 (Phishing: Spearphishing Link),,,6
THR-2026-0636,2026-07-06T23:27:29+00:00,Synthetic Impersonation Attempt,Social Engineering,DOMAIN,cloud-backup.auth.invalid,Security Vendor,75,HIGH,65,MONITORING,2026-06-15T23:27:29+00:00,2026-07-06T23:27:29+00:00,Unknown,Synthetic voice-phishing (vishing) attempt observed in demo telemetry; impersonation of the IT helpdesk was reported. ,Initial Access,T1566.003 (Phishing: Spearphishing Voice),,,3
THR-2025-0782,2025-09-10T23:27:29+00:00,Demo Ransomware C2 Observation,Ransomware,IP ADDRESS,192.0.2.26,Security Vendor,65,LOW,46,MONITORING,2025-08-21T23:27:29+00:00,2025-09-10T23:27:29+00:00,North America,Synthetic ransomware indicator observed in demo data; associated with service stop behaviour prior to encryption and data extortion staging. ,Impact,T1486 (Data Encrypted for Impact),,,3
THR-2025-0783,2025-01-16T23:27:29+00:00,Synthetic Malware Sample Hash,Malware,IP ADDRESS,198.51.100.169,Security Vendor,55,MEDIUM,50,MONITORING,2025-01-14T23:27:29+00:00,2025-01-16T23:27:29+00:00,North America,"Synthetic hash observed in demo telemetry. No behavioural report is available, so classification remains general. ",,,,,6
THR-2025-0784,2025-06-11T23:27:29+00:00,Synthetic Public Leak Domain Sighting,Data Exposure,IP ADDRESS,192.0.2.217,Community Submission,35,MEDIUM,35,UNDER_REVIEW,2025-06-03T23:27:29+00:00,2025-06-11T23:27:29+00:00,Asia-Pacific,Synthetic exfiltration observation in demo telemetry; large outbound transfer attempts to an external endpoint were recorded. ,Exfiltration,T1048 (Exfiltration Over Alternative Protocol),,,1
THR-2025-0785,2025-11-07T23:27:29+00:00,Synthetic Fraudulent Account Creation Indicator,Account Security,IP ADDRESS,192.0.2.40,Internal SOC,75,INFORMATIONAL,46,MONITORING,2025-10-23T23:27:29+00:00,2025-11-07T23:27:29+00:00,Asia-Pacific,Synthetic account takeover risk indicator; demo telemetry shows compromised valid accounts used from unusual locations. ,Persistence,T1136 (Create Account),,,2
THR-2026-0637,2026-05-14T23:27:29+00:00,Demo Unpatched Service Indicator,Vulnerability Exposure,URL,http://login.invalid/secure-update/payment,Internal SOC,85,HIGH,64,CLOSED,2026-04-24T23:27:29+00:00,2026-05-14T23:27:29+00:00,Global,Synthetic exploitable service observation; demo scanning metadata indicates exposure requiring patch review. ,Initial Access,T1190 (Exploit Public-Facing Application),CVE-2025-900003,,1
THR-2025-0786,2025-04-08T23:27:29+00:00,Synthetic Phishing Infrastructure Sighting,Phishing,URL,http://billing.invalid/team/share,Security Vendor,50,CRITICAL,54,UNDER_REVIEW,2025-03-19T23:27:29+00:00,2025-04-08T23:27:29+00:00,Unknown,Synthetic credential-phishing URL observed sending users to a fake account verification page in demo logs. ,Initial Access,T1566.002 (Phishing: Spearphishing Link),,,1
THR-2026-0638,2026-07-28T23:27:29+00:00,Demo Tor Proxy Exit Observation,Network Threats,URL,https://support.auth.invalid/account/confirm,Security Vendor,75,MEDIUM,61,MONITORING,2026-07-05T23:27:29+00:00,2026-07-28T23:27:29+00:00,Middle East & Africa,Synthetic network indicator recorded in demo telemetry. Limited contextual evidence. ,,,,,4
THR-2025-0787,2025-03-23T23:27:29+00:00,Demo Tor Proxy Exit Observation,Network Threats,IP ADDRESS,192.0.2.135,Public Threat Feed,40,HIGH,50,MONITORING,2025-03-11T23:27:29+00:00,2025-03-23T23:27:29+00:00,Latin America,Synthetic scanning behaviour observed in demo data; network service scan attempts were logged from this address. ,Discovery,T1046 (Network Service Discovery),,,6
THR-2025-0788,2025-06-06T23:27:29+00:00,Demo Brute Force Activity,Credential Theft,IP ADDRESS,198.51.100.238,Research Report,60,LOW,44,MONITORING,2025-05-18T23:27:29+00:00,2025-06-06T23:27:29+00:00,Middle East & Africa,Synthetic indicator observed during credential-abuse monitoring in demo telemetry. Context is limited. ,,,,,3
THR-2025-0789,2025-11-08T23:27:29+00:00,Synthetic Vulnerability Exposure Record,Vulnerability Exposure,CVE ID,CVE-2024-900010,Internal SOC,85,HIGH,71,NEW,2025-10-09T23:27:29+00:00,2025-11-08T23:27:29+00:00,Asia-Pacific,Synthetic vulnerability-related indicator from demo asset review. Detailed context pending. ,,,CVE-2024-900010,,5
THR-2025-0790,2025-08-28T23:27:29+00:00,Synthetic Impersonation Attempt,Social Engineering,IP ADDRESS,203.0.113.157,Unknown Source,15,MEDIUM,31,MONITORING,2025-08-26T23:27:29+00:00,2025-08-28T23:27:29+00:00,Latin America,Synthetic voice-phishing (vishing) attempt observed in demo telemetry; impersonation of the IT helpdesk was reported. ,Initial Access,T1566.003 (Phishing: Spearphishing Voice),,,3
THR-2025-0791,2025-11-29T23:27:29+00:00,Synthetic Phishing Infrastructure Sighting,Phishing,URL,https://login.billing.invalid/auth/check,Unknown Source,25,HIGH,46,NEW,2025-11-08T23:27:29+00:00,2025-11-29T23:27:29+00:00,Europe,Synthetic indicator of possible phishing relevance observed in demo telemetry. Insufficient behavioural context for further classification. ,,,,,5
THR-2024-0133,2025-01-27T23:27:29+00:00,Synthetic Ransomware Note Indicator,Ransomware,FILE HASH,4dd98e4aa74b0724530c26af5b676f64f795075b8f9c913edddb86ae5f9493a4,Security Vendor,55,LOW,42,MONITORING,2024-12-28T23:27:29+00:00,2025-01-27T23:27:29+00:00,Unknown,Synthetic indicator tentatively associated with ransomware activity in demo data. Behavioural context is not yet available. ,,,,,5
THR-2025-0792,2025-04-12T23:27:29+00:00,Demo Malware Distribution Observation,Malware,FILE HASH,9ba15075ef6862e3d72d09c915893c016577575f40187b8b34a762fd41c9b4eb,Internal SOC,65,MEDIUM,48,FALSE_POSITIVE,2025-03-31T23:27:29+00:00,2025-04-12T23:27:29+00:00,,"Synthetic hash observed in demo telemetry. No behavioural report is available, so classification remains general. ",,,,,2
THR-2025-0793,2025-11-16T23:27:29+00:00,Demo Phishing Campaign Indicator,Phishing,URL,http://hr-notice.login.invalid/invoice/view.html,Public Threat Feed,50,LOW,39,MONITORING,2025-10-22T23:27:29+00:00,2025-11-16T23:27:29+00:00,Asia-Pacific,Synthetic indicator of possible phishing relevance observed in demo telemetry. Insufficient behavioural context for further classification. ,,,,,3
THR-2025-0794,2025-11-25T23:27:29+00:00,Synthetic Backdoor Beacon Observation,Malware,FILE HASH,12ef128eb49986d896d1f0c5a5415953bee503ece6ed57b23715fea5bab2f313,Community Submission,50,LOW,39,CLOSED,2025-11-11T23:27:29+00:00,2025-11-25T23:27:29+00:00,Middle East & Africa,Synthetic trojan hash sighted in demo data; associated with credential dumping behaviour in the sandbox report. ,,,CVE-2025-900025,,3
THR-2025-0795,2025-06-28T23:27:29+00:00,Synthetic Trojan Hash Indicator,Malware,FILE HASH,317f6e9f63b8b58f7e3b740eafe3ec0110ad1b9c18375ee60cc3c85d3507788d,Community Submission,40,MEDIUM,44,NEW,2025-06-15T23:27:29+00:00,2025-06-28T23:27:29+00:00,,Synthetic trojan hash sighted in demo data; associated with credential dumping behaviour in the sandbox report. ,,,,,6
THR-2025-0796,2025-09-22T23:27:29+00:00,Demo Password Spray Observation,Credential Theft,IP ADDRESS,203.0.113.168,Community Submission,55,INFORMATIONAL,40,MONITORING,2025-08-23T23:27:29+00:00,2025-09-22T23:27:29+00:00,Asia-Pacific,Synthetic credential stuffing activity observed in demo telemetry; high volume of brute force attempts against login endpoints from shared infrastructure. ,Credential Access,T1110 (Brute Force),,,7
THR-2026-0639,2026-03-22T23:27:29+00:00,Synthetic Fake Portal Domain,Phishing,URL,http://auth.invalid/verify-account.html,Community Submission,50,MEDIUM,50,NEW,2026-03-07T23:27:29+00:00,2026-03-22T23:27:29+00:00,Unknown,Synthetic e-mail attachment campaign observed in demo telemetry distributing phishing documents with credential harvest links. ,Initial Access,T1566.002 (Phishing: Spearphishing Link),,,7
THR-2026-0640,2026-10-04T23:27:29+00:00,Synthetic CEO Fraud Domain,Social Engineering,FILE HASH,ebfcfac5e01d997bd278f8f6c95c42f1,Internal SOC,90,HIGH,80,FALSE_POSITIVE,2026-09-25T23:27:29+00:00,2026-10-04T23:27:29+00:00,Asia-Pacific,Synthetic voice-phishing (vishing) attempt observed in demo telemetry; impersonation of the IT helpdesk was reported. ,Initial Access,T1566.003 (Phishing: Spearphishing Voice),,,6
THR-2026-0641,2026-02-01T23:27:29+00:00,Demo Malware Distribution Observation,Malware,IP ADDRESS,198.51.100.133,Research Report,70,MEDIUM,61,MONITORING,2026-01-28T23:27:29+00:00,2026-02-01T23:27:29+00:00,Latin America,Synthetic trojan hash sighted in demo data; associated with credential dumping behaviour in the sandbox report. ,,,,,8
THR-2026-0642,2026-08-04T23:27:29+00:00,Synthetic Credential Harvester Sighting,Credential Theft,IP ADDRESS,198.51.100.141,Research Report,75,HIGH,70,UNDER_REVIEW,2026-07-12T23:27:29+00:00,2026-08-04T23:27:29+00:00,Latin America,Synthetic indicator observed during credential-abuse monitoring in demo telemetry. Context is limited. ,,,,,8
THR-2025-0797,2025-11-26T23:27:29+00:00,Synthetic Phishing Lure Domain,Phishing,URL,https://service.updates.invalid/password-reset/verify,Public Threat Feed,45,MEDIUM,42,MONITORING,2025-10-29T23:27:29+00:00,2025-11-26T23:27:29+00:00,Global,Synthetic indicator of possible phishing relevance observed in demo telemetry. Insufficient behavioural context for further classification. ,,,,,2
THR-2025-0798,2025-08-09T23:27:29+00:00,Demo Phishing Campaign Indicator,Phishing,FILE HASH,70feff86601264d80879bc2d4e8349fc9a897ed6750e40ff43d90a24a3c10d05,Security Vendor,55,MEDIUM,50,CLOSED,2025-08-03T23:27:29+00:00,2025-08-09T23:27:29+00:00,North America,Synthetic e-mail attachment campaign observed in demo telemetry distributing phishing documents with credential harvest links. ,Initial Access,T1566.002 (Phishing: Spearphishing Link),,,8
THR-2026-0643,2026-07-30T23:27:29+00:00,Demo Brute Force Activity,Credential Theft,URL,https://mail.invalid/team/share,Security Vendor,75,INFORMATIONAL,52,MONITORING,2026-07-24T23:27:29+00:00,2026-07-30T23:27:29+00:00,Global,Synthetic credential-harvesting page observed in demo telemetry; the page mimics a password store sign-in form. ,Credential Access,T1555 (Credentials from Password Stores),,,9
THR-2026-0644,2026-07-08T23:27:29+00:00,Synthetic Phishing Lure Domain,Phishing,FILE HASH,70af5a2c0aa90d7409396a87e1b9747f6437d905,Public Threat Feed,60,LOW,52,MONITORING,2026-06-11T23:27:29+00:00,2026-07-08T23:27:29+00:00,,Synthetic indicator of possible phishing relevance observed in demo telemetry. Insufficient behavioural context for further classification. ,,,,,6
THR-2026-0645,2026-05-04T23:27:29+00:00,Synthetic Loader Hash Sighting,Malware,IP ADDRESS,192.0.2.239,Community Submission,60,HIGH,56,UNDER_REVIEW,2026-04-26T23:27:29+00:00,2026-05-04T23:27:29+00:00,North America,Synthetic malware hash observed in demo telemetry; sample behaves as a downloader that executes an obfuscated payload and establishes C2 callback traffic. ,Execution,T1204.002 (User Execution: Malicious File),,,3
THR-2025-0799,2025-08-07T23:27:29+00:00,Demo Exfiltration Endpoint Indicator,Data Exposure,URL,https://mail.example.com/update-password,Public Threat Feed,40,HIGH,46,CLOSED,2025-07-30T23:27:29+00:00,2025-08-07T23:27:29+00:00,Asia-Pacific,Synthetic indicator associated with possible data-exposure monitoring in demo data. Context is limited. ,,,,,3
THR-2026-0646,2026-05-07T23:27:29+00:00,Demo Phishing Campaign Indicator,Phishing,FILE HASH,e01929d1467fd970fef892881c308bc011866d9f51b465f442ae9dd42624ab4b,Community Submission,55,MEDIUM,46,UNDER_REVIEW,2026-04-21T23:27:29+00:00,2026-05-07T23:27:29+00:00,Europe,Synthetic indicator of possible phishing relevance observed in demo telemetry. Insufficient behavioural context for further classification. ,,,,,1
THR-2025-0800,2025-11-29T23:27:29+00:00,Synthetic Ransomware Sample,Ransomware,FILE HASH,bfb04909dcf215c65231dede0a9a3c8dee1d76dd7e03286821e0e114126d14d8,Security Vendor,65,MEDIUM,52,UNDER_REVIEW,2025-11-28T23:27:29+00:00,2025-11-29T23:27:29+00:00,Global,Synthetic ransomware indicator observed in demo data; associated with service stop behaviour prior to encryption and data extortion staging. ,Impact,T1486 (Data Encrypted for Impact),,,4
THR-2025-0801,2025-08-14T23:27:29+00:00,Synthetic Phishing Infrastructure Sighting,Phishing,IP ADDRESS,203.0.113.150,Internal SOC,70,LOW,48,NEW,2025-07-22T23:27:29+00:00,2025-08-14T23:27:29+00:00,,Synthetic credential-phishing URL observed sending users to a fake account verification page in demo logs. ,Initial Access,T1566.002 (Phishing: Spearphishing Link),,,2
THR-2026-0647,2026-08-28T23:27:29+00:00,Synthetic Loader Hash Sighting,Malware,IP ADDRESS,192.0.2.136,Security Vendor,75,MEDIUM,62,UNDER_REVIEW,2026-08-21T23:27:29+00:00,2026-08-28T23:27:29+00:00,Asia-Pacific,Synthetic trojan hash sighted in demo data; associated with credential dumping behaviour in the sandbox report. ,,,,,2
THR-2026-0648,2026-04-21T23:27:29+00:00,Synthetic Exploit Kit Domain,Web Threats,IP ADDRESS,2001:db8:10e:::6413,Public Threat Feed,55,HIGH,52,UNDER_REVIEW,2026-04-10T23:27:29+00:00,2026-04-21T23:27:29+00:00,Middle East & Africa,Synthetic indicator observed in web-monitoring demo data. No specific technique context available. ,,,,,1
THR-2024-0134,2025-01-05T23:27:29+00:00,Demo Credential Phishing Observation,Phishing,FILE HASH,73814c9fb7ea970644654fa91583bfd1,Security Vendor,55,MEDIUM,50,CLOSED,2024-12-26T23:27:29+00:00,2025-01-05T23:27:29+00:00,Asia-Pacific,Synthetic indicator of possible phishing relevance observed in demo telemetry. Insufficient behavioural context for further classification. ,,,,,7
THR-2026-0649,2026-09-16T23:27:29+00:00,Demo Password Spray Observation,Credential Theft,URL,https://login.invalid/update-password,Security Vendor,75,HIGH,72,NEW,2026-09-09T23:27:29+00:00,2026-09-16T23:27:29+00:00,North America,Synthetic credential-harvesting page observed in demo telemetry; the page mimics a password store sign-in form. ,Credential Access,T1555 (Credentials from Password Stores),,,7
THR-2026-0650,2026-02-21T23:27:29+00:00,Synthetic Malware Sample Hash,Malware,FILE HASH,0de09b69bd941cbd7a1314fad5cb30d903b1857a6090affcf3a1eed0d6708568,Public Threat Feed,50,HIGH,56,NEW,2026-01-25T23:27:29+00:00,2026-02-21T23:27:29+00:00,,Synthetic malware hash observed in demo telemetry; sample behaves as a downloader that executes an obfuscated payload and establishes C2 callback traffic. ,Execution,T1204.002 (User Execution: Malicious File),,,7
THR-2026-0651,2026-04-19T23:27:29+00:00,Synthetic Lookalike Domain Alert,Phishing,URL,http://invoice.demo.invalid/secure-update/payment,Security Vendor,70,HIGH,58,MONITORING,2026-03-22T23:27:29+00:00,2026-04-19T23:27:29+00:00,Latin America,Synthetic indicator of possible phishing relevance observed in demo telemetry. Insufficient behavioural context for further classification. ,,,,,1
THR-2025-0802,2025-06-15T23:27:29+00:00,Synthetic Ransomware Sample,Ransomware,FILE HASH,4fd70997501c9fb957012b1c31081b5b3d212196c44fca5712c9631f5c483da9,Research Report,55,CRITICAL,63,MONITORING,2025-05-29T23:27:29+00:00,2025-06-15T23:27:29+00:00,Europe,Synthetic ransomware indicator observed in demo data; associated with service stop behaviour prior to encryption and data extortion staging. ,Impact,T1486 (Data Encrypted for Impact),,,9
THR-2025-0803,2025-05-31T23:27:29+00:00,Synthetic Phishing Lure Domain,Phishing,FILE HASH,21c2a9fe7592d1825c415e43240e4e4a6052a3c43c6c097e2586fb67e9521fa7,Security Vendor,55,CRITICAL,62,MONITORING,2025-05-03T23:27:29+00:00,2025-05-31T23:27:29+00:00,Global,Synthetic indicator of possible phishing relevance observed in demo telemetry. Insufficient behavioural context for further classification. ,,,,,6
THR-2025-0804,2025-05-07T23:27:29+00:00,Synthetic Ransomware Sample,Ransomware,IP ADDRESS,198.51.100.172,Internal SOC,80,MEDIUM,62,MONITORING,2025-04-13T23:27:29+00:00,2025-05-07T23:27:29+00:00,Asia-Pacific,Synthetic indicator tentatively associated with ransomware activity in demo data. Behavioural context is not yet available. ,,,,,8
THR-2025-0805,2025-07-06T23:27:29+00:00,Demo Vishing Campaign Indicator,Social Engineering,FILE HASH,d032236687dd36f108dc485f1733093e,Security Vendor,55,HIGH,51,CLOSED,2025-06-22T23:27:29+00:00,2025-07-06T23:27:29+00:00,Latin America,Synthetic voice-phishing (vishing) attempt observed in demo telemetry; impersonation of the IT helpdesk was reported. ,Initial Access,T1566.003 (Phishing: Spearphishing Voice),,,3
THR-2025-0806,2025-12-14T23:27:29+00:00,Synthetic Lookalike Domain Alert,Phishing,URL,https://hr-notice.example.com/verify-account.html,Public Threat Feed,45,LOW,35,CLOSED,2025-11-17T23:27:29+00:00,2025-12-14T23:27:29+00:00,Middle East & Africa,Synthetic indicator of possible phishing relevance observed in demo telemetry. Insufficient behavioural context for further classification. ,,,,,1
THR-2026-0652,2026-10-04T23:27:29+00:00,Demo Ransomware C2 Observation,Ransomware,FILE HASH,594d554ab62ff18f8a937eda717f1297f302936700b50a0fa86e81554299bf65,Research Report,70,HIGH,67,NEW,2026-10-02T23:27:29+00:00,2026-10-04T23:27:29+00:00,Global,Synthetic indicator tentatively associated with ransomware activity in demo data. Behavioural context is not yet available. ,,,,,2
THR-2026-0653,2026-02-02T23:27:29+00:00,Synthetic Credential Harvester Sighting,Credential Theft,IP ADDRESS,198.51.100.82,Community Submission,55,HIGH,58,NEW,2026-01-25T23:27:29+00:00,2026-02-02T23:27:29+00:00,Global,Synthetic indicator observed during credential-abuse monitoring in demo telemetry. Context is limited. ,,,,,4
THR-2025-0807,2025-08-30T23:27:29+00:00,Synthetic Credential Stuffing Observation,Credential Theft,IP ADDRESS,203.0.113.104,Security Vendor,55,INFORMATIONAL,42,NEW,2025-08-07T23:27:29+00:00,2025-08-30T23:27:29+00:00,,Synthetic credential-harvesting page observed in demo telemetry; the page mimics a password store sign-in form. ,Credential Access,T1555 (Credentials from Password Stores),,,8
THR-2025-0808,2025-04-25T23:27:29+00:00,Synthetic CEO Fraud Domain,Social Engineering,FILE HASH,a4a5b04ba372852b14928b4ca3fae562d7c7fe0243fa1d532965660c220faa32,Internal SOC,70,LOW,50,CLOSED,2025-04-20T23:27:29+00:00,2025-04-25T23:27:29+00:00,Unknown,Synthetic voice-phishing (vishing) attempt observed in demo telemetry; impersonation of the IT helpdesk was reported. ,Initial Access,T1566.003 (Phishing: Spearphishing Voice),,,6
THR-2026-0654,2026-07-12T23:27:29+00:00,Demo Unpatched Service Indicator,Vulnerability Exposure,CVE ID,CVE-2024-900015,Security Vendor,75,MEDIUM,64,NEW,2026-06-24T23:27:29+00:00,2026-07-12T23:27:29+00:00,Global,Synthetic vulnerability-related indicator from demo asset review. Detailed context pending. ,,,CVE-2024-900015,,9
THR-2026-0655,2026-03-27T23:27:29+00:00,Demo Vishing Campaign Indicator,Social Engineering,URL,http://portal.portal.invalid/portal/verify,Security Vendor,65,MEDIUM,55,MONITORING,2026-03-01T23:27:29+00:00,2026-03-27T23:27:29+00:00,,Synthetic SMiShing campaign indicator observed in demo data; messages impersonate a delivery service with a QR code lure. ,Initial Access,T1566.003 (Phishing: Spearphishing Voice),,,6
THR-2025-0809,2025-10-07T23:27:29+00:00,Demo Credential Phishing Observation,Phishing,DOMAIN,team-share.example.net,Community Submission,45,CRITICAL,53,MONITORING,2025-09-29T23:27:29+00:00,2025-10-07T23:27:29+00:00,Asia-Pacific,Synthetic credential-phishing URL observed sending users to a fake account verification page in demo logs. ,Initial Access,T1566.002 (Phishing: Spearphishing Link),,,1
THR-2025-0810,2025-06-03T23:27:29+00:00,Demo Unpatched Service Indicator,Vulnerability Exposure,URL,https://notify.support.invalid/login,Security Vendor,55,CRITICAL,58,MONITORING,2025-06-02T23:27:29+00:00,2025-06-03T23:27:29+00:00,Europe,Synthetic exploitable service observation; demo scanning metadata indicates exposure requiring patch review. ,Initial Access,T1190 (Exploit Public-Facing Application),CVE-2026-900006,,3
THR-2025-0811,2025-05-21T23:27:29+00:00,Demo Tor Proxy Exit Observation,Network Threats,IP ADDRESS,192.0.2.172,Community Submission,40,LOW,38,CLOSED,2025-05-01T23:27:29+00:00,2025-05-21T23:27:29+00:00,North America,Synthetic network indicator recorded in demo telemetry. Limited contextual evidence. ,,,,,6
THR-2025-0812,2025-05-30T23:27:29+00:00,Synthetic Malware Sample Hash,Malware,IP ADDRESS,198.51.100.63,Public Threat Feed,40,INFORMATIONAL,28,CLOSED,2025-05-11T23:27:29+00:00,2025-05-30T23:27:29+00:00,Global,Synthetic trojan hash sighted in demo data; associated with credential dumping behaviour in the sandbox report. ,,,,,3
THR-2025-0813,2025-11-02T23:27:29+00:00,Synthetic Backdoor Beacon Observation,Malware,FILE HASH,ecd098ef645fe673d45cd5f3cb460927,Unknown Source,20,HIGH,40,CLOSED,2025-10-30T23:27:29+00:00,2025-11-02T23:27:29+00:00,Middle East & Africa,Synthetic trojan hash sighted in demo data; associated with credential dumping behaviour in the sandbox report. ,,,,,2
THR-2025-0814,2025-02-05T23:27:29+00:00,Synthetic Phishing Lure Domain,Phishing,URL,http://helpdesk.auth.invalid/update-password,Internal SOC,70,MEDIUM,56,MONITORING,2025-01-16T23:27:29+00:00,2025-02-05T23:27:29+00:00,Latin America,Synthetic credential-phishing URL observed sending users to a fake account verification page in demo logs. ,Initial Access,T1566.002 (Phishing: Spearphishing Link),,,6
THR-2025-0815,2025-02-18T23:27:29+00:00,Synthetic Data Leak Observation,Data Exposure,URL,http://billing.invalid/portal/verify,Public Threat Feed,35,LOW,29,UNDER_REVIEW,2025-01-26T23:27:29+00:00,2025-02-18T23:27:29+00:00,Global,Synthetic indicator associated with possible data-exposure monitoring in demo data. Context is limited. ,,,,,1
THR-2025-0816,2025-09-10T23:27:29+00:00,Demo Unpatched Service Indicator,Vulnerability Exposure,CVE ID,CVE-2024-900017,Security Vendor,60,CRITICAL,68,FALSE_POSITIVE,2025-08-17T23:27:29+00:00,2025-09-10T23:27:29+00:00,North America,Synthetic vulnerability exposure record; demo asset inventory shows an unpatched public-facing service with a known exploit path. Defensive awareness only. ,Initial Access,T1190 (Exploit Public-Facing Application),CVE-2024-900017,,6
THR-2024-0135,2024-12-31T23:27:29+00:00,Synthetic Public Leak Domain Sighting,Data Exposure,IP ADDRESS,192.0.2.16,Security Vendor,55,MEDIUM,50,UNDER_REVIEW,2024-12-06T23:27:29+00:00,2024-12-31T23:27:29+00:00,Asia-Pacific,Synthetic exfiltration observation in demo telemetry; large outbound transfer attempts to an external endpoint were recorded. ,Exfiltration,T1048 (Exfiltration Over Alternative Protocol),,,7
THR-2025-0817,2025-12-05T23:27:29+00:00,Demo SQL Injection Attempt Indicator,Web Threats,IP ADDRESS,203.0.113.16,Internal SOC,75,CRITICAL,66,MONITORING,2025-11-21T23:27:29+00:00,2025-12-05T23:27:29+00:00,Global,Synthetic indicator observed in web-monitoring demo data. No specific technique context available. ,,,,,2
THR-2025-0818,2025-11-28T23:27:29+00:00,Synthetic Vulnerability Exposure Record,Vulnerability Exposure,CVE ID,CVE-2026-900030,Public Threat Feed,60,LOW,46,MONITORING,2025-11-17T23:27:29+00:00,2025-11-28T23:27:29+00:00,Latin America,Synthetic vulnerability-related indicator from demo asset review. Detailed context pending. ,,,CVE-2026-900030,,3
THR-2025-0819,2025-11-05T23:27:29+00:00,Synthetic Ransomware Sample,Ransomware,FILE HASH,2a438377a50c5e8d6150679bc336e12e,Unknown Source,20,HIGH,38,CLOSED,2025-10-20T23:27:29+00:00,2025-11-05T23:27:29+00:00,North America,Synthetic ransomware indicator observed in demo data; associated with service stop behaviour prior to encryption and data extortion staging. ,Impact,T1486 (Data Encrypted for Impact),,,1
THR-2026-0656,2026-03-21T23:27:29+00:00,Demo Malware Distribution Observation,Malware,IP ADDRESS,192.0.2.23,Security Vendor,65,LOW,50,MONITORING,2026-03-16T23:27:29+00:00,2026-03-21T23:27:29+00:00,North America,Synthetic malware hash observed in demo telemetry; sample behaves as a downloader that executes an obfuscated payload and establishes C2 callback traffic. ,Execution,T1204.002 (User Execution: Malicious File),,,7
THR-2025-0820,2025-10-15T23:27:29+00:00,Demo SMiShing Sender Observation,Social Engineering,IP ADDRESS,203.0.113.75,Security Vendor,60,HIGH,54,NEW,2025-10-02T23:27:29+00:00,2025-10-15T23:27:29+00:00,Asia-Pacific,Synthetic indicator reported through the demo social-engineering reporting channel. Context is limited. ,,,,,2
THR-2025-0821,2025-11-07T23:27:29+00:00,Synthetic Credential Stuffing Observation,Credential Theft,IP ADDRESS,198.51.100.203,Research Report,65,CRITICAL,67,UNDER_REVIEW,2025-10-31T23:27:29+00:00,2025-11-07T23:27:29+00:00,Unknown,Synthetic indicator observed during credential-abuse monitoring in demo telemetry. Context is limited. ,,,,,3
THR-2026-0657,2026-04-07T23:27:29+00:00,Demo SMiShing Sender Observation,Social Engineering,DOMAIN,support.example.com,Community Submission,60,CRITICAL,66,FALSE_POSITIVE,2026-03-25T23:27:29+00:00,2026-04-07T23:27:29+00:00,Global,Synthetic indicator reported through the demo social-engineering reporting channel. Context is limited. ,,,,,5
THR-2024-0136,2024-12-31T23:27:29+00:00,Synthetic Fake Portal Domain,Phishing,IP ADDRESS,198.51.100.174,Public Threat Feed,40,LOW,36,NEW,2024-12-12T23:27:29+00:00,2024-12-31T23:27:29+00:00,Latin America,Synthetic indicator of possible phishing relevance observed in demo telemetry. Insufficient behavioural context for further classification. ,,,,,2
THR-2025-0822,2026-01-08T23:27:29+00:00,Synthetic Lookalike Domain Alert,Phishing,FILE HASH,d900e6e721825b224f0b94d6389221724aaff8fa8b4b2115452fcc89dbe0aca7,Security Vendor,60,MEDIUM,46,NEW,2025-12-10T23:27:29+00:00,2026-01-08T23:27:29+00:00,Asia-Pacific,Synthetic credential-phishing URL observed sending users to a fake account verification page in demo logs. ,Initial Access,T1566.002 (Phishing: Spearphishing Link),,,1
THR-2025-0823,2025-09-15T23:27:29+00:00,Synthetic Loader Hash Sighting,Malware,FILE HASH,d2fc3f4f4b95e48853f2033ece3e5bf6,Security Vendor,50,LOW,35,FALSE_POSITIVE,2025-08-25T23:27:29+00:00,2025-09-15T23:27:29+00:00,Global,"Synthetic hash observed in demo telemetry. No behavioural report is available, so classification remains general. ",,,,,1
THR-2026-0658,2026-10-01T23:27:29+00:00,Synthetic Backdoor Beacon Observation,Malware,FILE HASH,31870ef885bb131c596fd65afc59f6953c58cb04c44d4f8a9424e6ecb4db4215,Security Vendor,70,INFORMATIONAL,48,MONITORING,2026-09-27T23:27:29+00:00,2026-10-01T23:27:29+00:00,,Synthetic trojan hash sighted in demo data; associated with credential dumping behaviour in the sandbox report. ,,,,,1
THR-2024-0137,2025-01-25T23:27:29+00:00,Synthetic Fake Portal Domain,Phishing,URL,http://service.secure.invalid/invoice/view.html,Unknown Source,15,CRITICAL,47,CLOSED,2024-12-26T23:27:29+00:00,2025-01-25T23:27:29+00:00,,Synthetic indicator of possible phishing relevance observed in demo telemetry. Insufficient behavioural context for further classification. ,,,,,5
THR-2026-0659,2026-07-29T23:27:29+00:00,Synthetic Credential Stuffing Observation,Credential Theft,IP ADDRESS,203.0.113.124,Security Vendor,75,CRITICAL,76,UNDER_REVIEW,2026-07-18T23:27:29+00:00,2026-07-29T23:27:29+00:00,Europe,Synthetic credential stuffing activity observed in demo telemetry; high volume of brute force attempts against login endpoints from shared infrastructure. ,Credential Access,T1110 (Brute Force),,,6
THR-2026-0660,2026-03-27T23:27:29+00:00,Synthetic C2 Callback Observation,Network Threats,IP ADDRESS,2001:db8:f48:::3951,Security Vendor,65,HIGH,60,NEW,2026-02-28T23:27:29+00:00,2026-03-27T23:27:29+00:00,Unknown,Synthetic scanning behaviour observed in demo data; network service scan attempts were logged from this address. ,Discovery,T1046 (Network Service Discovery),,,5
THR-2026-0661,2026-09-08T23:27:29+00:00,Demo Ransomware Payload Hash,Ransomware,FILE HASH,f275a6433302979afd1fdce299868b4177bb6e5d,Public Threat Feed,60,MEDIUM,60,UNDER_REVIEW,2026-08-15T23:27:29+00:00,2026-09-08T23:27:29+00:00,Europe,Synthetic ransomware sample observed in demo telemetry; the sample attempts file encryption of user documents and inhibits system recovery options. ,Impact,T1486 (Data Encrypted for Impact),,,6
THR-2025-0824,2025-08-21T23:27:29+00:00,Synthetic Ransomware Note Indicator,Ransomware,FILE HASH,4d7e676deb018fb318d03f6d8f02d090,Security Vendor,50,MEDIUM,41,MONITORING,2025-08-12T23:27:29+00:00,2025-08-21T23:27:29+00:00,North America,Synthetic ransomware sample observed in demo telemetry; the sample attempts file encryption of user documents and inhibits system recovery options. ,Impact,T1486 (Data Encrypted for Impact),,,1
THR-2025-0825,2025-10-24T23:27:29+00:00,Demo Credential Phishing Observation,Phishing,URL,http://example.org/secure-update/payment,Security Vendor,65,MEDIUM,56,CLOSED,2025-10-14T23:27:29+00:00,2025-10-24T23:27:29+00:00,Latin America,Synthetic credential-phishing URL observed sending users to a fake account verification page in demo logs. ,Initial Access,T1566.002 (Phishing: Spearphishing Link),,,7
THR-2025-0826,2025-07-25T23:27:29+00:00,Synthetic Phishing Infrastructure Sighting,Phishing,FILE HASH,fa77bc96ca995f89790b63b334ed3ba5dbbd6cce24aa199432e389166da781c8,Research Report,55,HIGH,56,UNDER_REVIEW,2025-07-12T23:27:29+00:00,2025-07-25T23:27:29+00:00,Europe,Synthetic phishing lure domain observed in demo telemetry; the domain mimics a login verification portal. Indicator is analysed as data only - never visited. ,Initial Access,T1566.002 (Phishing: Spearphishing Link),,,9
THR-2025-0827,2025-12-24T23:27:29+00:00,Demo Phishing Campaign Indicator,Phishing,URL,http://portal.invalid/auth/check,Internal SOC,80,HIGH,67,MONITORING,2025-12-16T23:27:29+00:00,2025-12-24T23:27:29+00:00,Europe,Synthetic credential-phishing URL observed sending users to a fake account verification page in demo logs. ,Initial Access,T1566.002 (Phishing: Spearphishing Link),,,6
THR-2026-0662,2026-09-21T23:27:29+00:00,Synthetic Web Injection Observation,Web Threats,IP ADDRESS,203.0.113.202,Community Submission,60,MEDIUM,57,CLOSED,2026-08-22T23:27:29+00:00,2026-09-21T23:27:29+00:00,Asia-Pacific,Synthetic drive-by domain observed in demo data; client browser exploitation behaviour was simulated. ,Initial Access,T1190 (Exploit Public-Facing Application),,,1
THR-2025-0828,2025-04-09T23:27:29+00:00,Synthetic Malware Sample Hash,Malware,FILE HASH,edd10b53d791c8e6cc26f6d63ed8c2c1,Public Threat Feed,40,LOW,36,UNDER_REVIEW,2025-03-15T23:27:29+00:00,2025-04-09T23:27:29+00:00,North America,Synthetic trojan hash sighted in demo data; associated with credential dumping behaviour in the sandbox report. ,,,,,5
THR-2025-0829,2025-08-17T23:27:29+00:00,Demo Tor Proxy Exit Observation,Network Threats,IP ADDRESS,192.0.2.30,Security Vendor,55,MEDIUM,50,MONITORING,2025-08-10T23:27:29+00:00,2025-08-17T23:27:29+00:00,Global,Synthetic network indicator recorded in demo telemetry. Limited contextual evidence. ,,,,,9
THR-2025-0830,2025-01-28T23:27:29+00:00,Synthetic Credential Stuffing Observation,Credential Theft,IP ADDRESS,203.0.113.199,Unknown Source,20,HIGH,46,NEW,2025-01-25T23:27:29+00:00,2025-01-28T23:27:29+00:00,Europe,Synthetic credential-harvesting page observed in demo telemetry; the page mimics a password store sign-in form. ,Credential Access,T1555 (Credentials from Password Stores),,,5
THR-2026-0663,2026-09-29T23:27:29+00:00,Demo Tor Proxy Exit Observation,Network Threats,IP ADDRESS,192.0.2.245,Community Submission,65,CRITICAL,74,CLOSED,2026-09-08T23:27:29+00:00,2026-09-29T23:27:29+00:00,,Synthetic command-and-control channel observed in demo telemetry; host beacon traffic to a C2 endpoint was recorded. ,Command and Control,T1071 (Application Layer Protocol),,,2
THR-2026-0664,2026-06-06T23:27:29+00:00,Synthetic Web Injection Observation,Web Threats,IP ADDRESS,198.51.100.249,Internal SOC,90,LOW,60,NEW,2026-06-03T23:27:29+00:00,2026-06-06T23:27:29+00:00,Asia-Pacific,Synthetic drive-by domain observed in demo data; client browser exploitation behaviour was simulated. ,Initial Access,T1190 (Exploit Public-Facing Application),,,6
THR-2026-0665,2026-10-04T23:27:29+00:00,Synthetic Exploit Kit Domain,Web Threats,IP ADDRESS,203.0.113.162,Public Threat Feed,65,LOW,59,FALSE_POSITIVE,2026-09-21T23:27:29+00:00,2026-10-04T23:27:29+00:00,Europe,Synthetic web attack indicator observed in demo telemetry; exploitation attempts against a public-facing application were recorded in demo logs. ,Initial Access,T1190 (Exploit Public-Facing Application),,,4
THR-2025-0831,2025-02-18T23:27:29+00:00,Synthetic Exploit Kit Domain,Web Threats,IP ADDRESS,2001:db8:85c:::3736,Security Vendor,50,MEDIUM,41,MONITORING,2025-01-29T23:27:29+00:00,2025-02-18T23:27:29+00:00,Global,Synthetic indicator observed in web-monitoring demo data. No specific technique context available. ,,,,,1
THR-2026-0666,2026-03-19T23:27:29+00:00,Demo Ransomware Payload Hash,Ransomware,FILE HASH,c0b3d00a07d20ecd98bbe2213fb21bb3056bc135371e7dcad2670f77a4f23658,Security Vendor,65,MEDIUM,56,FALSE_POSITIVE,2026-03-10T23:27:29+00:00,2026-03-19T23:27:29+00:00,Europe,Synthetic indicator tentatively associated with ransomware activity in demo data. Behavioural context is not yet available. ,,,,,7
THR-2025-0832,2025-06-09T23:27:29+00:00,Demo Ransomware C2 Observation,Ransomware,IP ADDRESS,198.51.100.52,Security Vendor,50,INFORMATIONAL,30,CLOSED,2025-05-10T23:27:29+00:00,2025-06-09T23:27:29+00:00,Latin America,Synthetic ransomware indicator observed in demo data; associated with service stop behaviour prior to encryption and data extortion staging. ,Impact,T1486 (Data Encrypted for Impact),,,2
THR-2025-0833,2025-09-15T23:27:29+00:00,Synthetic Ransomware Sample,Ransomware,FILE HASH,0ce2ab80d02246effd116c60c2684a5ee11af1d735f39b92c0f40e066d95d774,Internal SOC,70,CRITICAL,69,NEW,2025-08-31T23:27:29+00:00,2025-09-15T23:27:29+00:00,Middle East & Africa,Synthetic ransomware sample observed in demo telemetry; the sample attempts file encryption of user documents and inhibits system recovery options. ,Impact,T1486 (Data Encrypted for Impact),,,9
THR-2025-0834,2025-03-10T23:27:29+00:00,Synthetic Exploitable Service Observation,Vulnerability Exposure,URL,https://helpdesk.login.invalid/document.html,Research Report,55,HIGH,56,MONITORING,2025-02-23T23:27:29+00:00,2025-03-10T23:27:29+00:00,Unknown,Synthetic vulnerability exposure record; demo asset inventory shows an unpatched public-facing service with a known exploit path. Defensive awareness only. ,Initial Access,T1190 (Exploit Public-Facing Application),CVE-2025-900015,,7
THR-2025-0835,2025-05-01T23:27:29+00:00,Synthetic Web Injection Observation,Web Threats,IP ADDRESS,198.51.100.130,Community Submission,50,MEDIUM,43,MONITORING,2025-04-16T23:27:29+00:00,2025-05-01T23:27:29+00:00,Middle East & Africa,Synthetic drive-by domain observed in demo data; client browser exploitation behaviour was simulated. ,Initial Access,T1190 (Exploit Public-Facing Application),,,1
THR-2025-0836,2025-10-28T23:27:29+00:00,Synthetic Credential Harvester Sighting,Credential Theft,IP ADDRESS,203.0.113.87,Security Vendor,60,MEDIUM,48,CLOSED,2025-10-28T23:27:29+00:00,2025-10-28T23:27:29+00:00,Unknown,Synthetic credential stuffing activity observed in demo telemetry; high volume of brute force attempts against login endpoints from shared infrastructure. ,Credential Access,T1110 (Brute Force),,,2
THR-2026-0667,2026-09-15T23:27:29+00:00,Demo Port Scan Activity Indicator,Network Threats,IP ADDRESS,192.0.2.39,Internal SOC,90,HIGH,75,MONITORING,2026-09-10T23:27:29+00:00,2026-09-15T23:27:29+00:00,Middle East & Africa,Synthetic network indicator recorded in demo telemetry. Limited contextual evidence. ,,,,,4
THR-2025-0837,2025-08-13T23:27:29+00:00,Synthetic Loader Hash Sighting,Malware,FILE HASH,fd047cef4884cb7419aae8583106e81dd573c042beb4bb7ea61ce425baef5ad0,Public Threat Feed,40,LOW,38,NEW,2025-07-16T23:27:29+00:00,2025-08-13T23:27:29+00:00,,Synthetic trojan hash sighted in demo data; associated with credential dumping behaviour in the sandbox report. ,,,,,6
THR-2025-0838,2025-07-09T23:27:29+00:00,Demo Exfiltration Endpoint Indicator,Data Exposure,URL,http://wire-transfer.mail.invalid/team/share,Security Vendor,50,HIGH,48,MONITORING,2025-06-22T23:27:29+00:00,2025-07-09T23:27:29+00:00,Latin America,Synthetic e-mail collection behaviour observed in demo data; mailbox export activity was simulated. ,Collection,T1114 (Email Collection),,,2
THR-2025-0839,2025-08-25T23:27:29+00:00,Synthetic Vulnerability Exposure Record,Vulnerability Exposure,CVE ID,CVE-2025-900009,Security Vendor,55,HIGH,56,MONITORING,2025-08-18T23:27:29+00:00,2025-08-25T23:27:29+00:00,Asia-Pacific,Synthetic vulnerability-related indicator from demo asset review. Detailed context pending. ,,,CVE-2025-900009,,7
THR-2025-0840,2025-09-02T23:27:29+00:00,Demo Password Spray Observation,Credential Theft,IP ADDRESS,198.51.100.93,Security Vendor,50,MEDIUM,41,MONITORING,2025-08-16T23:27:29+00:00,2025-09-02T23:27:29+00:00,Unknown,Synthetic credential-harvesting page observed in demo telemetry; the page mimics a password store sign-in form. ,Credential Access,T1555 (Credentials from Password Stores),,,1
THR-2026-0668,2026-09-10T23:27:29+00:00,Synthetic Ransomware Note Indicator,Ransomware,FILE HASH,450659d784aad904842e21ead227642b29ab0673,Internal SOC,90,CRITICAL,85,MONITORING,2026-08-31T23:27:29+00:00,2026-09-10T23:27:29+00:00,North America,Synthetic ransomware indicator observed in demo data; associated with service stop behaviour prior to encryption and data extortion staging. ,Impact,T1486 (Data Encrypted for Impact),,,8
THR-2025-0841,2025-01-14T23:27:29+00:00,Demo Password Spray Observation,Credential Theft,IP ADDRESS,192.0.2.42,Security Vendor,50,HIGH,48,CLOSED,2025-01-10T23:27:29+00:00,2025-01-14T23:27:29+00:00,Latin America,Synthetic credential-harvesting page observed in demo telemetry; the page mimics a password store sign-in form. ,Credential Access,T1555 (Credentials from Password Stores),,,2
THR-2026-0669,2026-05-14T23:27:29+00:00,Synthetic Public Leak Domain Sighting,Data Exposure,IP ADDRESS,198.51.100.193,Community Submission,60,MEDIUM,56,NEW,2026-05-13T23:27:29+00:00,2026-05-14T23:27:29+00:00,Asia-Pacific,Synthetic indicator associated with possible data-exposure monitoring in demo data. Context is limited. ,,,,,9
THR-2025-0842,2025-09-27T23:27:29+00:00,Synthetic Lookalike Domain Alert,Phishing,URL,https://helpdesk.updates.invalid/verify-account.html,Internal SOC,70,CRITICAL,69,NEW,2025-09-17T23:27:29+00:00,2025-09-27T23:27:29+00:00,Asia-Pacific,Synthetic phishing lure domain observed in demo telemetry; the domain mimics a login verification portal. Indicator is analysed as data only - never visited. ,Initial Access,T1566.002 (Phishing: Spearphishing Link),,,7
THR-2026-0670,2026-08-12T23:27:29+00:00,Synthetic Credential Stuffing Observation,Credential Theft,IP ADDRESS,203.0.113.139,Security Vendor,75,MEDIUM,64,NEW,2026-07-20T23:27:29+00:00,2026-08-12T23:27:29+00:00,North America,Synthetic credential stuffing activity observed in demo telemetry; high volume of brute force attempts against login endpoints from shared infrastructure. ,Credential Access,T1110 (Brute Force),,,9
THR-2026-0671,2026-07-17T23:27:29+00:00,Synthetic Loader Hash Sighting,Malware,FILE HASH,6259dfb25ad9c1713d7ee03154d34be385a3fb8bab403f470a78a117be87af5e,Community Submission,55,MEDIUM,49,NEW,2026-07-11T23:27:29+00:00,2026-07-17T23:27:29+00:00,Middle East & Africa,"Synthetic hash observed in demo telemetry. No behavioural report is available, so classification remains general. ",,,,,1
THR-2025-0843,2025-01-08T23:27:29+00:00,Demo Brute Force Activity,Credential Theft,IP ADDRESS,198.51.100.30,Public Threat Feed,45,MEDIUM,49,MONITORING,2025-01-05T23:27:29+00:00,2025-01-08T23:27:29+00:00,North America,Synthetic credential-harvesting page observed in demo telemetry; the page mimics a password store sign-in form. ,Credential Access,T1555 (Credentials from Password Stores),,,6
THR-2025-0844,2025-06-18T23:27:29+00:00,Demo Phishing Campaign Indicator,Phishing,URL,http://example.org/secure/login,Research Report,55,MEDIUM,50,CLOSED,2025-06-14T23:27:29+00:00,2025-06-18T23:27:29+00:00,,Synthetic indicator of possible phishing relevance observed in demo telemetry. Insufficient behavioural context for further classification. ,,,,,9
THR-2024-0138,2024-12-24T23:27:29+00:00,Synthetic Phishing Infrastructure Sighting,Phishing,FILE HASH,7ec99362afbd5f3e341e5721959ac90eda58c2c4b0bbaa0a72bbbc485a32f9a8,Unknown Source,15,MEDIUM,36,FALSE_POSITIVE,2024-12-02T23:27:29+00:00,2024-12-24T23:27:29+00:00,Unknown,Synthetic phishing lure domain observed in demo telemetry; the domain mimics a login verification portal. Indicator is analysed as data only - never visited. ,Initial Access,T1566.002 (Phishing: Spearphishing Link),,,7
THR-2026-0672,2026-04-22T23:27:29+00:00,Demo Phishing Campaign Indicator,Phishing,URL,http://support.example.org/document.html,Internal SOC,90,CRITICAL,79,MONITORING,2026-03-24T23:27:29+00:00,2026-04-22T23:27:29+00:00,Europe,Synthetic indicator of possible phishing relevance observed in demo telemetry. Insufficient behavioural context for further classification. ,,,,,6
THR-2026-0673,2026-02-13T23:27:29+00:00,Demo Password Spray Observation,Credential Theft,URL,http://portal.updates.invalid/login,Internal SOC,75,INFORMATIONAL,40,MONITORING,2026-02-13T23:27:29+00:00,2026-02-13T23:27:29+00:00,Europe,Synthetic indicator observed during credential-abuse monitoring in demo telemetry. Context is limited. ,,,,,1
THR-2025-0845,2025-08-08T23:27:29+00:00,Synthetic Phishing Infrastructure Sighting,Phishing,IP ADDRESS,192.0.2.142,Security Vendor,55,MEDIUM,48,UNDER_REVIEW,2025-07-12T23:27:29+00:00,2025-08-08T23:27:29+00:00,Asia-Pacific,Synthetic indicator of possible phishing relevance observed in demo telemetry. Insufficient behavioural context for further classification. ,,,,,5
THR-2025-0846,2025-07-18T23:27:29+00:00,Synthetic Beaconing Host Indicator,Network Threats,URL,https://notify.login.invalid/team/share,Public Threat Feed,40,LOW,38,FALSE_POSITIVE,2025-06-28T23:27:29+00:00,2025-07-18T23:27:29+00:00,North America,Synthetic scanning behaviour observed in demo data; network service scan attempts were logged from this address. ,Discovery,T1046 (Network Service Discovery),,,6
THR-2025-0847,2025-07-21T23:27:29+00:00,Demo Malware Distribution Observation,Malware,IP ADDRESS,203.0.113.161,Security Vendor,65,MEDIUM,56,UNDER_REVIEW,2025-07-01T23:27:29+00:00,2025-07-21T23:27:29+00:00,Latin America,Synthetic trojan hash sighted in demo data; associated with credential dumping behaviour in the sandbox report. ,,,,,6
THR-2025-0848,2025-04-29T23:27:29+00:00,Demo Port Scan Activity Indicator,Network Threats,IP ADDRESS,198.51.100.61,Security Vendor,55,HIGH,56,CLOSED,2025-04-24T23:27:29+00:00,2025-04-29T23:27:29+00:00,Asia-Pacific,Synthetic scanning behaviour observed in demo data; network service scan attempts were logged from this address. ,Discovery,T1046 (Network Service Discovery),,,9
THR-2026-0674,2026-09-02T23:27:29+00:00,Synthetic Trojan Hash Indicator,Malware,FILE HASH,35f4ed456451c4df094c6910e49f3d8b2ad458df2b3b7cc27e7adb8ca79557ab,Internal SOC,90,MEDIUM,70,NEW,2026-08-23T23:27:29+00:00,2026-09-02T23:27:29+00:00,Unknown,"Synthetic hash observed in demo telemetry. No behavioural report is available, so classification remains general. ",,,CVE-2026-900013,,7
THR-2026-0675,2026-06-08T23:27:29+00:00,Synthetic Phishing Infrastructure Sighting,Phishing,FILE HASH,8c24e39de6c13909150ca3e365233fa9989c6a25,Security Vendor,75,CRITICAL,74,FALSE_POSITIVE,2026-05-12T23:27:29+00:00,2026-06-08T23:27:29+00:00,North America,Synthetic credential-phishing URL observed sending users to a fake account verification page in demo logs. ,Initial Access,T1566.002 (Phishing: Spearphishing Link),,,9
THR-2026-0676,2026-05-23T23:27:29+00:00,Synthetic C2 Callback Observation,Network Threats,URL,http://cloud-backup.portal.invalid/verify-account.html,Unknown Source,35,MEDIUM,45,FALSE_POSITIVE,2026-05-12T23:27:29+00:00,2026-05-23T23:27:29+00:00,North America,Synthetic command-and-control channel observed in demo telemetry; host beacon traffic to a C2 endpoint was recorded. ,Command and Control,T1071 (Application Layer Protocol),,,5
THR-2026-0677,2026-06-28T23:27:29+00:00,Synthetic Ransomware Note Indicator,Ransomware,FILE HASH,002428c3922a1d4bba17ae79f86060fe6f337771,Community Submission,60,MEDIUM,50,CLOSED,2026-06-03T23:27:29+00:00,2026-06-28T23:27:29+00:00,Unknown,Synthetic ransomware indicator observed in demo data; associated with service stop behaviour prior to encryption and data extortion staging. ,Impact,T1486 (Data Encrypted for Impact),,,3
THR-2025-0849,2025-10-28T23:27:29+00:00,Demo SMiShing Sender Observation,Social Engineering,URL,https://cloud-backup.example.org/login,Research Report,65,LOW,50,CLOSED,2025-10-04T23:27:29+00:00,2025-10-28T23:27:29+00:00,,Synthetic SMiShing campaign indicator observed in demo data; messages impersonate a delivery service with a QR code lure. ,Initial Access,T1566.003 (Phishing: Spearphishing Voice),,,7
THR-2026-0678,2026-04-04T23:27:29+00:00,Demo Credential Phishing Observation,Phishing,URL,https://billing.invalid/document.html,Security Vendor,65,LOW,48,UNDER_REVIEW,2026-03-15T23:27:29+00:00,2026-04-04T23:27:29+00:00,Latin America,Synthetic indicator of possible phishing relevance observed in demo telemetry. Insufficient behavioural context for further classification. ,,,,,5
THR-2026-0679,2026-06-17T23:27:29+00:00,Demo Abnormal Login Pattern Observation,Account Security,IP ADDRESS,203.0.113.221,Research Report,75,HIGH,63,UNDER_REVIEW,2026-06-15T23:27:29+00:00,2026-06-17T23:27:29+00:00,,Synthetic indicator from demo account-monitoring telemetry. Context is limited. ,Persistence,T1136 (Create Account),,,1
THR-2024-0139,2024-11-30T23:27:29+00:00,Demo Ransomware Payload Hash,Ransomware,IP ADDRESS,203.0.113.194,Community Submission,40,MEDIUM,40,CLOSED,2024-11-26T23:27:29+00:00,2024-11-30T23:27:29+00:00,North America,Synthetic indicator tentatively associated with ransomware activity in demo data. Behavioural context is not yet available. ,,,,,1
THR-2025-0850,2025-08-19T23:27:29+00:00,Demo Ransomware C2 Observation,Ransomware,FILE HASH,3e7c570523bb26049be67cdc05af043cd78156bac5dc43a8a9c0acea943701f9,Community Submission,40,LOW,38,UNDER_REVIEW,2025-08-07T23:27:29+00:00,2025-08-19T23:27:29+00:00,Latin America,Synthetic ransomware indicator observed in demo data; associated with service stop behaviour prior to encryption and data extortion staging. ,Impact,T1486 (Data Encrypted for Impact),,,7
THR-2025-0851,2025-05-21T23:27:29+00:00,Synthetic Lookalike Domain Alert,Phishing,URL,http://password.example.net/login,Public Threat Feed,40,INFORMATIONAL,32,MONITORING,2025-04-24T23:27:29+00:00,2025-05-21T23:27:29+00:00,Global,Synthetic e-mail attachment campaign observed in demo telemetry distributing phishing documents with credential harvest links. ,Initial Access,T1566.002 (Phishing: Spearphishing Link),,,9
THR-2025-0852,2025-09-01T23:27:29+00:00,Synthetic Fake Portal Domain,Phishing,FILE HASH,aa39e5ffac52ec3ca2b3d6e1c20427c45b426da29ea18ac00bf2b05b3b25d543,Public Threat Feed,35,MEDIUM,35,FALSE_POSITIVE,2025-08-18T23:27:29+00:00,2025-09-01T23:27:29+00:00,Unknown,Synthetic e-mail attachment campaign observed in demo telemetry distributing phishing documents with credential harvest links. ,Initial Access,T1566.002 (Phishing: Spearphishing Link),,,1
THR-2025-0853,2026-01-06T23:27:29+00:00,Synthetic Phishing Infrastructure Sighting,Phishing,URL,https://mail.example.com/password-reset/verify,Public Threat Feed,50,MEDIUM,50,MONITORING,2025-12-15T23:27:29+00:00,2026-01-06T23:27:29+00:00,North America,Synthetic indicator of possible phishing relevance observed in demo telemetry. Insufficient behavioural context for further classification. ,,,,,8
THR-2025-0854,2025-01-16T23:27:29+00:00,Demo Password Spray Observation,Credential Theft,URL,http://cloud-backup.demo.invalid/attachment/invoice-2026.zip.html,Internal SOC,70,MEDIUM,52,NEW,2025-01-13T23:27:29+00:00,2025-01-16T23:27:29+00:00,Middle East & Africa,Synthetic credential-harvesting page observed in demo telemetry; the page mimics a password store sign-in form. ,Credential Access,T1555 (Credentials from Password Stores),,,4
THR-2026-0680,2026-09-30T23:27:29+00:00,Demo Vishing Campaign Indicator,Social Engineering,DOMAIN,docusign-view.example.com,Community Submission,60,INFORMATIONAL,46,NEW,2026-09-19T23:27:29+00:00,2026-09-30T23:27:29+00:00,Asia-Pacific,Synthetic voice-phishing (vishing) attempt observed in demo telemetry; impersonation of the IT helpdesk was reported. ,Initial Access,T1566.003 (Phishing: Spearphishing Voice),,,3
THR-2026-0681,2026-06-13T23:27:29+00:00,Demo Password Spray Observation,Credential Theft,IP ADDRESS,203.0.113.164,Community Submission,65,LOW,55,UNDER_REVIEW,2026-05-23T23:27:29+00:00,2026-06-13T23:27:29+00:00,North America,Synthetic credential-harvesting page observed in demo telemetry; the page mimics a password store sign-in form. ,Credential Access,T1555 (Credentials from Password Stores),,,9
THR-2024-0140,2024-12-05T23:27:29+00:00,Demo Credential Phishing Observation,Phishing,URL,https://login.mail.invalid/secure/login,Internal SOC,70,MEDIUM,56,MONITORING,2024-11-22T23:27:29+00:00,2024-12-05T23:27:29+00:00,North America,Synthetic phishing lure domain observed in demo telemetry; the domain mimics a login verification portal. Indicator is analysed as data only - never visited. ,Initial Access,T1566.002 (Phishing: Spearphishing Link),,,9
THR-2025-0855,2025-10-06T23:27:29+00:00,Demo Ransomware Payload Hash,Ransomware,FILE HASH,c71a2500f2a79c9ce8e3de53d47ac5d4,Internal SOC,80,LOW,56,FALSE_POSITIVE,2025-09-21T23:27:29+00:00,2025-10-06T23:27:29+00:00,North America,Synthetic ransomware indicator observed in demo data; associated with service stop behaviour prior to encryption and data extortion staging. ,Impact,T1486 (Data Encrypted for Impact),,,8
THR-2025-0856,2025-06-19T23:27:29+00:00,Demo SMiShing Sender Observation,Social Engineering,FILE HASH,06bf37be941b8b5ffea69ae27b6ea8612f45dcb3,Security Vendor,55,MEDIUM,50,UNDER_REVIEW,2025-06-12T23:27:29+00:00,2025-06-19T23:27:29+00:00,Europe,Synthetic indicator reported through the demo social-engineering reporting channel. Context is limited. ,,,,,7
THR-2026-0682,2026-10-04T23:27:29+00:00,Synthetic Ransomware Sample,Ransomware,FILE HASH,6cd52b93600e9dee6fcb2e622d147be500acfa84cf519fb7aabc7b1d3e60912f,Research Report,75,MEDIUM,68,UNDER_REVIEW,2026-09-26T23:27:29+00:00,2026-10-04T23:27:29+00:00,Global,Synthetic indicator tentatively associated with ransomware activity in demo data. Behavioural context is not yet available. ,,,,,6
THR-2026-0683,2026-09-03T23:27:29+00:00,Synthetic Web Injection Observation,Web Threats,DOMAIN,mail.portal.invalid,Internal SOC,90,MEDIUM,68,CLOSED,2026-08-13T23:27:29+00:00,2026-09-03T23:27:29+00:00,Latin America,Synthetic indicator observed in web-monitoring demo data. No specific technique context available. ,,,CVE-2025-900015,,5
THR-2025-0857,2025-09-23T23:27:29+00:00,Demo Ransomware C2 Observation,Ransomware,FILE HASH,b1d6acdcba49c449a79684e84de2dbda,Research Report,55,MEDIUM,50,MONITORING,2025-08-31T23:27:29+00:00,2025-09-23T23:27:29+00:00,North America,Synthetic ransomware indicator observed in demo data; associated with service stop behaviour prior to encryption and data extortion staging. ,Impact,T1486 (Data Encrypted for Impact),,,6
THR-2025-0858,2025-12-12T23:27:29+00:00,Demo Brute Force Activity,Credential Theft,IP ADDRESS,192.0.2.10,Community Submission,55,MEDIUM,55,MONITORING,2025-11-30T23:27:29+00:00,2025-12-12T23:27:29+00:00,Europe,Synthetic credential stuffing activity observed in demo telemetry; high volume of brute force attempts against login endpoints from shared infrastructure. ,Credential Access,T1110 (Brute Force),,,9
THR-2025-0859,2025-05-30T23:27:29+00:00,Synthetic CEO Fraud Domain,Social Engineering,URL,https://invoice.auth.invalid/invoice/view.html,Internal SOC,70,LOW,46,NEW,2025-05-20T23:27:29+00:00,2025-05-30T23:27:29+00:00,Middle East & Africa,Synthetic SMiShing campaign indicator observed in demo data; messages impersonate a delivery service with a QR code lure. ,Initial Access,T1566.003 (Phishing: Spearphishing Voice),,,4
THR-2026-0684,2026-08-31T23:27:29+00:00,Synthetic Credential Harvester Sighting,Credential Theft,IP ADDRESS,203.0.113.134,Internal SOC,95,MEDIUM,75,FALSE_POSITIVE,2026-08-30T23:27:29+00:00,2026-08-31T23:27:29+00:00,Middle East & Africa,Synthetic credential stuffing activity observed in demo telemetry; high volume of brute force attempts against login endpoints from shared infrastructure. ,Credential Access,T1110 (Brute Force),,,8
THR-2026-0685,2026-08-23T23:27:29+00:00,Synthetic Phishing Infrastructure Sighting,Phishing,URL,http://invoice.example.com/verify-account.html,Internal SOC,90,MEDIUM,68,UNDER_REVIEW,2026-08-17T23:27:29+00:00,2026-08-23T23:27:29+00:00,North America,Synthetic indicator of possible phishing relevance observed in demo telemetry. Insufficient behavioural context for further classification. ,,,,,5
THR-2025-0860,2025-10-25T23:27:29+00:00,Synthetic Public Leak Domain Sighting,Data Exposure,IP ADDRESS,203.0.113.197,Public Threat Feed,55,MEDIUM,55,CLOSED,2025-10-06T23:27:29+00:00,2025-10-25T23:27:29+00:00,Europe,Synthetic e-mail collection behaviour observed in demo data; mailbox export activity was simulated. ,Collection,T1114 (Email Collection),,,6
THR-2026-0686,2026-02-20T23:27:29+00:00,Demo Brute Force Activity,Credential Theft,IP ADDRESS,198.51.100.158,Research Report,70,HIGH,64,MONITORING,2026-02-10T23:27:29+00:00,2026-02-20T23:27:29+00:00,Middle East & Africa,Synthetic indicator observed during credential-abuse monitoring in demo telemetry. Context is limited. ,,,,,4
THR-2026-0687,2026-07-17T23:27:29+00:00,Synthetic Credential Harvester Sighting,Credential Theft,IP ADDRESS,198.51.100.228,Internal SOC,90,MEDIUM,66,CLOSED,2026-07-17T23:27:29+00:00,2026-07-17T23:27:29+00:00,Europe,Synthetic credential stuffing activity observed in demo telemetry; high volume of brute force attempts against login endpoints from shared infrastructure. ,Credential Access,T1110 (Brute Force),,,4
THR-2026-0688,2026-05-01T23:27:29+00:00,Synthetic Beaconing Host Indicator,Network Threats,IP ADDRESS,198.51.100.133,Research Report,80,MEDIUM,66,MONITORING,2026-04-21T23:27:29+00:00,2026-05-01T23:27:29+00:00,Europe,Synthetic network indicator recorded in demo telemetry. Limited contextual evidence. ,,,,,8
THR-2025-0861,2025-05-23T23:27:29+00:00,Synthetic Public Leak Domain Sighting,Data Exposure,URL,https://example.com/update-password,Security Vendor,55,HIGH,51,UNDER_REVIEW,2025-04-28T23:27:29+00:00,2025-05-23T23:27:29+00:00,Europe,Synthetic exfiltration observation in demo telemetry; large outbound transfer attempts to an external endpoint were recorded. ,Exfiltration,T1048 (Exfiltration Over Alternative Protocol),,,3
THR-2025-0862,2025-06-06T23:27:29+00:00,Synthetic Lookalike Domain Alert,Phishing,URL,http://billing.support.invalid/invoice/view.html,Security Vendor,50,HIGH,47,NEW,2025-05-26T23:27:29+00:00,2025-06-06T23:27:29+00:00,Global,Synthetic indicator of possible phishing relevance observed in demo telemetry. Insufficient behavioural context for further classification. ,,,,,1
THR-2025-0863,2025-11-28T23:27:29+00:00,Synthetic Exploit Kit Domain,Web Threats,IP ADDRESS,198.51.100.213,Security Vendor,70,LOW,52,CLOSED,2025-11-08T23:27:29+00:00,2025-11-28T23:27:29+00:00,Unknown,Synthetic web attack indicator observed in demo telemetry; exploitation attempts against a public-facing application were recorded in demo logs. ,Initial Access,T1190 (Exploit Public-Facing Application),,,4
THR-2025-0864,2025-04-08T23:27:29+00:00,Demo Vishing Campaign Indicator,Social Engineering,IP ADDRESS,192.0.2.26,Research Report,65,LOW,50,UNDER_REVIEW,2025-03-22T23:27:29+00:00,2025-04-08T23:27:29+00:00,Middle East & Africa,Synthetic voice-phishing (vishing) attempt observed in demo telemetry; impersonation of the IT helpdesk was reported. ,Initial Access,T1566.003 (Phishing: Spearphishing Voice),,,6
THR-2024-0141,2024-12-03T23:27:29+00:00,Synthetic Trojan Hash Indicator,Malware,IP ADDRESS,203.0.113.112,Research Report,55,CRITICAL,60,MONITORING,2024-11-27T23:27:29+00:00,2024-12-03T23:27:29+00:00,Europe,"Synthetic hash observed in demo telemetry. No behavioural report is available, so classification remains general. ",,,,,2
THR-2025-0865,2025-12-19T23:27:29+00:00,Demo Tor Proxy Exit Observation,Network Threats,IP ADDRESS,198.51.100.19,Public Threat Feed,50,LOW,40,MONITORING,2025-11-20T23:27:29+00:00,2025-12-19T23:27:29+00:00,Latin America,Synthetic network indicator recorded in demo telemetry. Limited contextual evidence. ,,,,,4
THR-2025-0866,2025-12-30T23:27:29+00:00,Demo SMiShing Sender Observation,Social Engineering,FILE HASH,faa027c31ea01f2694ca0dbfac10fed1ea20ba8a2912848e00481fc6ecad56ab,Internal SOC,80,HIGH,62,FALSE_POSITIVE,2025-12-14T23:27:29+00:00,2025-12-30T23:27:29+00:00,,Synthetic indicator reported through the demo social-engineering reporting channel. Context is limited. ,,,,,3
THR-2024-0142,2024-12-21T23:27:29+00:00,Synthetic Exploitable Service Observation,Vulnerability Exposure,CVE ID,CVE-2024-900004,Internal SOC,70,LOW,50,MONITORING,2024-11-30T23:27:29+00:00,2024-12-21T23:27:29+00:00,,Synthetic vulnerability-related indicator from demo asset review. Detailed context pending. ,,,CVE-2024-900004,,9
THR-2026-0689,2026-04-29T23:27:29+00:00,Synthetic Credential Stuffing Observation,Credential Theft,URL,http://payment.billing.invalid/portal/verify,Unknown Source,35,MEDIUM,47,UNDER_REVIEW,2026-04-20T23:27:29+00:00,2026-04-29T23:27:29+00:00,Unknown,Synthetic indicator observed during credential-abuse monitoring in demo telemetry. Context is limited. ,,,,,9
THR-2026-0690,2026-08-22T23:27:29+00:00,Synthetic Web Injection Observation,Web Threats,IP ADDRESS,192.0.2.174,Community Submission,75,MEDIUM,66,UNDER_REVIEW,2026-08-17T23:27:29+00:00,2026-08-22T23:27:29+00:00,,Synthetic drive-by domain observed in demo data; client browser exploitation behaviour was simulated. ,Initial Access,T1190 (Exploit Public-Facing Application),,,8
THR-2026-0691,2026-03-25T23:27:29+00:00,Synthetic Impersonation Attempt,Social Engineering,IP ADDRESS,203.0.113.152,Public Threat Feed,50,INFORMATIONAL,34,MONITORING,2026-03-05T23:27:29+00:00,2026-03-25T23:27:29+00:00,Middle East & Africa,Synthetic voice-phishing (vishing) attempt observed in demo telemetry; impersonation of the IT helpdesk was reported. ,Initial Access,T1566.003 (Phishing: Spearphishing Voice),,,1
THR-2024-0143,2024-12-02T23:27:29+00:00,Demo Vishing Campaign Indicator,Social Engineering,URL,https://invoice.portal.invalid/password-reset/verify,Internal SOC,70,CRITICAL,68,UNDER_REVIEW,2024-11-09T23:27:29+00:00,2024-12-02T23:27:29+00:00,North America,Synthetic SMiShing campaign indicator observed in demo data; messages impersonate a delivery service with a QR code lure. ,Initial Access,T1566.003 (Phishing: Spearphishing Voice),,,6
THR-2026-0692,2026-08-08T23:27:29+00:00,Demo Ransomware C2 Observation,Ransomware,FILE HASH,36afc9434e6e5ae683e8ffb5e8c7a9cd,Security Vendor,75,MEDIUM,64,FALSE_POSITIVE,2026-08-08T23:27:29+00:00,2026-08-08T23:27:29+00:00,North America,Synthetic indicator tentatively associated with ransomware activity in demo data. Behavioural context is not yet available. ,,,,,7
THR-2025-0867,2025-07-22T23:27:29+00:00,Synthetic Web Injection Observation,Web Threats,IP ADDRESS,192.0.2.179,Internal SOC,70,LOW,48,NEW,2025-07-15T23:27:29+00:00,2025-07-22T23:27:29+00:00,Global,Synthetic indicator observed in web-monitoring demo data. No specific technique context available. ,,,CVE-2024-900026,,5
THR-2025-0868,2025-11-18T23:27:29+00:00,Synthetic Loader Hash Sighting,Malware,FILE HASH,61e90eb5f3241572bdd07fb08948baf153d608bebcc244aaf9803087953c32dd,Research Report,65,HIGH,60,UNDER_REVIEW,2025-11-15T23:27:29+00:00,2025-11-18T23:27:29+00:00,Global,Synthetic malware hash observed in demo telemetry; sample behaves as a downloader that executes an obfuscated payload and establishes C2 callback traffic. ,Execution,T1204.002 (User Execution: Malicious File),,,5
THR-2025-0869,2025-09-09T23:27:29+00:00,Demo Malware Distribution Observation,Malware,FILE HASH,b00261d65b792f1632ac5f7e9376a0730f3e7936eadd69d4e24bddc3fc8663b7,Public Threat Feed,40,MEDIUM,44,NEW,2025-09-01T23:27:29+00:00,2025-09-09T23:27:29+00:00,Asia-Pacific,Synthetic malware hash observed in demo telemetry; sample behaves as a downloader that executes an obfuscated payload and establishes C2 callback traffic. ,Execution,T1204.002 (User Execution: Malicious File),,,6
THR-2024-0144,2024-12-24T23:27:29+00:00,Synthetic Fraudulent Account Creation Indicator,Account Security,IP ADDRESS,192.0.2.133,Internal SOC,80,LOW,56,NEW,2024-11-28T23:27:29+00:00,2024-12-24T23:27:29+00:00,Unknown,Synthetic account takeover risk indicator; demo telemetry shows compromised valid accounts used from unusual locations. ,Persistence,T1136 (Create Account),,,6
THR-2025-0870,2025-04-29T23:27:29+00:00,Synthetic Fraudulent Account Creation Indicator,Account Security,IP ADDRESS,203.0.113.15,Public Threat Feed,40,INFORMATIONAL,29,MONITORING,2025-04-11T23:27:29+00:00,2025-04-29T23:27:29+00:00,Asia-Pacific,Synthetic fraudulent account creation observed in demo telemetry; a new account was created outside standard process. ,Persistence,T1136 (Create Account),,,4
THR-2025-0871,2025-11-05T23:27:29+00:00,Synthetic Credential Harvester Sighting,Credential Theft,IP ADDRESS,198.51.100.221,Internal SOC,80,HIGH,64,CLOSED,2025-10-28T23:27:29+00:00,2025-11-05T23:27:29+00:00,Global,Synthetic credential stuffing activity observed in demo telemetry; high volume of brute force attempts against login endpoints from shared infrastructure. ,Credential Access,T1110 (Brute Force),,,1
THR-2025-0872,2025-04-21T23:27:29+00:00,Demo Credential Phishing Observation,Phishing,EMAIL DOMAIN,login.billing.invalid,Internal SOC,70,MEDIUM,56,UNDER_REVIEW,2025-04-21T23:27:29+00:00,2025-04-21T23:27:29+00:00,Unknown,Synthetic indicator of possible phishing relevance observed in demo telemetry. Insufficient behavioural context for further classification. ,,,,,8
THR-2026-0693,2026-05-03T23:27:29+00:00,Synthetic Ransomware Sample,Ransomware,FILE HASH,da69943b9b86a710fd0677cb6be5863c6cf1baf3,Security Vendor,75,LOW,52,CLOSED,2026-04-28T23:27:29+00:00,2026-05-03T23:27:29+00:00,Middle East & Africa,Synthetic indicator tentatively associated with ransomware activity in demo data. Behavioural context is not yet available. ,,,,,4
THR-2026-0694,2026-04-09T23:27:29+00:00,Synthetic Credential Stuffing Observation,Credential Theft,IP ADDRESS,192.0.2.40,Internal SOC,90,LOW,64,MONITORING,2026-03-22T23:27:29+00:00,2026-04-09T23:27:29+00:00,Global,Synthetic indicator observed during credential-abuse monitoring in demo telemetry. Context is limited. ,,,,,6
THR-2025-0873,2025-07-10T23:27:29+00:00,Synthetic Lookalike Domain Alert,Phishing,FILE HASH,a8e1bf0e330230f2f8f1cf194e75fa50571bceb79f80900be14c406fc732570a,Research Report,50,LOW,35,CLOSED,2025-07-07T23:27:29+00:00,2025-07-10T23:27:29+00:00,Global,Synthetic indicator of possible phishing relevance observed in demo telemetry. Insufficient behavioural context for further classification. ,,,,,1
THR-2025-0874,2026-01-04T23:27:29+00:00,Synthetic CEO Fraud Domain,Social Engineering,URL,https://update.example.org/password-reset/verify,Unknown Source,25,CRITICAL,54,CLOSED,2025-12-30T23:27:29+00:00,2026-01-04T23:27:29+00:00,Unknown,Synthetic SMiShing campaign indicator observed in demo data; messages impersonate a delivery service with a QR code lure. ,Initial Access,T1566.003 (Phishing: Spearphishing Voice),,,8
THR-2025-0875,2025-12-12T23:27:29+00:00,Demo Exfiltration Endpoint Indicator,Data Exposure,DOMAIN,account.portal.invalid,Internal SOC,80,LOW,55,MONITORING,2025-12-10T23:27:29+00:00,2025-12-12T23:27:29+00:00,Unknown,Synthetic indicator associated with possible data-exposure monitoring in demo data. Context is limited. ,,,,,6
THR-2025-0876,2025-12-09T23:27:29+00:00,Synthetic Impersonation Attempt,Social Engineering,FILE HASH,e2d77e33e3c1fd8441c16f675f5f9886483df8fd743d19cd844790fedd651de7,Research Report,65,LOW,45,MONITORING,2025-11-10T23:27:29+00:00,2025-12-09T23:27:29+00:00,Asia-Pacific,Synthetic indicator reported through the demo social-engineering reporting channel. Context is limited. ,,,,,3
THR-2026-0695,2026-09-06T23:27:29+00:00,Demo Drive-by Download Serving Domain,Web Threats,IP ADDRESS,192.0.2.139,Public Threat Feed,60,INFORMATIONAL,46,NEW,2026-08-17T23:27:29+00:00,2026-09-06T23:27:29+00:00,Latin America,Synthetic indicator observed in web-monitoring demo data. No specific technique context available. ,,,CVE-2026-900019,,2
THR-2026-0696,2026-07-28T23:27:29+00:00,Demo Downloader Hash Observation,Malware,URL,https://support.invalid/secure-update/payment,Public Threat Feed,60,INFORMATIONAL,43,NEW,2026-07-15T23:27:29+00:00,2026-07-28T23:27:29+00:00,Unknown,"Synthetic hash observed in demo telemetry. No behavioural report is available, so classification remains general. ",,,CVE-2024-900020,,4
THR-2026-0697,2026-03-24T23:27:29+00:00,Synthetic Loader Hash Sighting,Malware,FILE HASH,9f73dcb5d5c1e74f4a64238bd85f1b3897eff8f483b20564c7d7d55dacbc93d6,Internal SOC,80,MEDIUM,58,MONITORING,2026-02-23T23:27:29+00:00,2026-03-24T23:27:29+00:00,Global,Synthetic malware hash observed in demo telemetry; sample behaves as a downloader that executes an obfuscated payload and establishes C2 callback traffic. ,Execution,T1204.002 (User Execution: Malicious File),,,4
THR-2025-0877,2025-12-23T23:27:29+00:00,Synthetic Loader Hash Sighting,Malware,FILE HASH,72b0b3c6376fa9dce1a7e026a93bfd3842bf15e8,Internal SOC,80,HIGH,68,CLOSED,2025-12-14T23:27:29+00:00,2025-12-23T23:27:29+00:00,Latin America,"Synthetic hash observed in demo telemetry. No behavioural report is available, so classification remains general. ",,,,,9
THR-2025-0878,2025-03-26T23:27:29+00:00,Synthetic Beaconing Host Indicator,Network Threats,IP ADDRESS,198.51.100.178,Research Report,55,MEDIUM,50,NEW,2025-03-04T23:27:29+00:00,2025-03-26T23:27:29+00:00,Asia-Pacific,Synthetic network indicator recorded in demo telemetry. Limited contextual evidence. ,,,,,6
THR-2026-0698,2026-06-23T23:27:29+00:00,Demo Tor Proxy Exit Observation,Network Threats,IP ADDRESS,192.0.2.206,Public Threat Feed,65,LOW,55,UNDER_REVIEW,2026-05-25T23:27:29+00:00,2026-06-23T23:27:29+00:00,,Synthetic network indicator recorded in demo telemetry. Limited contextual evidence. ,,,,,9
THR-2025-0879,2025-03-05T23:27:29+00:00,Synthetic Vulnerability Exposure Record,Vulnerability Exposure,CVE ID,CVE-2024-900008,Internal SOC,70,HIGH,62,MONITORING,2025-02-18T23:27:29+00:00,2025-03-05T23:27:29+00:00,Latin America,Synthetic vulnerability exposure record; demo asset inventory shows an unpatched public-facing service with a known exploit path. Defensive awareness only. ,Initial Access,T1190 (Exploit Public-Facing Application),CVE-2024-900008,,8
THR-2026-0699,2026-01-27T23:27:29+00:00,Synthetic Ransomware Note Indicator,Ransomware,FILE HASH,2f5d6c353c7ec1eeda6ca273258fef43935daad5,Security Vendor,60,CRITICAL,61,MONITORING,2026-01-19T23:27:29+00:00,2026-01-27T23:27:29+00:00,Latin America,Synthetic ransomware indicator observed in demo data; associated with service stop behaviour prior to encryption and data extortion staging. ,Impact,T1486 (Data Encrypted for Impact),,,2
THR-2025-0880,2025-03-10T23:27:29+00:00,Demo Brute Force Activity,Credential Theft,IP ADDRESS,192.0.2.193,Internal SOC,70,MEDIUM,52,UNDER_REVIEW,2025-02-13T23:27:29+00:00,2025-03-10T23:27:29+00:00,Latin America,Synthetic indicator observed during credential-abuse monitoring in demo telemetry. Context is limited. ,,,,,1
THR-2024-0145,2024-12-13T23:27:29+00:00,Demo Brute Force Activity,Credential Theft,IP ADDRESS,192.0.2.195,Security Vendor,55,CRITICAL,59,NEW,2024-12-04T23:27:29+00:00,2024-12-13T23:27:29+00:00,Latin America,Synthetic credential stuffing activity observed in demo telemetry; high volume of brute force attempts against login endpoints from shared infrastructure. ,Credential Access,T1110 (Brute Force),,,4
THR-2024-0146,2024-12-10T23:27:29+00:00,Synthetic Ransomware Sample,Ransomware,FILE HASH,f95c021c8a5108170df5f8b8307560b07386d055c0b4360335633ceb1780eddd,Research Report,55,MEDIUM,48,MONITORING,2024-12-09T23:27:29+00:00,2024-12-10T23:27:29+00:00,Middle East & Africa,Synthetic ransomware sample observed in demo telemetry; the sample attempts file encryption of user documents and inhibits system recovery options. ,Impact,T1486 (Data Encrypted for Impact),,,5
THR-2026-0700,2026-07-24T23:27:29+00:00,Demo Phishing Campaign Indicator,Phishing,EMAIL DOMAIN,document.example.net,Security Vendor,75,MEDIUM,64,CLOSED,2026-06-30T23:27:29+00:00,2026-07-24T23:27:29+00:00,Asia-Pacific,Synthetic credential-phishing URL observed sending users to a fake account verification page in demo logs. ,Initial Access,T1566.002 (Phishing: Spearphishing Link),,,8
THR-2026-0701,2026-06-22T23:27:29+00:00,Synthetic Vulnerability Exposure Record,Vulnerability Exposure,CVE ID,CVE-2026-900026,Internal SOC,90,LOW,58,NEW,2026-05-25T23:27:29+00:00,2026-06-22T23:27:29+00:00,Latin America,Synthetic vulnerability-related indicator from demo asset review. Detailed context pending. ,,,CVE-2026-900026,,4
THR-2025-0881,2025-12-13T23:27:29+00:00,Synthetic Loader Hash Sighting,Malware,FILE HASH,33c21938e4193d51ac2dace6f08f551f4c4ff325cc41b892b08769f9863ae81a,Community Submission,45,LOW,36,UNDER_REVIEW,2025-12-05T23:27:29+00:00,2025-12-13T23:27:29+00:00,,"Synthetic hash observed in demo telemetry. No behavioural report is available, so classification remains general. ",,,,,2
THR-2026-0702,2026-08-28T23:27:29+00:00,Demo SMiShing Sender Observation,Social Engineering,DOMAIN,portal-verify.support.invalid,Internal SOC,90,LOW,60,MONITORING,2026-08-24T23:27:29+00:00,2026-08-28T23:27:29+00:00,Europe,Synthetic indicator reported through the demo social-engineering reporting channel. Context is limited. ,,,,,4
THR-2025-0882,2025-09-27T23:27:29+00:00,Synthetic Vulnerability Exposure Record,Vulnerability Exposure,URL,https://billing.invalid/attachment/invoice-2026.zip.html,Internal SOC,70,INFORMATIONAL,39,NEW,2025-08-30T23:27:29+00:00,2025-09-27T23:27:29+00:00,Europe,Synthetic vulnerability-related indicator from demo asset review. Detailed context pending. ,,,CVE-2025-900020,,3
THR-2026-0703,2026-06-13T23:27:29+00:00,Demo Credential Phishing Observation,Phishing,DOMAIN,docusign-view.auth.invalid,Public Threat Feed,55,INFORMATIONAL,36,MONITORING,2026-05-24T23:27:29+00:00,2026-06-13T23:27:29+00:00,Europe,Synthetic e-mail attachment campaign observed in demo telemetry distributing phishing documents with credential harvest links. ,Initial Access,T1566.002 (Phishing: Spearphishing Link),,,2
THR-2026-0704,2026-08-06T23:27:29+00:00,Synthetic Account Takeover Risk Indicator,Account Security,IP ADDRESS,203.0.113.49,Public Threat Feed,65,MEDIUM,64,UNDER_REVIEW,2026-07-21T23:27:29+00:00,2026-08-06T23:27:29+00:00,Latin America,Synthetic account takeover risk indicator; demo telemetry shows compromised valid accounts used from unusual locations. ,Persistence,T1136 (Create Account),,,8
THR-2026-0705,2026-09-13T23:27:29+00:00,Synthetic Exploitable Service Observation,Vulnerability Exposure,CVE ID,CVE-2026-900020,Internal SOC,85,CRITICAL,81,MONITORING,2026-08-27T23:27:29+00:00,2026-09-13T23:27:29+00:00,,Synthetic vulnerability-related indicator from demo asset review. Detailed context pending. ,,,CVE-2026-900020,,2
THR-2026-0706,2026-04-05T23:27:29+00:00,Synthetic Exploitable Service Observation,Vulnerability Exposure,CVE ID,CVE-2025-900010,Security Vendor,65,HIGH,57,FALSE_POSITIVE,2026-03-26T23:27:29+00:00,2026-04-05T23:27:29+00:00,Latin America,Synthetic exploitable service observation; demo scanning metadata indicates exposure requiring patch review. ,Initial Access,T1190 (Exploit Public-Facing Application),CVE-2025-900010,,3
THR-2026-0707,2026-07-08T23:27:29+00:00,Synthetic Phishing Infrastructure Sighting,Phishing,URL,http://mail.login.invalid/team/share,Internal SOC,90,INFORMATIONAL,58,MONITORING,2026-06-27T23:27:29+00:00,2026-07-08T23:27:29+00:00,Asia-Pacific,Synthetic credential-phishing URL observed sending users to a fake account verification page in demo logs. ,Initial Access,T1566.002 (Phishing: Spearphishing Link),,,9
THR-2025-0883,2025-05-30T23:27:29+00:00,Demo Vishing Campaign Indicator,Social Engineering,URL,http://billing.secure.invalid/auth/check,Security Vendor,55,CRITICAL,63,MONITORING,2025-05-29T23:27:29+00:00,2025-05-30T23:27:29+00:00,Global,Synthetic SMiShing campaign indicator observed in demo data; messages impersonate a delivery service with a QR code lure. ,Initial Access,T1566.003 (Phishing: Spearphishing Voice),,,7
THR-2025-0884,2025-08-16T23:27:29+00:00,Demo Downloader Hash Observation,Malware,FILE HASH,46e2f9ac8a8039c9a5cb77b1a909c81a62ca218cea07735c64e2e3f1071ace07,Research Report,55,LOW,44,CLOSED,2025-07-24T23:27:29+00:00,2025-08-16T23:27:29+00:00,Unknown,"Synthetic hash observed in demo telemetry. No behavioural report is available, so classification remains general. ",,,CVE-2026-900029,,9
THR-2025-0885,2025-01-23T23:27:29+00:00,Synthetic Ransomware Note Indicator,Ransomware,IP ADDRESS,198.51.100.11,Public Threat Feed,55,HIGH,56,NEW,2025-01-03T23:27:29+00:00,2025-01-23T23:27:29+00:00,Europe,Synthetic indicator tentatively associated with ransomware activity in demo data. Behavioural context is not yet available. ,,,,,5
THR-2025-0886,2025-04-24T23:27:29+00:00,Demo Downloader Hash Observation,Malware,IP ADDRESS,198.51.100.166,Internal SOC,65,MEDIUM,47,CLOSED,2025-04-08T23:27:29+00:00,2025-04-24T23:27:29+00:00,Latin America,Synthetic trojan hash sighted in demo data; associated with credential dumping behaviour in the sandbox report. ,,,,,1
THR-2025-0887,2025-09-10T23:27:29+00:00,Demo Phishing Campaign Indicator,Phishing,URL,http://team-share.auth.invalid/secure/login,Security Vendor,55,MEDIUM,50,CLOSED,2025-08-25T23:27:29+00:00,2025-09-10T23:27:29+00:00,Europe,Synthetic credential-phishing URL observed sending users to a fake account verification page in demo logs. ,Initial Access,T1566.002 (Phishing: Spearphishing Link),,,6
THR-2026-0708,2026-03-09T23:27:29+00:00,Demo Abnormal Login Pattern Observation,Account Security,IP ADDRESS,192.0.2.62,Internal SOC,80,HIGH,62,CLOSED,2026-02-17T23:27:29+00:00,2026-03-09T23:27:29+00:00,North America,Synthetic indicator from demo account-monitoring telemetry. Context is limited. ,Persistence,T1136 (Create Account),,,3
THR-2025-0888,2025-11-25T23:27:29+00:00,Demo Ransomware C2 Observation,Ransomware,FILE HASH,72a808a1222c593b59d6c0dbcdec60f766f8f6b6,Public Threat Feed,50,LOW,39,CLOSED,2025-11-05T23:27:29+00:00,2025-11-25T23:27:29+00:00,Unknown,Synthetic indicator tentatively associated with ransomware activity in demo data. Behavioural context is not yet available. ,,,,,3
THR-2026-0709,2026-10-04T23:27:29+00:00,Demo Brute Force Activity,Credential Theft,IP ADDRESS,203.0.113.90,Internal SOC,90,LOW,68,MONITORING,2026-09-14T23:27:29+00:00,2026-10-04T23:27:29+00:00,Latin America,Synthetic credential-harvesting page observed in demo telemetry; the page mimics a password store sign-in form. ,Credential Access,T1555 (Credentials from Password Stores),,,8
THR-2025-0889,2025-10-03T23:27:29+00:00,Synthetic Malware Sample Hash,Malware,URL,https://update.billing.invalid/account/confirm,Security Vendor,55,LOW,42,MONITORING,2025-09-26T23:27:29+00:00,2025-10-03T23:27:29+00:00,Middle East & Africa,Synthetic trojan hash sighted in demo data; associated with credential dumping behaviour in the sandbox report. ,,,,,5
THR-2026-0710,2026-06-08T23:27:29+00:00,Demo Abnormal Login Pattern Observation,Account Security,IP ADDRESS,203.0.113.7,Public Threat Feed,60,MEDIUM,56,NEW,2026-05-24T23:27:29+00:00,2026-06-08T23:27:29+00:00,North America,Synthetic fraudulent account creation observed in demo telemetry; a new account was created outside standard process. ,Persistence,T1136 (Create Account),,,9
THR-2026-0711,2026-05-03T23:27:29+00:00,Synthetic Fake Portal Domain,Phishing,URL,http://update.billing.invalid/password-reset/verify,Internal SOC,90,LOW,56,UNDER_REVIEW,2026-04-10T23:27:29+00:00,2026-05-03T23:27:29+00:00,Latin America,Synthetic e-mail attachment campaign observed in demo telemetry distributing phishing documents with credential harvest links. ,Initial Access,T1566.002 (Phishing: Spearphishing Link),,,3
THR-2026-0712,2026-04-11T23:27:29+00:00,Demo Drive-by Download Serving Domain,Web Threats,IP ADDRESS,2001:db8:4c1:::5296,Security Vendor,75,HIGH,67,CLOSED,2026-03-21T23:27:29+00:00,2026-04-11T23:27:29+00:00,Asia-Pacific,Synthetic indicator observed in web-monitoring demo data. No specific technique context available. ,,,,,6
THR-2026-0713,2026-06-13T23:27:29+00:00,Synthetic Exploitable Service Observation,Vulnerability Exposure,CVE ID,CVE-2025-900028,Community Submission,60,HIGH,62,FALSE_POSITIVE,2026-05-29T23:27:29+00:00,2026-06-13T23:27:29+00:00,Asia-Pacific,Synthetic exploitable service observation; demo scanning metadata indicates exposure requiring patch review. ,Initial Access,T1190 (Exploit Public-Facing Application),CVE-2025-900028,,7
THR-2026-0714,2026-03-31T23:27:29+00:00,Synthetic Impersonation Attempt,Social Engineering,URL,https://support.demo.invalid/invoice/view.html,Public Threat Feed,45,MEDIUM,42,CLOSED,2026-03-03T23:27:29+00:00,2026-03-31T23:27:29+00:00,Middle East & Africa,Synthetic SMiShing campaign indicator observed in demo data; messages impersonate a delivery service with a QR code lure. ,Initial Access,T1566.003 (Phishing: Spearphishing Voice),,,2
THR-2024-0147,2024-11-16T23:27:29+00:00,Synthetic Malware Sample Hash,Malware,FILE HASH,611b664897649a19fc5a836b1dfcc72e1fd121a298ce031989c6ec8c185a20f6,Internal SOC,70,MEDIUM,51,MONITORING,2024-11-04T23:27:29+00:00,2024-11-16T23:27:29+00:00,Unknown,"Synthetic hash observed in demo telemetry. No behavioural report is available, so classification remains general. ",,,,,3
THR-2025-0890,2025-06-19T23:27:29+00:00,Synthetic Exploitable Service Observation,Vulnerability Exposure,URL,https://example.com/account/confirm,Security Vendor,55,MEDIUM,45,FALSE_POSITIVE,2025-06-18T23:27:29+00:00,2025-06-19T23:27:29+00:00,North America,Synthetic exploitable service observation; demo scanning metadata indicates exposure requiring patch review. ,Initial Access,T1190 (Exploit Public-Facing Application),CVE-2024-900006,,3
THR-2026-0715,2026-02-08T23:27:29+00:00,Demo Port Scan Activity Indicator,Network Threats,IP ADDRESS,198.51.100.220,Security Vendor,70,HIGH,67,CLOSED,2026-02-07T23:27:29+00:00,2026-02-08T23:27:29+00:00,North America,Synthetic network indicator recorded in demo telemetry. Limited contextual evidence. ,,,,,8
THR-2025-0891,2025-05-08T23:27:29+00:00,Demo SQL Injection Attempt Indicator,Web Threats,IP ADDRESS,203.0.113.179,Research Report,55,HIGH,51,MONITORING,2025-04-14T23:27:29+00:00,2025-05-08T23:27:29+00:00,Asia-Pacific,Synthetic indicator observed in web-monitoring demo data. No specific technique context available. ,,,,,3
THR-2026-0716,2026-09-05T23:27:29+00:00,Synthetic Phishing Infrastructure Sighting,Phishing,URL,https://update.portal.invalid/verify-account.html,Security Vendor,75,MEDIUM,66,CLOSED,2026-08-26T23:27:29+00:00,2026-09-05T23:27:29+00:00,Global,Synthetic e-mail attachment campaign observed in demo telemetry distributing phishing documents with credential harvest links. ,Initial Access,T1566.002 (Phishing: Spearphishing Link),,,8
THR-2026-0717,2026-01-05T23:27:29+00:00,Demo Credential Phishing Observation,Phishing,FILE HASH,1d27cac08f5738fa3fa2bcd7f9c445230dfff9de,Research Report,60,LOW,40,FALSE_POSITIVE,2026-01-04T23:27:29+00:00,2026-01-05T23:27:29+00:00,Global,Synthetic phishing lure domain observed in demo telemetry; the domain mimics a login verification portal. Indicator is analysed as data only - never visited. ,Initial Access,T1566.002 (Phishing: Spearphishing Link),,,1
THR-2024-0148,2024-11-26T23:27:29+00:00,Synthetic Phishing Infrastructure Sighting,Phishing,FILE HASH,8c6efac854d82181eec565cef8ad372e,Internal SOC,70,CRITICAL,64,MONITORING,2024-11-16T23:27:29+00:00,2024-11-26T23:27:29+00:00,Asia-Pacific,Synthetic indicator of possible phishing relevance observed in demo telemetry. Insufficient behavioural context for further classification. ,,,,,3
THR-2026-0718,2026-03-11T23:27:29+00:00,Synthetic Malware Sample Hash,Malware,FILE HASH,cc01c3d49b0bcec5ac673b4cf8d5620ac020efe600c56ced5d79477b7b76ffb9,Internal SOC,80,LOW,54,NEW,2026-03-09T23:27:29+00:00,2026-03-11T23:27:29+00:00,,Synthetic trojan hash sighted in demo data; associated with credential dumping behaviour in the sandbox report. ,,,,,5
THR-2024-0149,2024-11-29T23:27:29+00:00,Demo Port Scan Activity Indicator,Network Threats,IP ADDRESS,198.51.100.68,Unknown Source,15,CRITICAL,44,FALSE_POSITIVE,2024-11-27T23:27:29+00:00,2024-11-29T23:27:29+00:00,North America,Synthetic network indicator recorded in demo telemetry. Limited contextual evidence. ,,,,,3
THR-2025-0892,2025-10-04T23:27:29+00:00,Demo Tor Proxy Exit Observation,Network Threats,IP ADDRESS,198.51.100.113,Internal SOC,90,INFORMATIONAL,56,MONITORING,2025-09-24T23:27:29+00:00,2025-10-04T23:27:29+00:00,North America,Synthetic network indicator recorded in demo telemetry. Limited contextual evidence. ,,,,,7
THR-2025-0893,2025-12-31T23:27:29+00:00,Synthetic CEO Fraud Domain,Social Engineering,FILE HASH,777a902024fb6363a74b147524bba29660cf19c95e4243f1325cb047abd9702a,Public Threat Feed,50,LOW,44,MONITORING,2025-12-25T23:27:29+00:00,2025-12-31T23:27:29+00:00,Global,Synthetic voice-phishing (vishing) attempt observed in demo telemetry; impersonation of the IT helpdesk was reported. ,Initial Access,T1566.003 (Phishing: Spearphishing Voice),,,9
THR-2025-0894,2025-03-03T23:27:29+00:00,Synthetic Fake Portal Domain,Phishing,IP ADDRESS,192.0.2.234,Public Threat Feed,35,LOW,35,FALSE_POSITIVE,2025-02-13T23:27:29+00:00,2025-03-03T23:27:29+00:00,Middle East & Africa,Synthetic credential-phishing URL observed sending users to a fake account verification page in demo logs. ,Initial Access,T1566.002 (Phishing: Spearphishing Link),,,2
THR-2026-0719,2026-06-29T23:27:29+00:00,Synthetic Credential Stuffing Observation,Credential Theft,URL,http://wire-transfer.secure.invalid/secure/login,Research Report,75,HIGH,67,MONITORING,2026-06-28T23:27:29+00:00,2026-06-29T23:27:29+00:00,Global,Synthetic credential-harvesting page observed in demo telemetry; the page mimics a password store sign-in form. ,Credential Access,T1555 (Credentials from Password Stores),,,9
THR-2025-0895,2025-10-19T23:27:29+00:00,Demo SQL Injection Attempt Indicator,Web Threats,DOMAIN,helpdesk.example.org,Internal SOC,80,CRITICAL,74,NEW,2025-09-25T23:27:29+00:00,2025-10-19T23:27:29+00:00,North America,Synthetic web attack indicator observed in demo telemetry; exploitation attempts against a public-facing application were recorded in demo logs. ,Initial Access,T1190 (Exploit Public-Facing Application),,,9
THR-2026-0720,2026-06-14T23:27:29+00:00,Synthetic Impersonation Attempt,Social Engineering,URL,http://example.org/password-reset/verify,Public Threat Feed,60,HIGH,62,NEW,2026-06-11T23:27:29+00:00,2026-06-14T23:27:29+00:00,Middle East & Africa,Synthetic voice-phishing (vishing) attempt observed in demo telemetry; impersonation of the IT helpdesk was reported. ,Initial Access,T1566.003 (Phishing: Spearphishing Voice),,,9
THR-2025-0896,2025-03-26T23:27:29+00:00,Synthetic Data Leak Observation,Data Exposure,URL,http://example.org/login,Security Vendor,55,CRITICAL,63,CLOSED,2025-02-26T23:27:29+00:00,2025-03-26T23:27:29+00:00,Europe,Synthetic e-mail collection behaviour observed in demo data; mailbox export activity was simulated. ,Collection,T1114 (Email Collection),,,9
THR-2026-0721,2026-05-08T23:27:29+00:00,Synthetic Phishing Lure Domain,Phishing,IP ADDRESS,198.51.100.144,Community Submission,60,LOW,50,CLOSED,2026-05-01T23:27:29+00:00,2026-05-08T23:27:29+00:00,,Synthetic indicator of possible phishing relevance observed in demo telemetry. Insufficient behavioural context for further classification. ,,,,,7
THR-2025-0897,2025-05-14T23:27:29+00:00,Synthetic Backdoor Beacon Observation,Malware,IP ADDRESS,192.0.2.191,Internal SOC,70,MEDIUM,56,NEW,2025-04-15T23:27:29+00:00,2025-05-14T23:27:29+00:00,Middle East & Africa,Synthetic malware hash observed in demo telemetry; sample behaves as a downloader that executes an obfuscated payload and establishes C2 callback traffic. ,Execution,T1204.002 (User Execution: Malicious File),,,9
THR-2026-0722,2026-06-04T23:27:29+00:00,Synthetic Phishing Lure Domain,Phishing,URL,https://cloud-backup.login.invalid/update-password,Security Vendor,75,MEDIUM,61,UNDER_REVIEW,2026-05-30T23:27:29+00:00,2026-06-04T23:27:29+00:00,Asia-Pacific,Synthetic indicator of possible phishing relevance observed in demo telemetry. Insufficient behavioural context for further classification. ,,,,,9
THR-2025-0898,2025-08-04T23:27:29+00:00,Synthetic Account Takeover Risk Indicator,Account Security,IP ADDRESS,203.0.113.95,Security Vendor,55,LOW,44,NEW,2025-07-25T23:27:29+00:00,2025-08-04T23:27:29+00:00,Middle East & Africa,Synthetic indicator from demo account-monitoring telemetry. Context is limited. ,Persistence,T1136 (Create Account),,,8
THR-2026-0723,2026-03-19T23:27:29+00:00,Demo SQL Injection Attempt Indicator,Web Threats,URL,https://mail.example.org/attachment/invoice-2026.zip.html,Public Threat Feed,50,LOW,44,UNDER_REVIEW,2026-03-04T23:27:29+00:00,2026-03-19T23:27:29+00:00,North America,Synthetic web attack indicator observed in demo telemetry; exploitation attempts against a public-facing application were recorded in demo logs. ,Initial Access,T1190 (Exploit Public-Facing Application),,,9
THR-2025-0899,2025-10-08T23:27:29+00:00,Synthetic Vulnerability Exposure Record,Vulnerability Exposure,CVE ID,CVE-2026-900007,Public Threat Feed,55,LOW,46,NEW,2025-09-17T23:27:29+00:00,2025-10-08T23:27:29+00:00,North America,Synthetic exploitable service observation; demo scanning metadata indicates exposure requiring patch review. ,Initial Access,T1190 (Exploit Public-Facing Application),CVE-2026-900007,,4
THR-2025-0900,2025-01-26T23:27:29+00:00,Synthetic Vulnerability Exposure Record,Vulnerability Exposure,CVE ID,CVE-2025-900002,Community Submission,40,HIGH,54,NEW,2025-01-15T23:27:29+00:00,2025-01-26T23:27:29+00:00,Latin America,Synthetic vulnerability exposure record; demo asset inventory shows an unpatched public-facing service with a known exploit path. Defensive awareness only. ,Initial Access,T1190 (Exploit Public-Facing Application),CVE-2025-900002,,6
THR-2026-0724,2026-05-03T23:27:29+00:00,Synthetic Malware Sample Hash,Malware,FILE HASH,7762b3a3512577ce5d6115549a6f329a456f56f4,Public Threat Feed,60,MEDIUM,50,MONITORING,2026-04-20T23:27:29+00:00,2026-05-03T23:27:29+00:00,North America,Synthetic malware hash observed in demo telemetry; sample behaves as a downloader that executes an obfuscated payload and establishes C2 callback traffic. ,Execution,T1204.002 (User Execution: Malicious File),,,3
THR-2026-0725,2026-05-19T23:27:29+00:00,Synthetic Data Leak Observation,Data Exposure,IP ADDRESS,192.0.2.83,Research Report,70,MEDIUM,54,UNDER_REVIEW,2026-05-06T23:27:29+00:00,2026-05-19T23:27:29+00:00,Europe,Synthetic e-mail collection behaviour observed in demo data; mailbox export activity was simulated. ,Collection,T1114 (Email Collection),,,2
THR-2026-0726,2026-08-20T23:27:29+00:00,Synthetic Ransomware Sample,Ransomware,FILE HASH,cb74e7090ac4a59546db5607a24bd0b12c967f35384ac7b15c3ddd835641addc,Research Report,75,HIGH,70,MONITORING,2026-08-09T23:27:29+00:00,2026-08-20T23:27:29+00:00,Asia-Pacific,Synthetic indicator tentatively associated with ransomware activity in demo data. Behavioural context is not yet available. ,,,,,6
THR-2025-0901,2025-10-20T23:27:29+00:00,Demo Credential Phishing Observation,Phishing,URL,https://portal.invalid/login,Security Vendor,65,CRITICAL,66,MONITORING,2025-10-01T23:27:29+00:00,2025-10-20T23:27:29+00:00,Unknown,Synthetic indicator of possible phishing relevance observed in demo telemetry. Insufficient behavioural context for further classification. ,,,,,5
THR-2025-0902,2025-04-07T23:27:29+00:00,Synthetic Exploit Kit Domain,Web Threats,URL,https://notify.login.invalid/portal/verify,Internal SOC,70,CRITICAL,69,FALSE_POSITIVE,2025-03-21T23:27:29+00:00,2025-04-07T23:27:29+00:00,Unknown,Synthetic drive-by domain observed in demo data; client browser exploitation behaviour was simulated. ,Initial Access,T1190 (Exploit Public-Facing Application),,,8
THR-2026-0727,2026-01-23T23:27:29+00:00,Demo Phishing Campaign Indicator,Phishing,URL,http://example.net/secure/login,Research Report,65,MEDIUM,56,MONITORING,2026-01-02T23:27:29+00:00,2026-01-23T23:27:29+00:00,Global,Synthetic phishing lure domain observed in demo telemetry; the domain mimics a login verification portal. Indicator is analysed as data only - never visited. ,Initial Access,T1566.002 (Phishing: Spearphishing Link),,,9
THR-2025-0903,2025-04-19T23:27:29+00:00,Synthetic Malware Sample Hash,Malware,IP ADDRESS,203.0.113.186,Public Threat Feed,40,MEDIUM,42,MONITORING,2025-04-03T23:27:29+00:00,2025-04-19T23:27:29+00:00,,Synthetic malware hash observed in demo telemetry; sample behaves as a downloader that executes an obfuscated payload and establishes C2 callback traffic. ,Execution,T1204.002 (User Execution: Malicious File),,,2
THR-2025-0904,2025-04-28T23:27:29+00:00,Synthetic Credential Harvester Sighting,Credential Theft,IP ADDRESS,203.0.113.236,Research Report,55,CRITICAL,63,FALSE_POSITIVE,2025-04-01T23:27:29+00:00,2025-04-28T23:27:29+00:00,Middle East & Africa,Synthetic credential stuffing activity observed in demo telemetry; high volume of brute force attempts against login endpoints from shared infrastructure. ,Credential Access,T1110 (Brute Force),,,9
THR-2025-0905,2025-03-22T23:27:29+00:00,Demo Password Spray Observation,Credential Theft,IP ADDRESS,198.51.100.71,Security Vendor,60,LOW,50,MONITORING,2025-03-19T23:27:29+00:00,2025-03-22T23:27:29+00:00,Asia-Pacific,Synthetic indicator observed during credential-abuse monitoring in demo telemetry. Context is limited. ,,,,,9
THR-2024-0150,2024-11-19T23:27:29+00:00,Demo Phishing Campaign Indicator,Phishing,URL,http://portal-verify.example.net/team/share,Internal SOC,70,CRITICAL,68,NEW,2024-11-18T23:27:29+00:00,2024-11-19T23:27:29+00:00,,Synthetic phishing lure domain observed in demo telemetry; the domain mimics a login verification portal. Indicator is analysed as data only - never visited. ,Initial Access,T1566.002 (Phishing: Spearphishing Link),,,6
THR-2025-0906,2025-09-26T23:27:29+00:00,Synthetic Credential Stuffing Observation,Credential Theft,IP ADDRESS,198.51.100.195,Public Threat Feed,40,LOW,36,NEW,2025-09-11T23:27:29+00:00,2025-09-26T23:27:29+00:00,,Synthetic indicator observed during credential-abuse monitoring in demo telemetry. Context is limited. ,,,,,5
THR-2026-0728,2026-06-16T23:27:29+00:00,Synthetic Backdoor Beacon Observation,Malware,FILE HASH,fcc2e69b06041943dfd818f64bf91397,Security Vendor,75,MEDIUM,61,FALSE_POSITIVE,2026-06-05T23:27:29+00:00,2026-06-16T23:27:29+00:00,Latin America,"Synthetic hash observed in demo telemetry. No behavioural report is available, so classification remains general. ",,,,,8
THR-2024-0151,2024-12-21T23:27:29+00:00,Synthetic Beaconing Host Indicator,Network Threats,IP ADDRESS,2001:db8:ad9:::8132,Public Threat Feed,40,INFORMATIONAL,29,MONITORING,2024-11-27T23:27:29+00:00,2024-12-21T23:27:29+00:00,Unknown,Synthetic network indicator recorded in demo telemetry. Limited contextual evidence. ,,,,,4
THR-2025-0907,2025-10-17T23:27:29+00:00,Synthetic Lookalike Domain Alert,Phishing,URL,https://auth.invalid/team/share,Public Threat Feed,50,CRITICAL,63,MONITORING,2025-10-08T23:27:29+00:00,2025-10-17T23:27:29+00:00,Global,Synthetic indicator of possible phishing relevance observed in demo telemetry. Insufficient behavioural context for further classification. ,,,,,7
THR-2025-0908,2025-04-21T23:27:29+00:00,Demo Port Scan Activity Indicator,Network Threats,IP ADDRESS,2001:db8:e33:::6903,Security Vendor,55,LOW,42,NEW,2025-04-10T23:27:29+00:00,2025-04-21T23:27:29+00:00,Europe,Synthetic scanning behaviour observed in demo data; network service scan attempts were logged from this address. ,Discovery,T1046 (Network Service Discovery),,,5
THR-2026-0729,2026-07-10T23:27:29+00:00,Demo Credential Phishing Observation,Phishing,EMAIL DOMAIN,invoice.example.net,Security Vendor,75,HIGH,68,MONITORING,2026-07-02T23:27:29+00:00,2026-07-10T23:27:29+00:00,Asia-Pacific,Synthetic phishing lure domain observed in demo telemetry; the domain mimics a login verification portal. Indicator is analysed as data only - never visited. ,Initial Access,T1566.002 (Phishing: Spearphishing Link),,,5
THR-2026-0730,2026-08-07T23:27:29+00:00,Synthetic Phishing Infrastructure Sighting,Phishing,URL,https://example.org/update-password,Community Submission,60,INFORMATIONAL,46,NEW,2026-08-01T23:27:29+00:00,2026-08-07T23:27:29+00:00,Europe,Synthetic phishing lure domain observed in demo telemetry; the domain mimics a login verification portal. Indicator is analysed as data only - never visited. ,Initial Access,T1566.002 (Phishing: Spearphishing Link),,,7
THR-2024-0152,2024-12-28T23:27:29+00:00,Synthetic Fake Portal Domain,Phishing,IP ADDRESS,192.0.2.182,Public Threat Feed,40,CRITICAL,57,NEW,2024-12-13T23:27:29+00:00,2024-12-28T23:27:29+00:00,Latin America,Synthetic e-mail attachment campaign observed in demo telemetry distributing phishing documents with credential harvest links. ,Initial Access,T1566.002 (Phishing: Spearphishing Link),,,7
THR-2026-0731,2026-03-18T23:27:29+00:00,Synthetic Beaconing Host Indicator,Network Threats,IP ADDRESS,203.0.113.245,Security Vendor,65,HIGH,60,CLOSED,2026-03-18T23:27:29+00:00,2026-03-18T23:27:29+00:00,Middle East & Africa,Synthetic scanning behaviour observed in demo data; network service scan attempts were logged from this address. ,Discovery,T1046 (Network Service Discovery),,,5
THR-2025-0909,2025-06-05T23:27:29+00:00,Demo Unpatched Service Indicator,Vulnerability Exposure,CVE ID,CVE-2026-900017,Public Threat Feed,40,CRITICAL,55,NEW,2025-06-02T23:27:29+00:00,2025-06-05T23:27:29+00:00,North America,Synthetic exploitable service observation; demo scanning metadata indicates exposure requiring patch review. ,Initial Access,T1190 (Exploit Public-Facing Application),CVE-2026-900017,,2
THR-2026-0732,2026-08-29T23:27:29+00:00,Synthetic CEO Fraud Domain,Social Engineering,URL,http://update.portal.invalid/team/share,Public Threat Feed,60,CRITICAL,69,FALSE_POSITIVE,2026-08-28T23:27:29+00:00,2026-08-29T23:27:29+00:00,Middle East & Africa,Synthetic SMiShing campaign indicator observed in demo data; messages impersonate a delivery service with a QR code lure. ,Initial Access,T1566.003 (Phishing: Spearphishing Voice),,,5
THR-2026-0733,2026-08-04T23:27:29+00:00,Demo Unpatched Service Indicator,Vulnerability Exposure,CVE ID,CVE-2024-900011,Community Submission,65,MEDIUM,56,MONITORING,2026-08-03T23:27:29+00:00,2026-08-04T23:27:29+00:00,Global,Synthetic vulnerability exposure record; demo asset inventory shows an unpatched public-facing service with a known exploit path. Defensive awareness only. ,Initial Access,T1190 (Exploit Public-Facing Application),CVE-2024-900011,,1
THR-2025-0910,2025-05-06T23:27:29+00:00,Demo Exfiltration Endpoint Indicator,Data Exposure,IP ADDRESS,198.51.100.196,Unknown Source,15,HIGH,42,CLOSED,2025-05-06T23:27:29+00:00,2025-05-06T23:27:29+00:00,,Synthetic exfiltration observation in demo telemetry; large outbound transfer attempts to an external endpoint were recorded. ,Exfiltration,T1048 (Exfiltration Over Alternative Protocol),,,9
THR-2025-0911,2025-07-18T23:27:29+00:00,Demo Tor Proxy Exit Observation,Network Threats,URL,http://portal.auth.invalid/secure/login,Unknown Source,15,HIGH,42,MONITORING,2025-06-19T23:27:29+00:00,2025-07-18T23:27:29+00:00,North America,Synthetic scanning behaviour observed in demo data; network service scan attempts were logged from this address. ,Discovery,T1046 (Network Service Discovery),,,7
THR-2026-0734,2026-05-10T23:27:29+00:00,Demo Port Scan Activity Indicator,Network Threats,URL,https://signin.login.invalid/portal/verify,Research Report,75,MEDIUM,61,NEW,2026-04-13T23:27:29+00:00,2026-05-10T23:27:29+00:00,Asia-Pacific,Synthetic command-and-control channel observed in demo telemetry; host beacon traffic to a C2 endpoint was recorded. ,Command and Control,T1071 (Application Layer Protocol),,,9
THR-2026-0735,2026-02-28T23:27:29+00:00,Synthetic Fake Portal Domain,Phishing,URL,http://verify.example.org/account/confirm,Community Submission,45,HIGH,47,MONITORING,2026-02-13T23:27:29+00:00,2026-02-28T23:27:29+00:00,Unknown,Synthetic phishing lure domain observed in demo telemetry; the domain mimics a login verification portal. Indicator is analysed as data only - never visited. ,Initial Access,T1566.002 (Phishing: Spearphishing Link),,,1
THR-2026-0736,2026-09-02T23:27:29+00:00,Synthetic Loader Hash Sighting,Malware,FILE HASH,cba1f479536b461f7315a92218b9ed16d4c8d1540fe598b411f0902fd8378463,Research Report,75,MEDIUM,64,CLOSED,2026-08-17T23:27:29+00:00,2026-09-02T23:27:29+00:00,,"Synthetic hash observed in demo telemetry. No behavioural report is available, so classification remains general. ",,,,,6
THR-2025-0912,2025-08-07T23:27:29+00:00,Demo SMiShing Sender Observation,Social Engineering,URL,https://billing.example.com/verify-account.html,Research Report,50,MEDIUM,42,NEW,2025-07-08T23:27:29+00:00,2025-08-07T23:27:29+00:00,Global,Synthetic voice-phishing (vishing) attempt observed in demo telemetry; impersonation of the IT helpdesk was reported. ,Initial Access,T1566.003 (Phishing: Spearphishing Voice),,,2
THR-2025-0913,2025-03-15T23:27:29+00:00,Demo Port Scan Activity Indicator,Network Threats,IP ADDRESS,203.0.113.43,Public Threat Feed,50,MEDIUM,51,UNDER_REVIEW,2025-03-02T23:27:29+00:00,2025-03-15T23:27:29+00:00,Asia-Pacific,Synthetic scanning behaviour observed in demo data; network service scan attempts were logged from this address. ,Discovery,T1046 (Network Service Discovery),,,7
THR-2025-0914,2025-03-10T23:27:29+00:00,Demo Tor Proxy Exit Observation,Network Threats,IP ADDRESS,198.51.100.225,Unknown Source,15,LOW,25,UNDER_REVIEW,2025-02-22T23:27:29+00:00,2025-03-10T23:27:29+00:00,Middle East & Africa,Synthetic network indicator recorded in demo telemetry. Limited contextual evidence. ,,,,,3
THR-2026-0737,2026-07-27T23:27:29+00:00,Demo SQL Injection Attempt Indicator,Web Threats,URL,http://portal.support.invalid/document.html,Security Vendor,75,HIGH,65,MONITORING,2026-06-28T23:27:29+00:00,2026-07-27T23:27:29+00:00,Unknown,Synthetic web attack indicator observed in demo telemetry; exploitation attempts against a public-facing application were recorded in demo logs. ,Initial Access,T1190 (Exploit Public-Facing Application),,,3
THR-2026-0738,2026-03-14T23:27:29+00:00,Demo Tor Proxy Exit Observation,Network Threats,IP ADDRESS,203.0.113.164,Research Report,70,LOW,54,MONITORING,2026-02-27T23:27:29+00:00,2026-03-14T23:27:29+00:00,Europe,Synthetic scanning behaviour observed in demo data; network service scan attempts were logged from this address. ,Discovery,T1046 (Network Service Discovery),,,6
THR-2026-0739,2026-03-13T23:27:29+00:00,Synthetic Trojan Hash Indicator,Malware,DOMAIN,secure.portal.invalid,Security Vendor,65,INFORMATIONAL,40,NEW,2026-02-21T23:27:29+00:00,2026-03-13T23:27:29+00:00,,"Synthetic hash observed in demo telemetry. No behavioural report is available, so classification remains general. ",,,,,4
THR-2025-0915,2025-09-02T23:27:29+00:00,Demo Vishing Campaign Indicator,Social Engineering,URL,http://payment.secure.invalid/password-reset/verify,Public Threat Feed,40,HIGH,48,MONITORING,2025-08-19T23:27:29+00:00,2025-09-02T23:27:29+00:00,Asia-Pacific,Synthetic indicator reported through the demo social-engineering reporting channel. Context is limited. ,,,,,5
THR-2025-0916,2025-12-18T23:27:29+00:00,Demo Unpatched Service Indicator,Vulnerability Exposure,CVE ID,CVE-2026-900018,Research Report,70,LOW,47,FALSE_POSITIVE,2025-11-19T23:27:29+00:00,2025-12-18T23:27:29+00:00,North America,Synthetic exploitable service observation; demo scanning metadata indicates exposure requiring patch review. ,Initial Access,T1190 (Exploit Public-Facing Application),CVE-2026-900018,,1
THR-2026-0740,2026-06-19T23:27:29+00:00,Demo Vishing Campaign Indicator,Social Engineering,IP ADDRESS,192.0.2.228,Internal SOC,90,MEDIUM,68,NEW,2026-05-22T23:27:29+00:00,2026-06-19T23:27:29+00:00,Unknown,Synthetic indicator reported through the demo social-engineering reporting channel. Context is limited. ,,,,,4
THR-2025-0917,2025-07-28T23:27:29+00:00,Synthetic Phishing Infrastructure Sighting,Phishing,FILE HASH,38f9499fa28a2e8c790cf9b04805e7a6,Research Report,55,HIGH,56,CLOSED,2025-07-07T23:27:29+00:00,2025-07-28T23:27:29+00:00,Europe,Synthetic indicator of possible phishing relevance observed in demo telemetry. Insufficient behavioural context for further classification. ,,,,,8
THR-2024-0153,2024-12-15T23:27:29+00:00,Demo Ransomware Payload Hash,Ransomware,FILE HASH,39ef4167f2d39f73a623ef449ed70026,Public Threat Feed,40,CRITICAL,55,NEW,2024-12-01T23:27:29+00:00,2024-12-15T23:27:29+00:00,Unknown,Synthetic ransomware indicator observed in demo data; associated with service stop behaviour prior to encryption and data extortion staging. ,Impact,T1486 (Data Encrypted for Impact),,,5
THR-2026-0741,2026-09-26T23:27:29+00:00,Synthetic Fake Portal Domain,Phishing,FILE HASH,0c644b3a8abdd13c0ab82a802530a97f5b680509,Security Vendor,75,LOW,60,UNDER_REVIEW,2026-09-23T23:27:29+00:00,2026-09-26T23:27:29+00:00,Asia-Pacific,Synthetic indicator of possible phishing relevance observed in demo telemetry. Insufficient behavioural context for further classification. ,,,,,7
THR-2025-0918,2025-12-18T23:27:29+00:00,Synthetic Data Leak Observation,Data Exposure,URL,http://account.login.invalid/document.html,Internal SOC,80,LOW,50,NEW,2025-11-19T23:27:29+00:00,2025-12-18T23:27:29+00:00,Middle East & Africa,Synthetic indicator associated with possible data-exposure monitoring in demo data. Context is limited. ,,,,,3
THR-2025-0919,2025-01-06T23:27:29+00:00,Synthetic Exploitable Service Observation,Vulnerability Exposure,URL,http://team-share.example.com/verify-account.html,Research Report,50,HIGH,47,UNDER_REVIEW,2025-01-03T23:27:29+00:00,2025-01-06T23:27:29+00:00,Europe,Synthetic vulnerability exposure record; demo asset inventory shows an unpatched public-facing service with a known exploit path. Defensive awareness only. ,Initial Access,T1190 (Exploit Public-Facing Application),CVE-2024-900011,,1
THR-2024-0154,2024-12-08T23:27:29+00:00,Synthetic Trojan Hash Indicator,Malware,FILE HASH,4adec669311b1be3980476d55dd74c3e2d38416be38e2bf358a4ae62a0fe8861,Security Vendor,55,HIGH,56,UNDER_REVIEW,2024-12-03T23:27:29+00:00,2024-12-08T23:27:29+00:00,Europe,Synthetic trojan hash sighted in demo data; associated with credential dumping behaviour in the sandbox report. ,,,,,6
THR-2025-0920,2025-11-20T23:27:29+00:00,Demo Exfiltration Endpoint Indicator,Data Exposure,IP ADDRESS,198.51.100.72,Public Threat Feed,60,MEDIUM,56,MONITORING,2025-10-24T23:27:29+00:00,2025-11-20T23:27:29+00:00,North America,Synthetic e-mail collection behaviour observed in demo data; mailbox export activity was simulated. ,Collection,T1114 (Email Collection),,,9
THR-2025-0921,2025-02-08T23:27:29+00:00,Demo Credential Phishing Observation,Phishing,URL,https://portal-verify.example.com/portal/verify,Internal SOC,70,MEDIUM,51,NEW,2025-01-20T23:27:29+00:00,2025-02-08T23:27:29+00:00,Europe,Synthetic indicator of possible phishing relevance observed in demo telemetry. Insufficient behavioural context for further classification. ,,,,,3
THR-2026-0742,2026-08-06T23:27:29+00:00,Synthetic Fake Portal Domain,Phishing,URL,http://example.net/invoice/view.html,Unknown Source,35,HIGH,56,MONITORING,2026-07-30T23:27:29+00:00,2026-08-06T23:27:29+00:00,Latin America,Synthetic indicator of possible phishing relevance observed in demo telemetry. Insufficient behavioural context for further classification. ,,,,,9
THR-2025-0922,2025-09-11T23:27:29+00:00,Synthetic Phishing Infrastructure Sighting,Phishing,DOMAIN,mail.demo.invalid,Unknown Source,10,MEDIUM,27,MONITORING,2025-08-12T23:27:29+00:00,2025-09-11T23:27:29+00:00,Latin America,Synthetic e-mail attachment campaign observed in demo telemetry distributing phishing documents with credential harvest links. ,Initial Access,T1566.002 (Phishing: Spearphishing Link),,,1
THR-2025-0923,2025-08-03T23:27:29+00:00,Synthetic Phishing Infrastructure Sighting,Phishing,FILE HASH,453dceb2fdd1f00c09ce046600007923eb62e512fe718b9e1f86527d11ea9e6e,Public Threat Feed,40,INFORMATIONAL,32,CLOSED,2025-07-10T23:27:29+00:00,2025-08-03T23:27:29+00:00,Unknown,Synthetic indicator of possible phishing relevance observed in demo telemetry. Insufficient behavioural context for further classification. ,,,,,8
THR-2025-0924,2025-01-15T23:27:29+00:00,Synthetic Exploit Kit Domain,Web Threats,IP ADDRESS,192.0.2.144,Research Report,55,LOW,41,NEW,2025-01-10T23:27:29+00:00,2025-01-15T23:27:29+00:00,Middle East & Africa,Synthetic drive-by domain observed in demo data; client browser exploitation behaviour was simulated. ,Initial Access,T1190 (Exploit Public-Facing Application),,,4
THR-2025-0925,2025-11-15T23:27:29+00:00,Synthetic Lookalike Domain Alert,Phishing,URL,http://portal.demo.invalid/auth/check,Security Vendor,65,HIGH,58,UNDER_REVIEW,2025-11-09T23:27:29+00:00,2025-11-15T23:27:29+00:00,Europe,Synthetic indicator of possible phishing relevance observed in demo telemetry. Insufficient behavioural context for further classification. ,,,,,4
THR-2026-0743,2026-10-04T23:27:29+00:00,Demo Phishing Campaign Indicator,Phishing,URL,http://support.invalid/team/share,Internal SOC,85,HIGH,73,FALSE_POSITIVE,2026-09-07T23:27:29+00:00,2026-10-04T23:27:29+00:00,Europe,Synthetic indicator of possible phishing relevance observed in demo telemetry. Insufficient behavioural context for further classification. ,,,,,2
THR-2025-0926,2025-11-15T23:27:29+00:00,Synthetic Web Injection Observation,Web Threats,IP ADDRESS,192.0.2.141,Public Threat Feed,50,CRITICAL,63,MONITORING,2025-11-07T23:27:29+00:00,2025-11-15T23:27:29+00:00,Middle East & Africa,Synthetic indicator observed in web-monitoring demo data. No specific technique context available. ,,,,,7
THR-2026-0744,2026-06-22T23:27:29+00:00,Synthetic CEO Fraud Domain,Social Engineering,EMAIL DOMAIN,wire-transfer.example.net,Security Vendor,75,LOW,55,UNDER_REVIEW,2026-06-04T23:27:29+00:00,2026-06-22T23:27:29+00:00,Asia-Pacific,Synthetic voice-phishing (vishing) attempt observed in demo telemetry; impersonation of the IT helpdesk was reported. ,Initial Access,T1566.003 (Phishing: Spearphishing Voice),,,6
THR-2025-0927,2025-02-01T23:27:29+00:00,Synthetic Phishing Lure Domain,Phishing,IP ADDRESS,198.51.100.213,Internal SOC,75,MEDIUM,61,CLOSED,2025-01-16T23:27:29+00:00,2025-02-01T23:27:29+00:00,Europe,Synthetic indicator of possible phishing relevance observed in demo telemetry. Insufficient behavioural context for further classification. ,,,,,8
THR-2025-0928,2025-04-20T23:27:29+00:00,Synthetic CEO Fraud Domain,Social Engineering,URL,https://mail.updates.invalid/verify-account.html,Public Threat Feed,40,MEDIUM,44,CLOSED,2025-03-28T23:27:29+00:00,2025-04-20T23:27:29+00:00,Global,Synthetic SMiShing campaign indicator observed in demo data; messages impersonate a delivery service with a QR code lure. ,Initial Access,T1566.003 (Phishing: Spearphishing Voice),,,8
THR-2025-0929,2025-06-24T23:27:29+00:00,Synthetic Lookalike Domain Alert,Phishing,FILE HASH,e7d99b80746ab64700c7c94b5c149eec87a0eb705ca8a3a68c6d3aed66be88ac,Community Submission,40,HIGH,50,FALSE_POSITIVE,2025-06-16T23:27:29+00:00,2025-06-24T23:27:29+00:00,Europe,Synthetic indicator of possible phishing relevance observed in demo telemetry. Insufficient behavioural context for further classification. ,,,,,9
THR-2026-0745,2026-04-11T23:27:29+00:00,Demo Port Scan Activity Indicator,Network Threats,IP ADDRESS,198.51.100.145,Research Report,75,HIGH,67,MONITORING,2026-03-29T23:27:29+00:00,2026-04-11T23:27:29+00:00,,Synthetic command-and-control channel observed in demo telemetry; host beacon traffic to a C2 endpoint was recorded. ,Command and Control,T1071 (Application Layer Protocol),,,9
THR-2025-0930,2025-05-16T23:27:29+00:00,Synthetic Exploit Kit Domain,Web Threats,URL,http://billing.demo.invalid/secure-update/payment,Community Submission,40,HIGH,50,CLOSED,2025-05-01T23:27:29+00:00,2025-05-16T23:27:29+00:00,North America,Synthetic web attack indicator observed in demo telemetry; exploitation attempts against a public-facing application were recorded in demo logs. ,Initial Access,T1190 (Exploit Public-Facing Application),,,6
THR-2026-0746,2026-03-10T23:27:29+00:00,Synthetic C2 Callback Observation,Network Threats,IP ADDRESS,198.51.100.102,Internal SOC,80,INFORMATIONAL,49,MONITORING,2026-02-23T23:27:29+00:00,2026-03-10T23:27:29+00:00,North America,Synthetic scanning behaviour observed in demo data; network service scan attempts were logged from this address. ,Discovery,T1046 (Network Service Discovery),,,6
THR-2025-0931,2025-11-03T23:27:29+00:00,Synthetic Malware Sample Hash,Malware,FILE HASH,fa67354c800f934414cd0de299292c754d7dd9048512db4935906c208aadd999,Research Report,60,MEDIUM,46,NEW,2025-10-09T23:27:29+00:00,2025-11-03T23:27:29+00:00,Middle East & Africa,Synthetic trojan hash sighted in demo data; associated with credential dumping behaviour in the sandbox report. ,,,CVE-2026-900003,,1
THR-2025-0932,2025-12-17T23:27:29+00:00,Demo Exfiltration Endpoint Indicator,Data Exposure,IP ADDRESS,192.0.2.149,Research Report,65,MEDIUM,55,MONITORING,2025-12-02T23:27:29+00:00,2025-12-17T23:27:29+00:00,,Synthetic indicator associated with possible data-exposure monitoring in demo data. Context is limited. ,,,,,6
THR-2026-0747,2026-10-04T23:27:29+00:00,Demo Exfiltration Endpoint Indicator,Data Exposure,URL,https://example.org/secure/login,Security Vendor,75,LOW,59,CLOSED,2026-09-16T23:27:29+00:00,2026-10-04T23:27:29+00:00,,Synthetic indicator associated with possible data-exposure monitoring in demo data. Context is limited. ,,,,,4
THR-2025-0933,2025-03-09T23:27:29+00:00,Demo Vishing Campaign Indicator,Social Engineering,URL,https://hr-notice.portal.invalid/invoice/view.html,Internal SOC,65,LOW,41,NEW,2025-02-17T23:27:29+00:00,2025-03-09T23:27:29+00:00,Asia-Pacific,Synthetic indicator reported through the demo social-engineering reporting channel. Context is limited. ,,,,,1
THR-2026-0748,2026-08-09T23:27:29+00:00,Synthetic Credential Harvester Sighting,Credential Theft,IP ADDRESS,198.51.100.8,Public Threat Feed,60,HIGH,64,MONITORING,2026-08-03T23:27:29+00:00,2026-08-09T23:27:29+00:00,Global,Synthetic credential-harvesting page observed in demo telemetry; the page mimics a password store sign-in form. ,Credential Access,T1555 (Credentials from Password Stores),,,9
THR-2026-0749,2026-05-18T23:27:29+00:00,Synthetic Trojan Hash Indicator,Malware,FILE HASH,5aa912d9bbf27a540beb3300a091b85eaf36dea4,Internal SOC,90,CRITICAL,79,FALSE_POSITIVE,2026-05-13T23:27:29+00:00,2026-05-18T23:27:29+00:00,Global,"Synthetic hash observed in demo telemetry. No behavioural report is available, so classification remains general. ",,,CVE-2026-900013,,6
THR-2025-0934,2025-04-06T23:27:29+00:00,Synthetic Impersonation Attempt,Social Engineering,URL,http://demo.invalid/portal/verify,Internal SOC,65,HIGH,53,UNDER_REVIEW,2025-03-26T23:27:29+00:00,2025-04-06T23:27:29+00:00,Europe,Synthetic voice-phishing (vishing) attempt observed in demo telemetry; impersonation of the IT helpdesk was reported. ,Initial Access,T1566.003 (Phishing: Spearphishing Voice),,,1
THR-2026-0750,2026-07-19T23:27:29+00:00,Synthetic Data Leak Observation,Data Exposure,IP ADDRESS,192.0.2.72,Internal SOC,90,HIGH,76,UNDER_REVIEW,2026-07-15T23:27:29+00:00,2026-07-19T23:27:29+00:00,Global,Synthetic e-mail collection behaviour observed in demo data; mailbox export activity was simulated. ,Collection,T1114 (Email Collection),,,9
THR-2025-0935,2025-09-26T23:27:29+00:00,Demo Phishing Campaign Indicator,Phishing,URL,http://billing.secure.invalid/invoice/view.html,Public Threat Feed,40,LOW,35,UNDER_REVIEW,2025-09-07T23:27:29+00:00,2025-09-26T23:27:29+00:00,Global,Synthetic indicator of possible phishing relevance observed in demo telemetry. Insufficient behavioural context for further classification. ,,,,,4
THR-2025-0936,2025-08-31T23:27:29+00:00,Synthetic Phishing Lure Domain,Phishing,FILE HASH,b41250c03517546488ece4951883f483fc8257cd252da1a4620be3d1ebcaa16c,Security Vendor,55,HIGH,56,MONITORING,2025-08-10T23:27:29+00:00,2025-08-31T23:27:29+00:00,,Synthetic indicator of possible phishing relevance observed in demo telemetry. Insufficient behavioural context for further classification. ,,,,,7
THR-2026-0751,2026-01-16T23:27:29+00:00,Synthetic Credential Stuffing Observation,Credential Theft,URL,http://mail.demo.invalid/update-password,Community Submission,50,MEDIUM,48,MONITORING,2026-01-14T23:27:29+00:00,2026-01-16T23:27:29+00:00,Europe,Synthetic credential-harvesting page observed in demo telemetry; the page mimics a password store sign-in form. ,Credential Access,T1555 (Credentials from Password Stores),,,5
THR-2026-0752,2026-03-13T23:27:29+00:00,Demo Exfiltration Endpoint Indicator,Data Exposure,URL,http://login.demo.invalid/document.html,Public Threat Feed,50,HIGH,52,MONITORING,2026-02-18T23:27:29+00:00,2026-03-13T23:27:29+00:00,North America,Synthetic e-mail collection behaviour observed in demo data; mailbox export activity was simulated. ,Collection,T1114 (Email Collection),,,4
THR-2025-0937,2025-01-28T23:27:29+00:00,Demo Tor Proxy Exit Observation,Network Threats,IP ADDRESS,203.0.113.214,Security Vendor,55,HIGH,60,MONITORING,2025-01-11T23:27:29+00:00,2025-01-28T23:27:29+00:00,Global,Synthetic network indicator recorded in demo telemetry. Limited contextual evidence. ,,,,,7
THR-2026-0753,2026-03-11T23:27:29+00:00,Synthetic Vulnerability Exposure Record,Vulnerability Exposure,URL,https://login.example.org/login,Community Submission,50,INFORMATIONAL,38,CLOSED,2026-02-23T23:27:29+00:00,2026-03-11T23:27:29+00:00,Unknown,Synthetic exploitable service observation; demo scanning metadata indicates exposure requiring patch review. ,Initial Access,T1190 (Exploit Public-Facing Application),CVE-2026-900005,,9
THR-2026-0754,2026-07-02T23:27:29+00:00,Synthetic Phishing Infrastructure Sighting,Phishing,URL,https://portal.auth.invalid/password-reset/verify,Community Submission,60,CRITICAL,65,MONITORING,2026-06-26T23:27:29+00:00,2026-07-02T23:27:29+00:00,Global,Synthetic indicator of possible phishing relevance observed in demo telemetry. Insufficient behavioural context for further classification. ,,,,,4
THR-2024-0155,2025-01-01T23:27:29+00:00,Synthetic Account Takeover Risk Indicator,Account Security,IP ADDRESS,192.0.2.84,Public Threat Feed,40,HIGH,50,FALSE_POSITIVE,2024-12-17T23:27:29+00:00,2025-01-01T23:27:29+00:00,Unknown,Synthetic fraudulent account creation observed in demo telemetry; a new account was created outside standard process. ,Persistence,T1136 (Create Account),,,6
THR-2026-0755,2026-06-21T23:27:29+00:00,Synthetic Data Leak Observation,Data Exposure,URL,http://docusign-view.example.net/attachment/invoice-2026.zip.html,Community Submission,55,MEDIUM,46,CLOSED,2026-06-11T23:27:29+00:00,2026-06-21T23:27:29+00:00,North America,Synthetic e-mail collection behaviour observed in demo data; mailbox export activity was simulated. ,Collection,T1114 (Email Collection),,,1
THR-2026-0756,2026-04-04T23:27:29+00:00,Demo Downloader Hash Observation,Malware,FILE HASH,37a124080400e52910a864a3392354b274260b93,Public Threat Feed,50,HIGH,54,NEW,2026-03-24T23:27:29+00:00,2026-04-04T23:27:29+00:00,Global,Synthetic trojan hash sighted in demo data; associated with credential dumping behaviour in the sandbox report. ,,,,,5
THR-2026-0757,2026-09-12T23:27:29+00:00,Synthetic Ransomware Sample,Ransomware,IP ADDRESS,203.0.113.172,Research Report,75,LOW,56,UNDER_REVIEW,2026-08-19T23:27:29+00:00,2026-09-12T23:27:29+00:00,Latin America,Synthetic indicator tentatively associated with ransomware activity in demo data. Behavioural context is not yet available. ,,,,,1
THR-2025-0938,2025-08-24T23:27:29+00:00,Demo Brute Force Activity,Credential Theft,IP ADDRESS,198.51.100.90,Community Submission,40,MEDIUM,40,CLOSED,2025-08-09T23:27:29+00:00,2025-08-24T23:27:29+00:00,Global,Synthetic credential-harvesting page observed in demo telemetry; the page mimics a password store sign-in form. ,Credential Access,T1555 (Credentials from Password Stores),,,1
THR-2025-0939,2025-03-09T23:27:29+00:00,Synthetic Phishing Lure Domain,Phishing,URL,https://auth.invalid/invoice/view.html,Internal SOC,70,CRITICAL,64,FALSE_POSITIVE,2025-03-07T23:27:29+00:00,2025-03-09T23:27:29+00:00,Middle East & Africa,Synthetic indicator of possible phishing relevance observed in demo telemetry. Insufficient behavioural context for further classification. ,,,,,3
THR-2025-0940,2026-01-16T23:27:29+00:00,Demo Abnormal Login Pattern Observation,Account Security,IP ADDRESS,203.0.113.168,Community Submission,65,INFORMATIONAL,42,CLOSED,2025-12-29T23:27:29+00:00,2026-01-16T23:27:29+00:00,Latin America,Synthetic account takeover risk indicator; demo telemetry shows compromised valid accounts used from unusual locations. ,Persistence,T1136 (Create Account),,,4
THR-2025-0941,2025-09-19T23:27:29+00:00,Synthetic Fraudulent Account Creation Indicator,Account Security,IP ADDRESS,203.0.113.202,Internal SOC,70,MEDIUM,54,FALSE_POSITIVE,2025-09-16T23:27:29+00:00,2025-09-19T23:27:29+00:00,Middle East & Africa,Synthetic fraudulent account creation observed in demo telemetry; a new account was created outside standard process. ,Persistence,T1136 (Create Account),,,2
THR-2026-0758,2026-10-04T23:27:29+00:00,Synthetic Fraudulent Account Creation Indicator,Account Security,IP ADDRESS,198.51.100.31,Public Threat Feed,55,HIGH,60,MONITORING,2026-09-22T23:27:29+00:00,2026-10-04T23:27:29+00:00,Asia-Pacific,Synthetic fraudulent account creation observed in demo telemetry; a new account was created outside standard process. ,Persistence,T1136 (Create Account),,,1
THR-2025-0942,2025-10-28T23:27:29+00:00,Synthetic Public Leak Domain Sighting,Data Exposure,URL,http://login.invalid/login,Internal SOC,80,CRITICAL,74,FALSE_POSITIVE,2025-10-03T23:27:29+00:00,2025-10-28T23:27:29+00:00,North America,Synthetic exfiltration observation in demo telemetry; large outbound transfer attempts to an external endpoint were recorded. ,Exfiltration,T1048 (Exfiltration Over Alternative Protocol),,,9
THR-2025-0943,2025-11-09T23:27:29+00:00,Synthetic Fake Portal Domain,Phishing,DOMAIN,portal-verify.example.org,Security Vendor,65,LOW,49,CLOSED,2025-10-27T23:27:29+00:00,2025-11-09T23:27:29+00:00,Unknown,Synthetic indicator of possible phishing relevance observed in demo telemetry. Insufficient behavioural context for further classification. ,,,,,6
THR-2026-0759,2026-06-14T23:27:29+00:00,Demo Downloader Hash Observation,Malware,FILE HASH,f358c60face580fe2a68022b854d3aa9381aefa5062e31f646ba15f8bfc83e84,Security Vendor,75,LOW,53,MONITORING,2026-05-29T23:27:29+00:00,2026-06-14T23:27:29+00:00,,"Synthetic hash observed in demo telemetry. No behavioural report is available, so classification remains general. ",,,,,5
THR-2025-0944,2025-12-22T23:27:29+00:00,Synthetic Exploitable Service Observation,Vulnerability Exposure,CVE ID,CVE-2024-900021,Community Submission,50,INFORMATIONAL,38,MONITORING,2025-12-21T23:27:29+00:00,2025-12-22T23:27:29+00:00,Europe,Synthetic exploitable service observation; demo scanning metadata indicates exposure requiring patch review. ,Initial Access,T1190 (Exploit Public-Facing Application),CVE-2024-900021,,7
THR-2025-0945,2025-05-15T23:27:29+00:00,Synthetic Credential Harvester Sighting,Credential Theft,IP ADDRESS,192.0.2.19,Internal SOC,70,MEDIUM,56,MONITORING,2025-05-03T23:27:29+00:00,2025-05-15T23:27:29+00:00,Middle East & Africa,Synthetic indicator observed during credential-abuse monitoring in demo telemetry. Context is limited. ,,,,,7
THR-2026-0760,2026-05-13T23:27:29+00:00,Synthetic CEO Fraud Domain,Social Engineering,URL,https://support.support.invalid/verify-account.html,Internal SOC,90,LOW,56,NEW,2026-05-12T23:27:29+00:00,2026-05-13T23:27:29+00:00,Europe,Synthetic SMiShing campaign indicator observed in demo data; messages impersonate a delivery service with a QR code lure. ,Initial Access,T1566.003 (Phishing: Spearphishing Voice),,,3
THR-2026-0761,2026-02-14T23:27:29+00:00,Synthetic Public Leak Domain Sighting,Data Exposure,URL,http://wire-transfer.demo.invalid/account/confirm,Security Vendor,65,HIGH,62,FALSE_POSITIVE,2026-02-14T23:27:29+00:00,2026-02-14T23:27:29+00:00,Unknown,Synthetic indicator associated with possible data-exposure monitoring in demo data. Context is limited. ,,,,,7
THR-2025-0946,2025-08-27T23:27:29+00:00,Synthetic Phishing Lure Domain,Phishing,URL,http://notify.mail.invalid/password-reset/verify,Internal SOC,70,MEDIUM,56,CLOSED,2025-08-20T23:27:29+00:00,2025-08-27T23:27:29+00:00,Europe,Synthetic phishing lure domain observed in demo telemetry; the domain mimics a login verification portal. Indicator is analysed as data only - never visited. ,Initial Access,T1566.002 (Phishing: Spearphishing Link),,,7
THR-2024-0156,2024-12-16T23:27:29+00:00,Synthetic Exploit Kit Domain,Web Threats,IP ADDRESS,2001:db8:7ed:::9489,Security Vendor,55,CRITICAL,58,UNDER_REVIEW,2024-11-29T23:27:29+00:00,2024-12-16T23:27:29+00:00,Unknown,Synthetic web attack indicator observed in demo telemetry; exploitation attempts against a public-facing application were recorded in demo logs. ,Initial Access,T1190 (Exploit Public-Facing Application),,,3
THR-2025-0947,2025-03-11T23:27:29+00:00,Synthetic Credential Harvester Sighting,Credential Theft,IP ADDRESS,192.0.2.54,Security Vendor,50,LOW,40,CLOSED,2025-02-17T23:27:29+00:00,2025-03-11T23:27:29+00:00,North America,Synthetic indicator observed during credential-abuse monitoring in demo telemetry. Context is limited. ,,,,,2
THR-2025-0948,2025-02-23T23:27:29+00:00,Demo Drive-by Download Serving Domain,Web Threats,IP ADDRESS,203.0.113.229,Public Threat Feed,40,INFORMATIONAL,33,MONITORING,2025-02-14T23:27:29+00:00,2025-02-23T23:27:29+00:00,,Synthetic web attack indicator observed in demo telemetry; exploitation attempts against a public-facing application were recorded in demo logs. ,Initial Access,T1190 (Exploit Public-Facing Application),,,4
THR-2026-0762,2026-01-25T23:27:29+00:00,Synthetic Lookalike Domain Alert,Phishing,IP ADDRESS,198.51.100.110,Research Report,70,LOW,50,UNDER_REVIEW,2026-01-20T23:27:29+00:00,2026-01-25T23:27:29+00:00,Latin America,Synthetic e-mail attachment campaign observed in demo telemetry distributing phishing documents with credential harvest links. ,Initial Access,T1566.002 (Phishing: Spearphishing Link),,,3
THR-2025-0949,2025-03-22T23:27:29+00:00,Synthetic Phishing Infrastructure Sighting,Phishing,URL,http://portal.example.com/attachment/invoice-2026.zip.html,Internal SOC,70,LOW,50,CLOSED,2025-03-06T23:27:29+00:00,2025-03-22T23:27:29+00:00,,Synthetic phishing lure domain observed in demo telemetry; the domain mimics a login verification portal. Indicator is analysed as data only - never visited. ,Initial Access,T1566.002 (Phishing: Spearphishing Link),,,9
THR-2025-0950,2025-01-19T23:27:29+00:00,Demo Port Scan Activity Indicator,Network Threats,URL,http://cloud-backup.support.invalid/document.html,Unknown Source,15,LOW,30,CLOSED,2025-01-03T23:27:29+00:00,2025-01-19T23:27:29+00:00,Global,Synthetic network indicator recorded in demo telemetry. Limited contextual evidence. ,,,,,7
THR-2026-0763,2026-08-22T23:27:29+00:00,Synthetic Web Injection Observation,Web Threats,IP ADDRESS,203.0.113.186,Internal SOC,95,CRITICAL,87,FALSE_POSITIVE,2026-08-11T23:27:29+00:00,2026-08-22T23:27:29+00:00,Middle East & Africa,Synthetic drive-by domain observed in demo data; client browser exploitation behaviour was simulated. ,Initial Access,T1190 (Exploit Public-Facing Application),,,6
THR-2025-0951,2025-04-27T23:27:29+00:00,Synthetic Ransomware Note Indicator,Ransomware,IP ADDRESS,192.0.2.167,Security Vendor,50,MEDIUM,42,MONITORING,2025-03-31T23:27:29+00:00,2025-04-27T23:27:29+00:00,Middle East & Africa,Synthetic ransomware sample observed in demo telemetry; the sample attempts file encryption of user documents and inhibits system recovery options. ,Impact,T1486 (Data Encrypted for Impact),,,2
THR-2025-0952,2025-12-11T23:27:29+00:00,Synthetic Exploit Kit Domain,Web Threats,IP ADDRESS,203.0.113.134,Research Report,70,INFORMATIONAL,48,MONITORING,2025-12-06T23:27:29+00:00,2025-12-11T23:27:29+00:00,Asia-Pacific,Synthetic web attack indicator observed in demo telemetry; exploitation attempts against a public-facing application were recorded in demo logs. ,Initial Access,T1190 (Exploit Public-Facing Application),,,6
THR-2025-0953,2025-04-21T23:27:29+00:00,Demo Unpatched Service Indicator,Vulnerability Exposure,CVE ID,CVE-2026-900005,Security Vendor,70,INFORMATIONAL,44,MONITORING,2025-03-29T23:27:29+00:00,2025-04-21T23:27:29+00:00,,Synthetic vulnerability-related indicator from demo asset review. Detailed context pending. ,,,CVE-2026-900005,,5
THR-2026-0764,2026-05-18T23:27:29+00:00,Synthetic Ransomware Note Indicator,Ransomware,FILE HASH,aa775e958efd7fbda91093a169877d9e4ab0413e,Internal SOC,90,HIGH,73,MONITORING,2026-05-07T23:27:29+00:00,2026-05-18T23:27:29+00:00,Latin America,Synthetic ransomware sample observed in demo telemetry; the sample attempts file encryption of user documents and inhibits system recovery options. ,Impact,T1486 (Data Encrypted for Impact),,,7
THR-2026-0765,2026-05-01T23:27:29+00:00,Demo Exfiltration Endpoint Indicator,Data Exposure,IP ADDRESS,203.0.113.246,Research Report,75,HIGH,67,CLOSED,2026-04-07T23:27:29+00:00,2026-05-01T23:27:29+00:00,Europe,Synthetic indicator associated with possible data-exposure monitoring in demo data. Context is limited. ,,,,,7
THR-2025-0954,2025-10-21T23:27:29+00:00,Demo Phishing Campaign Indicator,Phishing,IP ADDRESS,192.0.2.153,Research Report,70,MEDIUM,60,CLOSED,2025-10-13T23:27:29+00:00,2025-10-21T23:27:29+00:00,,Synthetic indicator of possible phishing relevance observed in demo telemetry. Insufficient behavioural context for further classification. ,,,,,6
THR-2025-0955,2025-04-06T23:27:29+00:00,Synthetic Exploit Kit Domain,Web Threats,IP ADDRESS,203.0.113.123,Community Submission,45,LOW,40,NEW,2025-03-16T23:27:29+00:00,2025-04-06T23:27:29+00:00,,Synthetic indicator observed in web-monitoring demo data. No specific technique context available. ,,,,,4
THR-2025-0956,2025-04-20T23:27:29+00:00,Demo Downloader Hash Observation,Malware,FILE HASH,a7fd0e500a7a908cb9999745dcb0e6c0,Unknown Source,10,HIGH,33,MONITORING,2025-04-02T23:27:29+00:00,2025-04-20T23:27:29+00:00,Europe,Synthetic malware hash observed in demo telemetry; sample behaves as a downloader that executes an obfuscated payload and establishes C2 callback traffic. ,Execution,T1204.002 (User Execution: Malicious File),,,1
THR-2025-0957,2025-09-10T23:27:29+00:00,Synthetic Impersonation Attempt,Social Engineering,URL,http://signin.support.invalid/team/share,Public Threat Feed,40,LOW,38,NEW,2025-08-28T23:27:29+00:00,2025-09-10T23:27:29+00:00,Unknown,Synthetic voice-phishing (vishing) attempt observed in demo telemetry; impersonation of the IT helpdesk was reported. ,Initial Access,T1566.003 (Phishing: Spearphishing Voice),,,8
THR-2025-0958,2025-05-16T23:27:29+00:00,Synthetic Web Injection Observation,Web Threats,URL,http://demo.invalid/auth/check,Research Report,55,HIGH,54,UNDER_REVIEW,2025-04-23T23:27:29+00:00,2025-05-16T23:27:29+00:00,Europe,Synthetic drive-by domain observed in demo data; client browser exploitation behaviour was simulated. ,Initial Access,T1190 (Exploit Public-Facing Application),CVE-2026-900007,,5
THR-2026-0766,2026-03-12T23:27:29+00:00,Demo Ransomware C2 Observation,Ransomware,IP ADDRESS,203.0.113.226,Unknown Source,25,CRITICAL,49,UNDER_REVIEW,2026-02-23T23:27:29+00:00,2026-03-12T23:27:29+00:00,,Synthetic indicator tentatively associated with ransomware activity in demo data. Behavioural context is not yet available. ,,,,,3
THR-2024-0157,2025-01-04T23:27:29+00:00,Demo SQL Injection Attempt Indicator,Web Threats,IP ADDRESS,203.0.113.215,Security Vendor,60,MEDIUM,56,MONITORING,2024-12-27T23:27:29+00:00,2025-01-04T23:27:29+00:00,Global,Synthetic drive-by domain observed in demo data; client browser exploitation behaviour was simulated. ,Initial Access,T1190 (Exploit Public-Facing Application),,,9
THR-2025-0959,2025-01-08T23:27:29+00:00,Synthetic Phishing Infrastructure Sighting,Phishing,URL,http://updates.invalid/portal/verify,Public Threat Feed,35,HIGH,43,MONITORING,2025-01-01T23:27:29+00:00,2025-01-08T23:27:29+00:00,Unknown,Synthetic indicator of possible phishing relevance observed in demo telemetry. Insufficient behavioural context for further classification. ,,,,,2
THR-2025-0960,2025-05-10T23:27:29+00:00,Synthetic Malware Sample Hash,Malware,URL,http://signin.demo.invalid/team/share,Community Submission,35,HIGH,43,CLOSED,2025-04-15T23:27:29+00:00,2025-05-10T23:27:29+00:00,Global,"Synthetic hash observed in demo telemetry. No behavioural report is available, so classification remains general. ",,,,,2
THR-2025-0961,2025-09-06T23:27:29+00:00,Synthetic Data Leak Observation,Data Exposure,URL,http://portal-verify.auth.invalid/secure-update/payment,Security Vendor,55,LOW,44,MONITORING,2025-08-24T23:27:29+00:00,2025-09-06T23:27:29+00:00,North America,Synthetic exfiltration observation in demo telemetry; large outbound transfer attempts to an external endpoint were recorded. ,Exfiltration,T1048 (Exfiltration Over Alternative Protocol),,,6
THR-2024-0158,2024-12-07T23:27:29+00:00,Demo Drive-by Download Serving Domain,Web Threats,IP ADDRESS,198.51.100.74,Security Vendor,55,LOW,44,NEW,2024-11-09T23:27:29+00:00,2024-12-07T23:27:29+00:00,,Synthetic web attack indicator observed in demo telemetry; exploitation attempts against a public-facing application were recorded in demo logs. ,Initial Access,T1190 (Exploit Public-Facing Application),,,8
THR-2026-0767,2026-06-20T23:27:29+00:00,Synthetic Phishing Lure Domain,Phishing,FILE HASH,d12af6667ae16a51221eb07800942187bdb505bee30dcefe5a72b9ab2889f46c,Security Vendor,75,CRITICAL,74,MONITORING,2026-06-09T23:27:29+00:00,2026-06-20T23:27:29+00:00,Global,Synthetic indicator of possible phishing relevance observed in demo telemetry. Insufficient behavioural context for further classification. ,,,,,9
THR-2026-0768,2026-08-21T23:27:29+00:00,Synthetic Phishing Infrastructure Sighting,Phishing,IP ADDRESS,203.0.113.188,Public Threat Feed,55,MEDIUM,55,MONITORING,2026-08-16T23:27:29+00:00,2026-08-21T23:27:29+00:00,,Synthetic phishing lure domain observed in demo telemetry; the domain mimics a login verification portal. Indicator is analysed as data only - never visited. ,Initial Access,T1566.002 (Phishing: Spearphishing Link),,,2
THR-2025-0962,2025-08-16T23:27:29+00:00,Synthetic Ransomware Note Indicator,Ransomware,FILE HASH,81f6ea0cecfcf92ae7f67efecef9a728937ed5987076c187420709cc288b5466,Security Vendor,55,HIGH,56,NEW,2025-07-30T23:27:29+00:00,2025-08-16T23:27:29+00:00,,Synthetic ransomware sample observed in demo telemetry; the sample attempts file encryption of user documents and inhibits system recovery options. ,Impact,T1486 (Data Encrypted for Impact),,,9
THR-2026-0769,2026-05-17T23:27:29+00:00,Synthetic Vulnerability Exposure Record,Vulnerability Exposure,CVE ID,CVE-2026-900027,Internal SOC,90,MEDIUM,71,CLOSED,2026-05-04T23:27:29+00:00,2026-05-17T23:27:29+00:00,Middle East & Africa,Synthetic exploitable service observation; demo scanning metadata indicates exposure requiring patch review. ,Initial Access,T1190 (Exploit Public-Facing Application),CVE-2026-900027,,7
THR-2026-0770,2026-04-17T23:27:29+00:00,Synthetic Trojan Hash Indicator,Malware,IP ADDRESS,203.0.113.178,Internal SOC,95,LOW,61,MONITORING,2026-04-01T23:27:29+00:00,2026-04-17T23:27:29+00:00,Global,Synthetic malware hash observed in demo telemetry; sample behaves as a downloader that executes an obfuscated payload and establishes C2 callback traffic. ,Execution,T1204.002 (User Execution: Malicious File),CVE-2026-900019,,3
THR-2025-0963,2025-05-28T23:27:29+00:00,Synthetic Web Injection Observation,Web Threats,IP ADDRESS,192.0.2.131,Security Vendor,60,HIGH,60,NEW,2025-04-29T23:27:29+00:00,2025-05-28T23:27:29+00:00,Middle East & Africa,Synthetic web attack indicator observed in demo telemetry; exploitation attempts against a public-facing application were recorded in demo logs. ,Initial Access,T1190 (Exploit Public-Facing Application),,,5
THR-2025-0964,2025-12-15T23:27:29+00:00,Demo Phishing Campaign Indicator,Phishing,URL,https://login.mail.invalid/portal/verify,Community Submission,50,LOW,39,MONITORING,2025-12-08T23:27:29+00:00,2025-12-15T23:27:29+00:00,Global,Synthetic e-mail attachment campaign observed in demo telemetry distributing phishing documents with credential harvest links. ,Initial Access,T1566.002 (Phishing: Spearphishing Link),,,3
THR-2025-0965,2025-03-03T23:27:29+00:00,Synthetic Fraudulent Account Creation Indicator,Account Security,IP ADDRESS,198.51.100.80,Unknown Source,10,HIGH,33,NEW,2025-02-06T23:27:29+00:00,2025-03-03T23:27:29+00:00,Global,Synthetic fraudulent account creation observed in demo telemetry; a new account was created outside standard process. ,Persistence,T1136 (Create Account),,,1
THR-2026-0771,2026-02-13T23:27:29+00:00,Synthetic Fake Portal Domain,Phishing,FILE HASH,9029a2d57db40c9f16f75089ef83ded5,Public Threat Feed,45,HIGH,48,MONITORING,2026-01-18T23:27:29+00:00,2026-02-13T23:27:29+00:00,Middle East & Africa,Synthetic credential-phishing URL observed sending users to a fake account verification page in demo logs. ,Initial Access,T1566.002 (Phishing: Spearphishing Link),,,2
THR-2025-0966,2025-07-23T23:27:29+00:00,Demo Vishing Campaign Indicator,Social Engineering,IP ADDRESS,198.51.100.17,Public Threat Feed,40,HIGH,47,CLOSED,2025-06-28T23:27:29+00:00,2025-07-23T23:27:29+00:00,North America,Synthetic indicator reported through the demo social-engineering reporting channel. Context is limited. ,,,,,4
THR-2026-0772,2026-07-19T23:27:29+00:00,Synthetic Fraudulent Account Creation Indicator,Account Security,IP ADDRESS,198.51.100.204,Security Vendor,70,MEDIUM,55,CLOSED,2026-07-16T23:27:29+00:00,2026-07-19T23:27:29+00:00,,Synthetic indicator from demo account-monitoring telemetry. Context is limited. ,Persistence,T1136 (Create Account),,,1
THR-2024-0159,2024-11-25T23:27:29+00:00,Synthetic Exploit Kit Domain,Web Threats,URL,https://service.demo.invalid/login,Security Vendor,50,MEDIUM,42,NEW,2024-11-19T23:27:29+00:00,2024-11-25T23:27:29+00:00,Latin America,Synthetic indicator observed in web-monitoring demo data. No specific technique context available. ,,,CVE-2024-900005,,2
THR-2026-0773,2026-08-20T23:27:29+00:00,Synthetic Ransomware Sample,Ransomware,FILE HASH,99120e5e77ec7fd59941b6a5e38d51d8886ea3ec,Internal SOC,90,HIGH,76,MONITORING,2026-07-24T23:27:29+00:00,2026-08-20T23:27:29+00:00,North America,Synthetic ransomware indicator observed in demo data; associated with service stop behaviour prior to encryption and data extortion staging. ,Impact,T1486 (Data Encrypted for Impact),,,7
THR-2026-0774,2026-08-21T23:27:29+00:00,Synthetic C2 Callback Observation,Network Threats,IP ADDRESS,198.51.100.4,Internal SOC,90,CRITICAL,79,CLOSED,2026-08-06T23:27:29+00:00,2026-08-21T23:27:29+00:00,Unknown,Synthetic scanning behaviour observed in demo data; network service scan attempts were logged from this address. ,Discovery,T1046 (Network Service Discovery),,,1
THR-2025-0967,2025-11-21T23:27:29+00:00,Synthetic Public Leak Domain Sighting,Data Exposure,IP ADDRESS,198.51.100.3,Security Vendor,70,MEDIUM,61,NEW,2025-11-18T23:27:29+00:00,2025-11-21T23:27:29+00:00,Middle East & Africa,Synthetic e-mail collection behaviour observed in demo data; mailbox export activity was simulated. ,Collection,T1114 (Email Collection),,,7
THR-2025-0968,2025-05-10T23:27:29+00:00,Synthetic Trojan Hash Indicator,Malware,IP ADDRESS,198.51.100.95,Public Threat Feed,45,HIGH,56,MONITORING,2025-04-15T23:27:29+00:00,2025-05-10T23:27:29+00:00,North America,Synthetic malware hash observed in demo telemetry; sample behaves as a downloader that executes an obfuscated payload and establishes C2 callback traffic. ,Execution,T1204.002 (User Execution: Malicious File),CVE-2025-900016,,9
THR-2026-0775,2026-09-04T23:27:29+00:00,Demo Malware Distribution Observation,Malware,FILE HASH,7efa2190ef1bc65d5271733261de10e740e136941ed4702593603bc67746aa1d,Security Vendor,75,LOW,60,MONITORING,2026-08-28T23:27:29+00:00,2026-09-04T23:27:29+00:00,,"Synthetic hash observed in demo telemetry. No behavioural report is available, so classification remains general. ",,,CVE-2025-900003,,6
THR-2025-0969,2025-08-06T23:27:29+00:00,Synthetic Credential Harvester Sighting,Credential Theft,IP ADDRESS,192.0.2.148,Public Threat Feed,45,MEDIUM,50,CLOSED,2025-07-12T23:27:29+00:00,2025-08-06T23:27:29+00:00,,Synthetic credential stuffing activity observed in demo telemetry; high volume of brute force attempts against login endpoints from shared infrastructure. ,Credential Access,T1110 (Brute Force),,,8
THR-2025-0970,2025-04-12T23:27:29+00:00,Synthetic Phishing Infrastructure Sighting,Phishing,FILE HASH,64faa9791f35da4b54f4a04b17fc70292238eff3,Community Submission,40,LOW,34,UNDER_REVIEW,2025-03-28T23:27:29+00:00,2025-04-12T23:27:29+00:00,Global,Synthetic e-mail attachment campaign observed in demo telemetry distributing phishing documents with credential harvest links. ,Initial Access,T1566.002 (Phishing: Spearphishing Link),,,3
THR-2025-0971,2025-06-27T23:27:29+00:00,Demo Ransomware Payload Hash,Ransomware,FILE HASH,54e5d87681e0fc06940ff94846b8a241,Internal SOC,70,MEDIUM,51,CLOSED,2025-05-29T23:27:29+00:00,2025-06-27T23:27:29+00:00,,Synthetic ransomware indicator observed in demo data; associated with service stop behaviour prior to encryption and data extortion staging. ,Impact,T1486 (Data Encrypted for Impact),,,3
THR-2025-0972,2025-03-17T23:27:29+00:00,Demo Vishing Campaign Indicator,Social Engineering,URL,https://password.example.com/secure-update/payment,Community Submission,35,HIGH,43,MONITORING,2025-03-09T23:27:29+00:00,2025-03-17T23:27:29+00:00,Middle East & Africa,Synthetic indicator reported through the demo social-engineering reporting channel. Context is limited. ,,,,,2
THR-2026-0776,2026-09-24T23:27:29+00:00,Synthetic Web Injection Observation,Web Threats,IP ADDRESS,192.0.2.139,Unknown Source,35,HIGH,54,CLOSED,2026-08-31T23:27:29+00:00,2026-09-24T23:27:29+00:00,Europe,Synthetic indicator observed in web-monitoring demo data. No specific technique context available. ,,,CVE-2024-900012,,1
THR-2026-0777,2026-04-14T23:27:29+00:00,Synthetic Account Takeover Risk Indicator,Account Security,IP ADDRESS,203.0.113.205,Public Threat Feed,65,MEDIUM,61,MONITORING,2026-03-31T23:27:29+00:00,2026-04-14T23:27:29+00:00,Global,Synthetic account takeover risk indicator; demo telemetry shows compromised valid accounts used from unusual locations. ,Persistence,T1136 (Create Account),,,9
THR-2026-0778,2026-08-13T23:27:29+00:00,Synthetic CEO Fraud Domain,Social Engineering,IP ADDRESS,198.51.100.127,Internal SOC,95,INFORMATIONAL,58,MONITORING,2026-07-19T23:27:29+00:00,2026-08-13T23:27:29+00:00,,Synthetic voice-phishing (vishing) attempt observed in demo telemetry; impersonation of the IT helpdesk was reported. ,Initial Access,T1566.003 (Phishing: Spearphishing Voice),,,3
THR-2025-0973,2025-03-07T23:27:29+00:00,Demo Abnormal Login Pattern Observation,Account Security,IP ADDRESS,192.0.2.33,Research Report,60,LOW,46,MONITORING,2025-02-09T23:27:29+00:00,2025-03-07T23:27:29+00:00,North America,Synthetic indicator from demo account-monitoring telemetry. Context is limited. ,Persistence,T1136 (Create Account),,,4
THR-2025-0974,2025-10-08T23:27:29+00:00,Synthetic Data Leak Observation,Data Exposure,IP ADDRESS,192.0.2.146,Community Submission,55,INFORMATIONAL,43,MONITORING,2025-09-08T23:27:29+00:00,2025-10-08T23:27:29+00:00,Asia-Pacific,Synthetic indicator associated with possible data-exposure monitoring in demo data. Context is limited. ,,,,,7
THR-2026-0779,2026-06-09T23:27:29+00:00,Synthetic Fake Portal Domain,Phishing,FILE HASH,9729e3e595d8f1f14a13c680a6aaadcf,Public Threat Feed,60,INFORMATIONAL,42,FALSE_POSITIVE,2026-05-12T23:27:29+00:00,2026-06-09T23:27:29+00:00,,Synthetic credential-phishing URL observed sending users to a fake account verification page in demo logs. ,Initial Access,T1566.002 (Phishing: Spearphishing Link),,,5
THR-2025-0975,2025-05-28T23:27:29+00:00,Synthetic Credential Stuffing Observation,Credential Theft,IP ADDRESS,192.0.2.213,Public Threat Feed,35,MEDIUM,37,UNDER_REVIEW,2025-05-21T23:27:29+00:00,2025-05-28T23:27:29+00:00,Global,Synthetic indicator observed during credential-abuse monitoring in demo telemetry. Context is limited. ,,,,,2
THR-2026-0780,2026-03-31T23:27:29+00:00,Synthetic Phishing Lure Domain,Phishing,FILE HASH,4cf067551dd2c91dd93f59ac28b368d7,Internal SOC,80,MEDIUM,60,FALSE_POSITIVE,2026-03-27T23:27:29+00:00,2026-03-31T23:27:29+00:00,North America,Synthetic phishing lure domain observed in demo telemetry; the domain mimics a login verification portal. Indicator is analysed as data only - never visited. ,Initial Access,T1566.002 (Phishing: Spearphishing Link),,,5
THR-2025-0976,2025-12-07T23:27:29+00:00,Demo Ransomware C2 Observation,Ransomware,IP ADDRESS,198.51.100.23,Security Vendor,65,HIGH,61,CLOSED,2025-11-09T23:27:29+00:00,2025-12-07T23:27:29+00:00,Asia-Pacific,Synthetic indicator tentatively associated with ransomware activity in demo data. Behavioural context is not yet available. ,,,,,6
THR-2025-0977,2025-01-17T23:27:29+00:00,Synthetic Ransomware Note Indicator,Ransomware,FILE HASH,fa471556ed553ea4abe4f47d6a22a119,Internal SOC,70,CRITICAL,69,NEW,2025-01-02T23:27:29+00:00,2025-01-17T23:27:29+00:00,Asia-Pacific,Synthetic ransomware sample observed in demo telemetry; the sample attempts file encryption of user documents and inhibits system recovery options. ,Impact,T1486 (Data Encrypted for Impact),,,8
THR-2025-0978,2025-10-02T23:27:29+00:00,Synthetic Loader Hash Sighting,Malware,FILE HASH,91d89c93909cee5139af6ff02a4ed7f7794f4fba505ff13f1ad5114103dbec08,Security Vendor,55,HIGH,51,FALSE_POSITIVE,2025-09-29T23:27:29+00:00,2025-10-02T23:27:29+00:00,North America,Synthetic trojan hash sighted in demo data; associated with credential dumping behaviour in the sandbox report. ,,,,,3
THR-2025-0979,2025-10-01T23:27:29+00:00,Demo Credential Phishing Observation,Phishing,IP ADDRESS,203.0.113.59,Security Vendor,60,MEDIUM,56,MONITORING,2025-09-22T23:27:29+00:00,2025-10-01T23:27:29+00:00,Europe,Synthetic phishing lure domain observed in demo telemetry; the domain mimics a login verification portal. Indicator is analysed as data only - never visited. ,Initial Access,T1566.002 (Phishing: Spearphishing Link),,,9
THR-2026-0781,2026-09-15T23:27:29+00:00,Synthetic C2 Callback Observation,Network Threats,IP ADDRESS,198.51.100.238,Community Submission,60,HIGH,64,UNDER_REVIEW,2026-08-19T23:27:29+00:00,2026-09-15T23:27:29+00:00,,Synthetic network indicator recorded in demo telemetry. Limited contextual evidence. ,,,,,2
THR-2025-0980,2025-06-06T23:27:29+00:00,Synthetic Phishing Lure Domain,Phishing,FILE HASH,5adcd646497e5eb1ee5b08b1e373faff38b56dd81b668d1614608fd4003793bb,Public Threat Feed,40,MEDIUM,42,MONITORING,2025-06-05T23:27:29+00:00,2025-06-06T23:27:29+00:00,Middle East & Africa,Synthetic indicator of possible phishing relevance observed in demo telemetry. Insufficient behavioural context for further classification. ,,,,,5
THR-2025-0981,2025-10-08T23:27:29+00:00,Demo Abnormal Login Pattern Observation,Account Security,IP ADDRESS,203.0.113.177,Internal SOC,75,MEDIUM,52,NEW,2025-09-18T23:27:29+00:00,2025-10-08T23:27:29+00:00,,Synthetic fraudulent account creation observed in demo telemetry; a new account was created outside standard process. ,Persistence,T1136 (Create Account),,,1
THR-2024-0160,2024-12-25T23:27:29+00:00,Synthetic Ransomware Sample,Ransomware,FILE HASH,b99c46468b57954810a574b723d1209ef9218335774b520b3e2b77d525f98415,Research Report,55,LOW,44,MONITORING,2024-12-10T23:27:29+00:00,2024-12-25T23:27:29+00:00,Europe,Synthetic ransomware indicator observed in demo data; associated with service stop behaviour prior to encryption and data extortion staging. ,Impact,T1486 (Data Encrypted for Impact),,,7
THR-2025-0982,2026-01-13T23:27:29+00:00,Synthetic Phishing Lure Domain,Phishing,URL,https://password.billing.invalid/document.html,Public Threat Feed,50,HIGH,52,FALSE_POSITIVE,2025-12-31T23:27:29+00:00,2026-01-13T23:27:29+00:00,Unknown,Synthetic indicator of possible phishing relevance observed in demo telemetry. Insufficient behavioural context for further classification. ,,,,,4
THR-2026-0782,2026-09-04T23:27:29+00:00,Synthetic Loader Hash Sighting,Malware,FILE HASH,e1f5726330c0c8eb84804c2e49d45488,Security Vendor,70,HIGH,65,NEW,2026-08-21T23:27:29+00:00,2026-09-04T23:27:29+00:00,Middle East & Africa,Synthetic malware hash observed in demo telemetry; sample behaves as a downloader that executes an obfuscated payload and establishes C2 callback traffic. ,Execution,T1204.002 (User Execution: Malicious File),,,2
THR-2026-0783,2026-03-25T23:27:29+00:00,Synthetic Lookalike Domain Alert,Phishing,URL,http://payment.mail.invalid/document.html,Public Threat Feed,50,CRITICAL,59,CLOSED,2026-03-20T23:27:29+00:00,2026-03-25T23:27:29+00:00,Europe,Synthetic e-mail attachment campaign observed in demo telemetry distributing phishing documents with credential harvest links. ,Initial Access,T1566.002 (Phishing: Spearphishing Link),,,4
THR-2024-0161,2025-01-19T23:27:29+00:00,Demo Vishing Campaign Indicator,Social Engineering,IP ADDRESS,192.0.2.1,Security Vendor,55,MEDIUM,47,MONITORING,2024-12-27T23:27:29+00:00,2025-01-19T23:27:29+00:00,North America,Synthetic indicator reported through the demo social-engineering reporting channel. Context is limited. ,,,,,4
THR-2026-0784,2026-02-20T23:27:29+00:00,Demo Unpatched Service Indicator,Vulnerability Exposure,CVE ID,CVE-2024-900029,Internal SOC,80,MEDIUM,60,MONITORING,2026-01-31T23:27:29+00:00,2026-02-20T23:27:29+00:00,Latin America,Synthetic exploitable service observation; demo scanning metadata indicates exposure requiring patch review. ,Initial Access,T1190 (Exploit Public-Facing Application),CVE-2024-900029,,5
THR-2026-0785,2026-05-30T23:27:29+00:00,Demo Downloader Hash Observation,Malware,IP ADDRESS,203.0.113.189,Public Threat Feed,60,HIGH,61,MONITORING,2026-05-12T23:27:29+00:00,2026-05-30T23:27:29+00:00,,Synthetic trojan hash sighted in demo data; associated with credential dumping behaviour in the sandbox report. ,,,,,6
THR-2024-0162,2024-11-16T23:27:29+00:00,Synthetic Fake Portal Domain,Phishing,FILE HASH,af3594cf0cbb9fbe2d20da5265dcbffedd855c5f2f5a9423fcf34fbe57799c3d,Research Report,50,CRITICAL,54,MONITORING,2024-11-04T23:27:29+00:00,2024-11-16T23:27:29+00:00,Latin America,Synthetic indicator of possible phishing relevance observed in demo telemetry. Insufficient behavioural context for further classification. ,,,,,1
THR-2025-0983,2025-02-05T23:27:29+00:00,Demo Exfiltration Endpoint Indicator,Data Exposure,IP ADDRESS,198.51.100.152,Public Threat Feed,40,MEDIUM,42,UNDER_REVIEW,2025-01-18T23:27:29+00:00,2025-02-05T23:27:29+00:00,Latin America,Synthetic exfiltration observation in demo telemetry; large outbound transfer attempts to an external endpoint were recorded. ,Exfiltration,T1048 (Exfiltration Over Alternative Protocol),,,5
THR-2025-0984,2025-07-18T23:27:29+00:00,Demo SQL Injection Attempt Indicator,Web Threats,IP ADDRESS,198.51.100.44,Security Vendor,60,LOW,50,CLOSED,2025-06-25T23:27:29+00:00,2025-07-18T23:27:29+00:00,Asia-Pacific,Synthetic indicator observed in web-monitoring demo data. No specific technique context available. ,,,,,8
THR-2025-0985,2025-04-06T23:27:29+00:00,Synthetic Phishing Infrastructure Sighting,Phishing,DOMAIN,hr-notice.support.invalid,Public Threat Feed,35,LOW,29,UNDER_REVIEW,2025-03-25T23:27:29+00:00,2025-04-06T23:27:29+00:00,Middle East & Africa,Synthetic indicator of possible phishing relevance observed in demo telemetry. Insufficient behavioural context for further classification. ,,,,,1
THR-2025-0986,2025-09-22T23:27:29+00:00,Synthetic Lookalike Domain Alert,Phishing,URL,http://demo.invalid/account/confirm,Research Report,55,HIGH,56,NEW,2025-09-13T23:27:29+00:00,2025-09-22T23:27:29+00:00,Europe,Synthetic e-mail attachment campaign observed in demo telemetry distributing phishing documents with credential harvest links. ,Initial Access,T1566.002 (Phishing: Spearphishing Link),,,8
THR-2026-0786,2026-07-11T23:27:29+00:00,Synthetic Exploitable Service Observation,Vulnerability Exposure,CVE ID,CVE-2024-900014,Community Submission,60,MEDIUM,58,MONITORING,2026-07-10T23:27:29+00:00,2026-07-11T23:27:29+00:00,,Synthetic vulnerability exposure record; demo asset inventory shows an unpatched public-facing service with a known exploit path. Defensive awareness only. ,Initial Access,T1190 (Exploit Public-Facing Application),CVE-2024-900014,,3
THR-2025-0987,2025-07-12T23:27:29+00:00,Synthetic Backdoor Beacon Observation,Malware,IP ADDRESS,203.0.113.60,Security Vendor,55,LOW,44,UNDER_REVIEW,2025-06-30T23:27:29+00:00,2025-07-12T23:27:29+00:00,Global,Synthetic trojan hash sighted in demo data; associated with credential dumping behaviour in the sandbox report. ,,,,,6
THR-2026-0787,2026-05-11T23:27:29+00:00,Synthetic Backdoor Beacon Observation,Malware,IP ADDRESS,192.0.2.208,Security Vendor,75,MEDIUM,59,CLOSED,2026-05-04T23:27:29+00:00,2026-05-11T23:27:29+00:00,Latin America,"Synthetic hash observed in demo telemetry. No behavioural report is available, so classification remains general. ",,,,,5
THR-2026-0788,2026-09-24T23:27:29+00:00,Synthetic Impersonation Attempt,Social Engineering,FILE HASH,a966d3dab1262ac3f34a52dc32507cc189a551c2,Research Report,75,CRITICAL,76,NEW,2026-09-21T23:27:29+00:00,2026-09-24T23:27:29+00:00,Middle East & Africa,Synthetic voice-phishing (vishing) attempt observed in demo telemetry; impersonation of the IT helpdesk was reported. ,Initial Access,T1566.003 (Phishing: Spearphishing Voice),,,4
THR-2024-0163,2024-11-25T23:27:29+00:00,Synthetic Backdoor Beacon Observation,Malware,IP ADDRESS,198.51.100.41,Security Vendor,50,INFORMATIONAL,30,MONITORING,2024-11-16T23:27:29+00:00,2024-11-25T23:27:29+00:00,Latin America,"Synthetic hash observed in demo telemetry. No behavioural report is available, so classification remains general. ",,,CVE-2026-900019,,2
THR-2026-0789,2026-09-22T23:27:29+00:00,Synthetic Account Takeover Risk Indicator,Account Security,IP ADDRESS,203.0.113.18,Internal SOC,100,LOW,68,FALSE_POSITIVE,2026-09-06T23:27:29+00:00,2026-09-22T23:27:29+00:00,Latin America,Synthetic account takeover risk indicator; demo telemetry shows compromised valid accounts used from unusual locations. ,Persistence,T1136 (Create Account),,,3
THR-2025-0988,2025-06-18T23:27:29+00:00,Synthetic Credential Harvester Sighting,Credential Theft,URL,https://team-share.auth.invalid/account/confirm,Internal SOC,70,MEDIUM,56,MONITORING,2025-06-12T23:27:29+00:00,2025-06-18T23:27:29+00:00,,Synthetic indicator observed during credential-abuse monitoring in demo telemetry. Context is limited. ,,,,,7
THR-2026-0790,2026-02-27T23:27:29+00:00,Synthetic Credential Stuffing Observation,Credential Theft,IP ADDRESS,203.0.113.84,Internal SOC,80,INFORMATIONAL,50,CLOSED,2026-02-15T23:27:29+00:00,2026-02-27T23:27:29+00:00,Unknown,Synthetic indicator observed during credential-abuse monitoring in demo telemetry. Context is limited. ,,,,,7
THR-2025-0989,2025-04-20T23:27:29+00:00,Synthetic Exploit Kit Domain,Web Threats,IP ADDRESS,2001:db8:2db:::7394,Security Vendor,55,MEDIUM,47,NEW,2025-04-17T23:27:29+00:00,2025-04-20T23:27:29+00:00,Global,Synthetic drive-by domain observed in demo data; client browser exploitation behaviour was simulated. ,Initial Access,T1190 (Exploit Public-Facing Application),CVE-2024-900002,,4
THR-2025-0990,2025-02-26T23:27:29+00:00,Synthetic Trojan Hash Indicator,Malware,FILE HASH,0302b01b48903677fce42d3bdcae5bfe9e007bf75baa9661d91cf1fa36696b82,Public Threat Feed,40,CRITICAL,55,MONITORING,2025-02-15T23:27:29+00:00,2025-02-26T23:27:29+00:00,Europe,Synthetic malware hash observed in demo telemetry; sample behaves as a downloader that executes an obfuscated payload and establishes C2 callback traffic. ,Execution,T1204.002 (User Execution: Malicious File),,,5
THR-2025-0991,2025-08-07T23:27:29+00:00,Demo Brute Force Activity,Credential Theft,IP ADDRESS,203.0.113.145,Research Report,55,LOW,39,UNDER_REVIEW,2025-07-31T23:27:29+00:00,2025-08-07T23:27:29+00:00,Asia-Pacific,Synthetic indicator observed during credential-abuse monitoring in demo telemetry. Context is limited. ,,,,,3
THR-2025-0992,2025-02-20T23:27:29+00:00,Demo Phishing Campaign Indicator,Phishing,URL,http://login.invalid/password-reset/verify,Security Vendor,55,CRITICAL,59,MONITORING,2025-02-14T23:27:29+00:00,2025-02-20T23:27:29+00:00,Middle East & Africa,Synthetic credential-phishing URL observed sending users to a fake account verification page in demo logs. ,Initial Access,T1566.002 (Phishing: Spearphishing Link),,,4
THR-2024-0164,2025-01-10T23:27:29+00:00,Synthetic Loader Hash Sighting,Malware,IP ADDRESS,203.0.113.137,Community Submission,35,HIGH,43,NEW,2024-12-25T23:27:29+00:00,2025-01-10T23:27:29+00:00,Global,"Synthetic hash observed in demo telemetry. No behavioural report is available, so classification remains general. ",,,,,2
THR-2026-0791,2026-09-18T23:27:29+00:00,Synthetic Phishing Lure Domain,Phishing,URL,https://login.portal.invalid/login,Research Report,75,HIGH,72,NEW,2026-08-19T23:27:29+00:00,2026-09-18T23:27:29+00:00,Asia-Pacific,Synthetic indicator of possible phishing relevance observed in demo telemetry. Insufficient behavioural context for further classification. ,,,,,9
THR-2026-0792,2026-05-08T23:27:29+00:00,Synthetic Lookalike Domain Alert,Phishing,URL,https://account.support.invalid/secure/login,Public Threat Feed,60,MEDIUM,52,FALSE_POSITIVE,2026-04-15T23:27:29+00:00,2026-05-08T23:27:29+00:00,Asia-Pacific,Synthetic indicator of possible phishing relevance observed in demo telemetry. Insufficient behavioural context for further classification. ,,,,,4
THR-2026-0793,2026-10-04T23:27:29+00:00,Synthetic Vulnerability Exposure Record,Vulnerability Exposure,CVE ID,CVE-2026-900025,Security Vendor,80,LOW,68,FALSE_POSITIVE,2026-09-27T23:27:29+00:00,2026-10-04T23:27:29+00:00,Unknown,Synthetic vulnerability exposure record; demo asset inventory shows an unpatched public-facing service with a known exploit path. Defensive awareness only. ,Initial Access,T1190 (Exploit Public-Facing Application),CVE-2026-900025,,7
THR-2026-0794,2026-07-02T23:27:29+00:00,Synthetic CEO Fraud Domain,Social Engineering,URL,https://payment.updates.invalid/secure/login,Public Threat Feed,55,HIGH,52,MONITORING,2026-06-14T23:27:29+00:00,2026-07-02T23:27:29+00:00,Unknown,Synthetic indicator reported through the demo social-engineering reporting channel. Context is limited. ,,,,,1
THR-2026-0795,2026-04-27T23:27:29+00:00,Demo SQL Injection Attempt Indicator,Web Threats,IP ADDRESS,198.51.100.179,Community Submission,60,HIGH,62,NEW,2026-04-16T23:27:29+00:00,2026-04-27T23:27:29+00:00,,Synthetic web attack indicator observed in demo telemetry; exploitation attempts against a public-facing application were recorded in demo logs. ,Initial Access,T1190 (Exploit Public-Facing Application),,,9
THR-2025-0993,2025-12-16T23:27:29+00:00,Synthetic CEO Fraud Domain,Social Engineering,URL,http://mail.billing.invalid/account/confirm,Research Report,65,MEDIUM,51,MONITORING,2025-11-30T23:27:29+00:00,2025-12-16T23:27:29+00:00,Asia-Pacific,Synthetic indicator reported through the demo social-engineering reporting channel. Context is limited. ,,,,,3
THR-2025-0994,2025-12-06T23:27:29+00:00,Demo Malware Distribution Observation,Malware,FILE HASH,0e2f99a4045b889ba5f81b9738072e1c,Community Submission,45,HIGH,47,NEW,2025-11-08T23:27:29+00:00,2025-12-06T23:27:29+00:00,Latin America,"Synthetic hash observed in demo telemetry. No behavioural report is available, so classification remains general. ",,,,,1
THR-2025-0995,2025-10-31T23:27:29+00:00,Synthetic Backdoor Beacon Observation,Malware,FILE HASH,60fe47441f52c6682501e9e7b46456e7,Internal SOC,80,MEDIUM,56,CLOSED,2025-10-12T23:27:29+00:00,2025-10-31T23:27:29+00:00,Latin America,"Synthetic hash observed in demo telemetry. No behavioural report is available, so classification remains general. ",,,,,3
THR-2025-0996,2025-04-02T23:27:29+00:00,Synthetic Ransomware Sample,Ransomware,FILE HASH,75249669c6b546671779a060ce6b3e97b091d8401b27642273d21395613e9a08,Community Submission,35,CRITICAL,49,NEW,2025-04-02T23:27:29+00:00,2025-04-02T23:27:29+00:00,,Synthetic ransomware sample observed in demo telemetry; the sample attempts file encryption of user documents and inhibits system recovery options. ,Impact,T1486 (Data Encrypted for Impact),,,2
THR-2025-0997,2025-05-26T23:27:29+00:00,Demo Ransomware C2 Observation,Ransomware,FILE HASH,3770f5f39380ec4a73bccb76ac8f88c2c57503424f79f4c17d624e6f8a36285c,Research Report,55,CRITICAL,58,NEW,2025-04-29T23:27:29+00:00,2025-05-26T23:27:29+00:00,Global,Synthetic ransomware indicator observed in demo data; associated with service stop behaviour prior to encryption and data extortion staging. ,Impact,T1486 (Data Encrypted for Impact),,,3
THR-2026-0796,2026-02-13T23:27:29+00:00,Synthetic Ransomware Sample,Ransomware,URL,http://payment.example.org/update-password,Unknown Source,25,CRITICAL,54,CLOSED,2026-02-12T23:27:29+00:00,2026-02-13T23:27:29+00:00,Latin America,Synthetic ransomware sample observed in demo telemetry; the sample attempts file encryption of user documents and inhibits system recovery options. ,Impact,T1486 (Data Encrypted for Impact),,,8
THR-2026-0797,2026-02-04T23:27:29+00:00,Demo Brute Force Activity,Credential Theft,IP ADDRESS,198.51.100.72,Research Report,75,HIGH,68,CLOSED,2026-01-15T23:27:29+00:00,2026-02-04T23:27:29+00:00,Asia-Pacific,Synthetic indicator observed during credential-abuse monitoring in demo telemetry. Context is limited. ,,,,,7
THR-2026-0798,2026-05-08T23:27:29+00:00,Synthetic Phishing Infrastructure Sighting,Phishing,URL,http://team-share.secure.invalid/team/share,Research Report,75,HIGH,64,MONITORING,2026-04-11T23:27:29+00:00,2026-05-08T23:27:29+00:00,Global,Synthetic e-mail attachment campaign observed in demo telemetry distributing phishing documents with credential harvest links. ,Initial Access,T1566.002 (Phishing: Spearphishing Link),,,4
THR-2026-0799,2026-09-15T23:27:29+00:00,Demo SMiShing Sender Observation,Social Engineering,FILE HASH,5fdf5dde8b7bcb858ea8771e98ad50ea6526a703c6cf20cdf527b539a4b05792,Internal SOC,85,LOW,58,NEW,2026-09-10T23:27:29+00:00,2026-09-15T23:27:29+00:00,Europe,Synthetic voice-phishing (vishing) attempt observed in demo telemetry; impersonation of the IT helpdesk was reported. ,Initial Access,T1566.003 (Phishing: Spearphishing Voice),,,2
THR-2024-0165,2024-12-21T23:27:29+00:00,Synthetic Lookalike Domain Alert,Phishing,URL,https://support.portal.invalid/password-reset/verify,Unknown Source,15,HIGH,42,NEW,2024-12-02T23:27:29+00:00,2024-12-21T23:27:29+00:00,Middle East & Africa,Synthetic indicator of possible phishing relevance observed in demo telemetry. Insufficient behavioural context for further classification. ,,,,,7
THR-2025-0998,2025-04-20T23:27:29+00:00,Synthetic Lookalike Domain Alert,Phishing,DOMAIN,billing.mail.invalid,Security Vendor,55,INFORMATIONAL,38,FALSE_POSITIVE,2025-04-04T23:27:29+00:00,2025-04-20T23:27:29+00:00,North America,Synthetic e-mail attachment campaign observed in demo telemetry distributing phishing documents with credential harvest links. ,Initial Access,T1566.002 (Phishing: Spearphishing Link),,,6
THR-2025-0999,2025-02-28T23:27:29+00:00,Demo Credential Phishing Observation,Phishing,FILE HASH,fbf107fc656aac307f2ef231bac8275d4ff6d8e5fcd4b864780608320aa8ee22,Security Vendor,50,LOW,35,NEW,2025-02-07T23:27:29+00:00,2025-02-28T23:27:29+00:00,,Synthetic phishing lure domain observed in demo telemetry; the domain mimics a login verification portal. Indicator is analysed as data only - never visited. ,Initial Access,T1566.002 (Phishing: Spearphishing Link),,,1
THR-2026-0800,2026-06-05T23:27:29+00:00,Demo Credential Phishing Observation,Phishing,URL,http://wire-transfer.billing.invalid/attachment/invoice-2026.zip.html,Community Submission,55,INFORMATIONAL,34,CLOSED,2026-05-17T23:27:29+00:00,2026-06-05T23:27:29+00:00,Unknown,Synthetic indicator of possible phishing relevance observed in demo telemetry. Insufficient behavioural context for further classification. ,,,,,1
THR-2025-1000,2025-09-30T23:27:29+00:00,Demo Vishing Campaign Indicator,Social Engineering,IP ADDRESS,203.0.113.68,Internal SOC,70,MEDIUM,56,CLOSED,2025-09-03T23:27:29+00:00,2025-09-30T23:27:29+00:00,Europe,Synthetic indicator reported through the demo social-engineering reporting channel. Context is limited. ,,,,,9
THR-2026-0801,2026-09-27T23:27:29+00:00,Synthetic Vulnerability Exposure Record,Vulnerability Exposure,CVE ID,CVE-2026-900006,Community Submission,70,HIGH,69,NEW,2026-09-19T23:27:29+00:00,2026-09-27T23:27:29+00:00,Middle East & Africa,Synthetic vulnerability-related indicator from demo asset review. Detailed context pending. ,,,CVE-2026-900006,,2
THR-2025-1001,2025-11-17T23:27:29+00:00,Demo Ransomware Payload Hash,Ransomware,FILE HASH,018f09389ce0435721125f39f0d5a9428709c01b,Internal SOC,80,CRITICAL,74,NEW,2025-10-29T23:27:29+00:00,2025-11-17T23:27:29+00:00,Latin America,Synthetic indicator tentatively associated with ransomware activity in demo data. Behavioural context is not yet available. ,,,,,7
THR-2026-0802,2026-05-14T23:27:29+00:00,Synthetic Credential Harvester Sighting,Credential Theft,IP ADDRESS,192.0.2.209,Internal SOC,95,INFORMATIONAL,60,MONITORING,2026-05-01T23:27:29+00:00,2026-05-14T23:27:29+00:00,Latin America,Synthetic indicator observed during credential-abuse monitoring in demo telemetry. Context is limited. ,,,,,6
THR-2026-0803,2026-06-19T23:27:29+00:00,Demo Credential Phishing Observation,Phishing,FILE HASH,dbffd5eb4869f86f949fadc816550c61ed6af285b21d0e640e842434cbf5d48a,Public Threat Feed,60,LOW,44,MONITORING,2026-05-24T23:27:29+00:00,2026-06-19T23:27:29+00:00,Global,Synthetic e-mail attachment campaign observed in demo telemetry distributing phishing documents with credential harvest links. ,Initial Access,T1566.002 (Phishing: Spearphishing Link),,,3
THR-2025-1002,2025-06-28T23:27:29+00:00,Demo Credential Phishing Observation,Phishing,IP ADDRESS,192.0.2.235,Internal SOC,70,MEDIUM,52,UNDER_REVIEW,2025-06-10T23:27:29+00:00,2025-06-28T23:27:29+00:00,Global,Synthetic phishing lure domain observed in demo telemetry; the domain mimics a login verification portal. Indicator is analysed as data only - never visited. ,Initial Access,T1566.002 (Phishing: Spearphishing Link),,,4
THR-2025-1003,2025-08-28T23:27:29+00:00,Demo Exfiltration Endpoint Indicator,Data Exposure,IP ADDRESS,203.0.113.94,Internal SOC,80,CRITICAL,73,FALSE_POSITIVE,2025-08-02T23:27:29+00:00,2025-08-28T23:27:29+00:00,Latin America,Synthetic e-mail collection behaviour observed in demo data; mailbox export activity was simulated. ,Collection,T1114 (Email Collection),,,5
THR-2025-1004,2025-02-20T23:27:29+00:00,Synthetic Backdoor Beacon Observation,Malware,FILE HASH,9316fedc9e7d1ce3a95de7ad7825e670809be4e24efbba7e474224d367c0bff7,Community Submission,35,LOW,31,MONITORING,2025-02-17T23:27:29+00:00,2025-02-20T23:27:29+00:00,,Synthetic malware hash observed in demo telemetry; sample behaves as a downloader that executes an obfuscated payload and establishes C2 callback traffic. ,Execution,T1204.002 (User Execution: Malicious File),,,2
THR-2025-1005,2025-03-16T23:27:29+00:00,Demo Port Scan Activity Indicator,Network Threats,URL,http://example.com/login,Security Vendor,55,INFORMATIONAL,38,MONITORING,2025-02-19T23:27:29+00:00,2025-03-16T23:27:29+00:00,Europe,Synthetic network indicator recorded in demo telemetry. Limited contextual evidence. ,,,,,6
THR-2024-0166,2025-01-18T23:27:29+00:00,Synthetic Public Leak Domain Sighting,Data Exposure,URL,http://mail.updates.invalid/portal/verify,Security Vendor,55,LOW,42,UNDER_REVIEW,2024-12-28T23:27:29+00:00,2025-01-18T23:27:29+00:00,Unknown,Synthetic indicator associated with possible data-exposure monitoring in demo data. Context is limited. ,,,,,5
THR-2026-0804,2026-06-08T23:27:29+00:00,Synthetic Lookalike Domain Alert,Phishing,FILE HASH,1c3d3d490652a2a77af52fbfe042bfb97fd38f0a856ec1099f53114d578022df,Internal SOC,90,HIGH,73,MONITORING,2026-05-21T23:27:29+00:00,2026-06-08T23:27:29+00:00,Latin America,Synthetic credential-phishing URL observed sending users to a fake account verification page in demo logs. ,Initial Access,T1566.002 (Phishing: Spearphishing Link),,,8
THR-2025-1006,2025-01-31T23:27:29+00:00,Demo Phishing Campaign Indicator,Phishing,DOMAIN,payment.billing.invalid,Research Report,55,INFORMATIONAL,38,MONITORING,2025-01-22T23:27:29+00:00,2025-01-31T23:27:29+00:00,,Synthetic indicator of possible phishing relevance observed in demo telemetry. Insufficient behavioural context for further classification. ,,,,,8
THR-2025-1007,2025-03-11T23:27:29+00:00,Demo Ransomware C2 Observation,Ransomware,FILE HASH,e8c9ccb01de8609a3c9789d06b43b24b228dbdd7147c243d8c13b563959caebb,Security Vendor,50,CRITICAL,54,MONITORING,2025-03-06T23:27:29+00:00,2025-03-11T23:27:29+00:00,Latin America,Synthetic indicator tentatively associated with ransomware activity in demo data. Behavioural context is not yet available. ,,,,,1
THR-2025-1008,2025-01-26T23:27:29+00:00,Synthetic Credential Harvester Sighting,Credential Theft,IP ADDRESS,203.0.113.205,Public Threat Feed,45,LOW,44,CLOSED,2025-01-11T23:27:29+00:00,2025-01-26T23:27:29+00:00,Unknown,Synthetic credential stuffing activity observed in demo telemetry; high volume of brute force attempts against login endpoints from shared infrastructure. ,Credential Access,T1110 (Brute Force),,,9
THR-2026-0805,2026-06-27T23:27:29+00:00,Demo Abnormal Login Pattern Observation,Account Security,IP ADDRESS,192.0.2.82,Security Vendor,80,INFORMATIONAL,54,UNDER_REVIEW,2026-06-02T23:27:29+00:00,2026-06-27T23:27:29+00:00,Global,Synthetic indicator from demo account-monitoring telemetry. Context is limited. ,Persistence,T1136 (Create Account),,,8
THR-2024-0167,2024-12-02T23:27:29+00:00,Synthetic Phishing Infrastructure Sighting,Phishing,URL,http://cloud-backup.login.invalid/attachment/invoice-2026.zip.html,Security Vendor,55,MEDIUM,50,MONITORING,2024-11-29T23:27:29+00:00,2024-12-02T23:27:29+00:00,Latin America,Synthetic indicator of possible phishing relevance observed in demo telemetry. Insufficient behavioural context for further classification. ,,,,,9
THR-2026-0806,2026-05-03T23:27:29+00:00,Demo SQL Injection Attempt Indicator,Web Threats,IP ADDRESS,198.51.100.221,Public Threat Feed,65,MEDIUM,61,MONITORING,2026-04-10T23:27:29+00:00,2026-05-03T23:27:29+00:00,Europe,Synthetic web attack indicator observed in demo telemetry; exploitation attempts against a public-facing application were recorded in demo logs. ,Initial Access,T1190 (Exploit Public-Facing Application),,,8
THR-2026-0807,2026-08-13T23:27:29+00:00,Synthetic Exploitable Service Observation,Vulnerability Exposure,URL,https://billing.invalid/login,Community Submission,60,CRITICAL,71,MONITORING,2026-07-30T23:27:29+00:00,2026-08-13T23:27:29+00:00,North America,Synthetic vulnerability exposure record; demo asset inventory shows an unpatched public-facing service with a known exploit path. Defensive awareness only. ,Initial Access,T1190 (Exploit Public-Facing Application),CVE-2025-900005,,8
THR-2025-1009,2025-09-24T23:27:29+00:00,Synthetic Backdoor Beacon Observation,Malware,FILE HASH,071c7d00f9bb35d8fb677f28c96222c4,Internal SOC,65,HIGH,54,NEW,2025-09-02T23:27:29+00:00,2025-09-24T23:27:29+00:00,,Synthetic malware hash observed in demo telemetry; sample behaves as a downloader that executes an obfuscated payload and establishes C2 callback traffic. ,Execution,T1204.002 (User Execution: Malicious File),,,2
THR-2025-1010,2025-11-23T23:27:29+00:00,Synthetic Trojan Hash Indicator,Malware,FILE HASH,31cd178a2c1afdec5e0ccd1affae9a4107cca3930340638ea7a89c857d31b97e,Public Threat Feed,50,MEDIUM,50,MONITORING,2025-10-30T23:27:29+00:00,2025-11-23T23:27:29+00:00,North America,"Synthetic hash observed in demo telemetry. No behavioural report is available, so classification remains general. ",,,,,6
THR-2024-0168,2024-12-06T23:27:29+00:00,Demo Exfiltration Endpoint Indicator,Data Exposure,URL,http://cloud-backup.portal.invalid/secure-update/payment,Security Vendor,50,MEDIUM,42,UNDER_REVIEW,2024-12-02T23:27:29+00:00,2024-12-06T23:27:29+00:00,,Synthetic exfiltration observation in demo telemetry; large outbound transfer attempts to an external endpoint were recorded. ,Exfiltration,T1048 (Exfiltration Over Alternative Protocol),,,2
THR-2025-1011,2025-10-12T23:27:29+00:00,Demo Exfiltration Endpoint Indicator,Data Exposure,DOMAIN,helpdesk.example.net,Unknown Source,25,LOW,34,UNDER_REVIEW,2025-10-02T23:27:29+00:00,2025-10-12T23:27:29+00:00,Unknown,Synthetic exfiltration observation in demo telemetry; large outbound transfer attempts to an external endpoint were recorded. ,Exfiltration,T1048 (Exfiltration Over Alternative Protocol),,,5
THR-2026-0808,2026-10-04T23:27:29+00:00,Synthetic Vulnerability Exposure Record,Vulnerability Exposure,CVE ID,CVE-2026-900002,Public Threat Feed,55,LOW,52,FALSE_POSITIVE,2026-09-17T23:27:29+00:00,2026-10-04T23:27:29+00:00,Asia-Pacific,Synthetic vulnerability-related indicator from demo asset review. Detailed context pending. ,,,CVE-2026-900002,,1
THR-2026-0809,2026-07-15T23:27:29+00:00,Synthetic Backdoor Beacon Observation,Malware,FILE HASH,f7d0d563054bed87ec20f631a5178c048af3d4c0,Community Submission,60,INFORMATIONAL,42,NEW,2026-07-11T23:27:29+00:00,2026-07-15T23:27:29+00:00,North America,Synthetic malware hash observed in demo telemetry; sample behaves as a downloader that executes an obfuscated payload and establishes C2 callback traffic. ,Execution,T1204.002 (User Execution: Malicious File),CVE-2025-900024,,3
THR-2026-0810,2026-10-04T23:27:29+00:00,Synthetic Credential Stuffing Observation,Credential Theft,IP ADDRESS,198.51.100.230,Security Vendor,75,MEDIUM,65,MONITORING,2026-09-20T23:27:29+00:00,2026-10-04T23:27:29+00:00,Unknown,Synthetic indicator observed during credential-abuse monitoring in demo telemetry. Context is limited. ,,,,,4
THR-2024-0169,2024-12-19T23:27:29+00:00,Demo Credential Phishing Observation,Phishing,URL,http://team-share.demo.invalid/verify-account.html,Internal SOC,70,MEDIUM,54,CLOSED,2024-12-06T23:27:29+00:00,2024-12-19T23:27:29+00:00,Asia-Pacific,Synthetic phishing lure domain observed in demo telemetry; the domain mimics a login verification portal. Indicator is analysed as data only - never visited. ,Initial Access,T1566.002 (Phishing: Spearphishing Link),,,5
THR-2025-1012,2025-10-12T23:27:29+00:00,Demo Drive-by Download Serving Domain,Web Threats,IP ADDRESS,192.0.2.131,Community Submission,55,HIGH,61,CLOSED,2025-10-05T23:27:29+00:00,2025-10-12T23:27:29+00:00,Asia-Pacific,Synthetic web attack indicator observed in demo telemetry; exploitation attempts against a public-facing application were recorded in demo logs. ,Initial Access,T1190 (Exploit Public-Facing Application),,,6
THR-2025-1013,2025-04-13T23:27:29+00:00,Demo Malware Distribution Observation,Malware,FILE HASH,b48bae980c20c82a317e342c5f3ed6caae9c01fa654f23709780304f91f5c958,Community Submission,40,HIGH,47,MONITORING,2025-03-23T23:27:29+00:00,2025-04-13T23:27:29+00:00,North America,Synthetic malware hash observed in demo telemetry; sample behaves as a downloader that executes an obfuscated payload and establishes C2 callback traffic. ,Execution,T1204.002 (User Execution: Malicious File),CVE-2024-900030,,4
THR-2026-0811,2026-05-25T23:27:29+00:00,Synthetic Public Leak Domain Sighting,Data Exposure,URL,https://update.portal.invalid/account/confirm,Public Threat Feed,60,MEDIUM,54,CLOSED,2026-05-01T23:27:29+00:00,2026-05-25T23:27:29+00:00,,Synthetic exfiltration observation in demo telemetry; large outbound transfer attempts to an external endpoint were recorded. ,Exfiltration,T1048 (Exfiltration Over Alternative Protocol),,,5
THR-2026-0812,2026-08-27T23:27:29+00:00,Synthetic Beaconing Host Indicator,Network Threats,URL,http://auth.invalid/account/confirm,Research Report,75,HIGH,70,MONITORING,2026-08-05T23:27:29+00:00,2026-08-27T23:27:29+00:00,,Synthetic command-and-control channel observed in demo telemetry; host beacon traffic to a C2 endpoint was recorded. ,Command and Control,T1071 (Application Layer Protocol),,,6
THR-2025-1014,2025-02-28T23:27:29+00:00,Synthetic Lookalike Domain Alert,Phishing,URL,https://portal.secure.invalid/attachment/invoice-2026.zip.html,Internal SOC,70,MEDIUM,56,FALSE_POSITIVE,2025-01-31T23:27:29+00:00,2025-02-28T23:27:29+00:00,Middle East & Africa,Synthetic phishing lure domain observed in demo telemetry; the domain mimics a login verification portal. Indicator is analysed as data only - never visited. ,Initial Access,T1566.002 (Phishing: Spearphishing Link),,,9
THR-2025-1015,2025-05-17T23:27:29+00:00,Synthetic Phishing Infrastructure Sighting,Phishing,URL,http://mail.example.com/secure/login,Internal SOC,70,MEDIUM,52,MONITORING,2025-05-11T23:27:29+00:00,2025-05-17T23:27:29+00:00,Latin America,Synthetic e-mail attachment campaign observed in demo telemetry distributing phishing documents with credential harvest links. ,Initial Access,T1566.002 (Phishing: Spearphishing Link),,,4
THR-2026-0813,2026-02-27T23:27:29+00:00,Demo Drive-by Download Serving Domain,Web Threats,IP ADDRESS,198.51.100.246,Public Threat Feed,55,LOW,49,MONITORING,2026-02-26T23:27:29+00:00,2026-02-27T23:27:29+00:00,,Synthetic web attack indicator observed in demo telemetry; exploitation attempts against a public-facing application were recorded in demo logs. ,Initial Access,T1190 (Exploit Public-Facing Application),,,7
THR-2025-1016,2025-02-25T23:27:29+00:00,Synthetic Vulnerability Exposure Record,Vulnerability Exposure,CVE ID,CVE-2026-900011,Unknown Source,25,INFORMATIONAL,31,CLOSED,2025-01-30T23:27:29+00:00,2025-02-25T23:27:29+00:00,Latin America,Synthetic exploitable service observation; demo scanning metadata indicates exposure requiring patch review. ,Initial Access,T1190 (Exploit Public-Facing Application),CVE-2026-900011,,7
THR-2026-0814,2026-09-21T23:27:29+00:00,Demo Phishing Campaign Indicator,Phishing,IP ADDRESS,192.0.2.148,Unknown Source,40,LOW,52,NEW,2026-09-13T23:27:29+00:00,2026-09-21T23:27:29+00:00,Unknown,Synthetic credential-phishing URL observed sending users to a fake account verification page in demo logs. ,Initial Access,T1566.002 (Phishing: Spearphishing Link),,,9
THR-2026-0815,2026-03-18T23:27:29+00:00,Demo Ransomware Payload Hash,Ransomware,FILE HASH,416c1ad54b34e6ab185dcfeec274d82d0fb1dead8d15244e90155464307f893e,Internal SOC,80,LOW,56,MONITORING,2026-03-05T23:27:29+00:00,2026-03-18T23:27:29+00:00,,Synthetic indicator tentatively associated with ransomware activity in demo data. Behavioural context is not yet available. ,,,,,7
THR-2026-0816,2026-07-01T23:27:29+00:00,Synthetic Beaconing Host Indicator,Network Threats,IP ADDRESS,192.0.2.121,Community Submission,65,MEDIUM,61,MONITORING,2026-06-19T23:27:29+00:00,2026-07-01T23:27:29+00:00,Middle East & Africa,Synthetic command-and-control channel observed in demo telemetry; host beacon traffic to a C2 endpoint was recorded. ,Command and Control,T1071 (Application Layer Protocol),,,7
THR-2025-1017,2025-03-31T23:27:29+00:00,Demo Port Scan Activity Indicator,Network Threats,IP ADDRESS,198.51.100.135,Public Threat Feed,40,CRITICAL,57,MONITORING,2025-03-15T23:27:29+00:00,2025-03-31T23:27:29+00:00,Latin America,Synthetic scanning behaviour observed in demo data; network service scan attempts were logged from this address. ,Discovery,T1046 (Network Service Discovery),,,7
THR-2026-0817,2026-01-22T23:27:29+00:00,Demo Ransomware Payload Hash,Ransomware,IP ADDRESS,192.0.2.136,Security Vendor,70,HIGH,66,FALSE_POSITIVE,2026-01-11T23:27:29+00:00,2026-01-22T23:27:29+00:00,Asia-Pacific,Synthetic ransomware sample observed in demo telemetry; the sample attempts file encryption of user documents and inhibits system recovery options. ,Impact,T1486 (Data Encrypted for Impact),,,6
THR-2025-1018,2025-05-01T23:27:29+00:00,Synthetic Impersonation Attempt,Social Engineering,URL,http://support.portal.invalid/secure-update/payment,Public Threat Feed,40,HIGH,50,NEW,2025-04-03T23:27:29+00:00,2025-05-01T23:27:29+00:00,Unknown,Synthetic indicator reported through the demo social-engineering reporting channel. Context is limited. ,,,,,8
THR-2025-1019,2025-02-01T23:27:29+00:00,Synthetic Credential Stuffing Observation,Credential Theft,IP ADDRESS,203.0.113.56,Research Report,50,HIGH,47,MONITORING,2025-01-29T23:27:29+00:00,2025-02-01T23:27:29+00:00,Europe,Synthetic credential stuffing activity observed in demo telemetry; high volume of brute force attempts against login endpoints from shared infrastructure. ,Credential Access,T1110 (Brute Force),,,1
THR-2025-1020,2025-02-22T23:27:29+00:00,Synthetic Backdoor Beacon Observation,Malware,IP ADDRESS,203.0.113.40,Research Report,60,LOW,50,CLOSED,2025-02-09T23:27:29+00:00,2025-02-22T23:27:29+00:00,Global,Synthetic malware hash observed in demo telemetry; sample behaves as a downloader that executes an obfuscated payload and establishes C2 callback traffic. ,Execution,T1204.002 (User Execution: Malicious File),,,9
THR-2024-0170,2025-01-04T23:27:29+00:00,Synthetic C2 Callback Observation,Network Threats,URL,https://wire-transfer.portal.invalid/team/share,Security Vendor,55,HIGH,56,NEW,2024-12-29T23:27:29+00:00,2025-01-04T23:27:29+00:00,Latin America,Synthetic scanning behaviour observed in demo data; network service scan attempts were logged from this address. ,Discovery,T1046 (Network Service Discovery),,,7
THR-2025-1021,2025-07-07T23:27:29+00:00,Synthetic Trojan Hash Indicator,Malware,FILE HASH,b79f1d5f839ada569d63d59ff5ca3b7c1469d727,Research Report,55,HIGH,56,UNDER_REVIEW,2025-06-20T23:27:29+00:00,2025-07-07T23:27:29+00:00,Asia-Pacific,Synthetic malware hash observed in demo telemetry; sample behaves as a downloader that executes an obfuscated payload and establishes C2 callback traffic. ,Execution,T1204.002 (User Execution: Malicious File),,,6
THR-2025-1022,2025-11-01T23:27:29+00:00,Synthetic Lookalike Domain Alert,Phishing,URL,https://notify.example.org/secure-update/payment,Public Threat Feed,45,MEDIUM,41,MONITORING,2025-10-02T23:27:29+00:00,2025-11-01T23:27:29+00:00,Unknown,Synthetic indicator of possible phishing relevance observed in demo telemetry. Insufficient behavioural context for further classification. ,,,,,1
THR-2025-1023,2025-11-01T23:27:29+00:00,Synthetic Account Takeover Risk Indicator,Account Security,IP ADDRESS,203.0.113.33,Public Threat Feed,50,MEDIUM,50,MONITORING,2025-10-10T23:27:29+00:00,2025-11-01T23:27:29+00:00,Global,Synthetic indicator from demo account-monitoring telemetry. Context is limited. ,Persistence,T1136 (Create Account),,,8
THR-2025-1024,2025-11-18T23:27:29+00:00,Synthetic Phishing Infrastructure Sighting,Phishing,IP ADDRESS,203.0.113.140,Internal SOC,85,CRITICAL,74,FALSE_POSITIVE,2025-10-26T23:27:29+00:00,2025-11-18T23:27:29+00:00,North America,Synthetic indicator of possible phishing relevance observed in demo telemetry. Insufficient behavioural context for further classification. ,,,,,3
THR-2025-1025,2025-04-28T23:27:29+00:00,Synthetic Lookalike Domain Alert,Phishing,EMAIL DOMAIN,document.billing.invalid,Security Vendor,55,LOW,44,MONITORING,2025-04-26T23:27:29+00:00,2025-04-28T23:27:29+00:00,Latin America,Synthetic indicator of possible phishing relevance observed in demo telemetry. Insufficient behavioural context for further classification. ,,,,,9
THR-2025-1026,2025-10-24T23:27:29+00:00,Synthetic Exploitable Service Observation,Vulnerability Exposure,CVE ID,CVE-2024-900027,Public Threat Feed,60,MEDIUM,56,CLOSED,2025-10-01T23:27:29+00:00,2025-10-24T23:27:29+00:00,Middle East & Africa,Synthetic vulnerability exposure record; demo asset inventory shows an unpatched public-facing service with a known exploit path. Defensive awareness only. ,Initial Access,T1190 (Exploit Public-Facing Application),CVE-2024-900027,,6
THR-2025-1027,2025-02-13T23:27:29+00:00,Synthetic Credential Stuffing Observation,Credential Theft,IP ADDRESS,192.0.2.71,Public Threat Feed,45,HIGH,54,NEW,2025-02-10T23:27:29+00:00,2025-02-13T23:27:29+00:00,Global,Synthetic indicator observed during credential-abuse monitoring in demo telemetry. Context is limited. ,,,,,5
THR-2025-1028,2025-04-26T23:27:29+00:00,Synthetic CEO Fraud Domain,Social Engineering,FILE HASH,f5ed12a6aff9578e42bd02041cdcc2c6d823a1f51b3d03c1abf200ee342f9b74,Public Threat Feed,35,LOW,31,NEW,2025-03-30T23:27:29+00:00,2025-04-26T23:27:29+00:00,North America,Synthetic SMiShing campaign indicator observed in demo data; messages impersonate a delivery service with a QR code lure. ,Initial Access,T1566.003 (Phishing: Spearphishing Voice),,,2
THR-2025-1029,2025-07-23T23:27:29+00:00,Demo Brute Force Activity,Credential Theft,IP ADDRESS,198.51.100.172,Security Vendor,65,CRITICAL,69,CLOSED,2025-06-26T23:27:29+00:00,2025-07-23T23:27:29+00:00,Latin America,Synthetic indicator observed during credential-abuse monitoring in demo telemetry. Context is limited. ,,,,,7
THR-2026-0818,2026-06-12T23:27:29+00:00,Demo Drive-by Download Serving Domain,Web Threats,URL,http://wire-transfer.login.invalid/document.html,Community Submission,60,HIGH,56,MONITORING,2026-06-04T23:27:29+00:00,2026-06-12T23:27:29+00:00,Europe,Synthetic web attack indicator observed in demo telemetry; exploitation attempts against a public-facing application were recorded in demo logs. ,Initial Access,T1190 (Exploit Public-Facing Application),,,3
THR-2025-1030,2025-12-19T23:27:29+00:00,Demo Drive-by Download Serving Domain,Web Threats,IP ADDRESS,198.51.100.67,Internal SOC,80,HIGH,67,UNDER_REVIEW,2025-12-17T23:27:29+00:00,2025-12-19T23:27:29+00:00,Middle East & Africa,Synthetic drive-by domain observed in demo data; client browser exploitation behaviour was simulated. ,Initial Access,T1190 (Exploit Public-Facing Application),,,6
THR-2025-1031,2025-12-31T23:27:29+00:00,Demo Downloader Hash Observation,Malware,FILE HASH,fd3446304b70c6df28f2741e7254350adb0f166eb81275b51ac76140cf77a09d,Community Submission,50,CRITICAL,61,NEW,2025-12-29T23:27:29+00:00,2025-12-31T23:27:29+00:00,North America,"Synthetic hash observed in demo telemetry. No behavioural report is available, so classification remains general. ",,,,,5
THR-2025-1032,2025-02-19T23:27:29+00:00,Synthetic Lookalike Domain Alert,Phishing,DOMAIN,signin.billing.invalid,Security Vendor,55,HIGH,56,MONITORING,2025-02-07T23:27:29+00:00,2025-02-19T23:27:29+00:00,,Synthetic indicator of possible phishing relevance observed in demo telemetry. Insufficient behavioural context for further classification. ,,,,,6
THR-2025-1033,2025-06-08T23:27:29+00:00,Synthetic Beaconing Host Indicator,Network Threats,IP ADDRESS,198.51.100.142,Community Submission,40,LOW,38,MONITORING,2025-06-08T23:27:29+00:00,2025-06-08T23:27:29+00:00,Europe,Synthetic network indicator recorded in demo telemetry. Limited contextual evidence. ,,,,,6
THR-2024-0171,2024-12-09T23:27:29+00:00,Synthetic C2 Callback Observation,Network Threats,URL,http://payment.example.net/password-reset/verify,Research Report,55,INFORMATIONAL,38,CLOSED,2024-11-18T23:27:29+00:00,2024-12-09T23:27:29+00:00,Europe,Synthetic command-and-control channel observed in demo telemetry; host beacon traffic to a C2 endpoint was recorded. ,Command and Control,T1071 (Application Layer Protocol),,,7
THR-2025-1034,2025-08-04T23:27:29+00:00,Demo Exfiltration Endpoint Indicator,Data Exposure,URL,http://service.example.com/verify-account.html,Community Submission,40,MEDIUM,44,MONITORING,2025-08-04T23:27:29+00:00,2025-08-04T23:27:29+00:00,Latin America,Synthetic indicator associated with possible data-exposure monitoring in demo data. Context is limited. ,,,,,9
THR-2025-1035,2025-02-10T23:27:29+00:00,Synthetic Exploitable Service Observation,Vulnerability Exposure,CVE ID,CVE-2025-900008,Internal SOC,70,LOW,48,MONITORING,2025-01-23T23:27:29+00:00,2025-02-10T23:27:29+00:00,Latin America,Synthetic vulnerability exposure record; demo asset inventory shows an unpatched public-facing service with a known exploit path. Defensive awareness only. ,Initial Access,T1190 (Exploit Public-Facing Application),CVE-2025-900008,,2
THR-2024-0172,2025-01-19T23:27:29+00:00,Synthetic Data Leak Observation,Data Exposure,IP ADDRESS,198.51.100.54,Internal SOC,70,HIGH,57,UNDER_REVIEW,2024-12-27T23:27:29+00:00,2025-01-19T23:27:29+00:00,Unknown,Synthetic e-mail collection behaviour observed in demo data; mailbox export activity was simulated. ,Collection,T1114 (Email Collection),,,3
THR-2026-0819,2026-07-31T23:27:29+00:00,Demo Password Spray Observation,Credential Theft,IP ADDRESS,198.51.100.64,Security Vendor,70,HIGH,62,MONITORING,2026-07-29T23:27:29+00:00,2026-07-31T23:27:29+00:00,North America,Synthetic indicator observed during credential-abuse monitoring in demo telemetry. Context is limited. ,,,,,2
THR-2026-0820,2026-07-28T23:27:29+00:00,Synthetic Credential Stuffing Observation,Credential Theft,IP ADDRESS,192.0.2.4,Unknown Source,35,MEDIUM,46,FALSE_POSITIVE,2026-07-09T23:27:29+00:00,2026-07-28T23:27:29+00:00,North America,Synthetic credential-harvesting page observed in demo telemetry; the page mimics a password store sign-in form. ,Credential Access,T1555 (Credentials from Password Stores),,,1
THR-2026-0821,2026-03-03T23:27:29+00:00,Synthetic Phishing Lure Domain,Phishing,URL,http://helpdesk.support.invalid/team/share,Community Submission,50,HIGH,56,NEW,2026-02-19T23:27:29+00:00,2026-03-03T23:27:29+00:00,Europe,Synthetic indicator of possible phishing relevance observed in demo telemetry. Insufficient behavioural context for further classification. ,,,,,9
THR-2025-1036,2025-06-22T23:27:29+00:00,Demo Downloader Hash Observation,Malware,IP ADDRESS,192.0.2.9,Security Vendor,55,HIGH,56,CLOSED,2025-06-13T23:27:29+00:00,2025-06-22T23:27:29+00:00,Middle East & Africa,Synthetic trojan hash sighted in demo data; associated with credential dumping behaviour in the sandbox report. ,,,CVE-2024-900003,,9
THR-2026-0822,2026-06-19T23:27:29+00:00,Demo Phishing Campaign Indicator,Phishing,URL,http://helpdesk.updates.invalid/document.html,Research Report,75,MEDIUM,61,CLOSED,2026-06-07T23:27:29+00:00,2026-06-19T23:27:29+00:00,Global,Synthetic credential-phishing URL observed sending users to a fake account verification page in demo logs. ,Initial Access,T1566.002 (Phishing: Spearphishing Link),,,9
THR-2025-1037,2025-07-25T23:27:29+00:00,Synthetic Loader Hash Sighting,Malware,FILE HASH,e26dfc211289262e5c0acd91dd5fd29b718cd40bedae735e14156473deb99e3b,Internal SOC,65,HIGH,54,CLOSED,2025-07-16T23:27:29+00:00,2025-07-25T23:27:29+00:00,Latin America,"Synthetic hash observed in demo telemetry. No behavioural report is available, so classification remains general. ",,,,,2
THR-2025-1038,2025-07-17T23:27:29+00:00,Synthetic Malware Sample Hash,Malware,FILE HASH,9933c55a4b843688ef7561ec1c004d52749792c785755618475803dcd5d7d7d6,Security Vendor,55,INFORMATIONAL,36,MONITORING,2025-06-29T23:27:29+00:00,2025-07-17T23:27:29+00:00,Global,Synthetic trojan hash sighted in demo data; associated with credential dumping behaviour in the sandbox report. ,,,,,5
THR-2026-0823,2026-04-14T23:27:29+00:00,Demo Credential Phishing Observation,Phishing,FILE HASH,50b71ac7533033931a1a320e249b8249,Public Threat Feed,60,CRITICAL,68,UNDER_REVIEW,2026-03-31T23:27:29+00:00,2026-04-14T23:27:29+00:00,Asia-Pacific,Synthetic phishing lure domain observed in demo telemetry; the domain mimics a login verification portal. Indicator is analysed as data only - never visited. ,Initial Access,T1566.002 (Phishing: Spearphishing Link),,,8
THR-2025-1039,2025-05-24T23:27:29+00:00,Demo Drive-by Download Serving Domain,Web Threats,URL,http://mail.updates.invalid/secure/login,Security Vendor,55,MEDIUM,47,FALSE_POSITIVE,2025-04-28T23:27:29+00:00,2025-05-24T23:27:29+00:00,Middle East & Africa,Synthetic drive-by domain observed in demo data; client browser exploitation behaviour was simulated. ,Initial Access,T1190 (Exploit Public-Facing Application),,,4
THR-2026-0824,2026-04-09T23:27:29+00:00,Synthetic Account Takeover Risk Indicator,Account Security,IP ADDRESS,192.0.2.75,Research Report,80,MEDIUM,66,MONITORING,2026-04-06T23:27:29+00:00,2026-04-09T23:27:29+00:00,Latin America,Synthetic indicator from demo account-monitoring telemetry. Context is limited. ,Persistence,T1136 (Create Account),,,7
THR-2025-1040,2025-02-21T23:27:29+00:00,Demo Ransomware C2 Observation,Ransomware,IP ADDRESS,192.0.2.104,Internal SOC,70,MEDIUM,56,CLOSED,2025-01-26T23:27:29+00:00,2025-02-21T23:27:29+00:00,Middle East & Africa,Synthetic indicator tentatively associated with ransomware activity in demo data. Behavioural context is not yet available. ,,,,,7
THR-2026-0825,2026-05-05T23:27:29+00:00,Demo Vishing Campaign Indicator,Social Engineering,IP ADDRESS,198.51.100.1,Internal SOC,95,HIGH,78,MONITORING,2026-05-02T23:27:29+00:00,2026-05-05T23:27:29+00:00,North America,Synthetic voice-phishing (vishing) attempt observed in demo telemetry; impersonation of the IT helpdesk was reported. ,Initial Access,T1566.003 (Phishing: Spearphishing Voice),,,8
THR-2026-0826,2026-04-29T23:27:29+00:00,Synthetic Web Injection Observation,Web Threats,IP ADDRESS,2001:db8:132:::8670,Research Report,75,CRITICAL,72,CLOSED,2026-03-31T23:27:29+00:00,2026-04-29T23:27:29+00:00,,Synthetic indicator observed in web-monitoring demo data. No specific technique context available. ,,,,,5
THR-2025-1041,2025-08-12T23:27:29+00:00,Synthetic Credential Harvester Sighting,Credential Theft,URL,http://portal.auth.invalid/secure-update/payment,Security Vendor,55,LOW,44,MONITORING,2025-07-17T23:27:29+00:00,2025-08-12T23:27:29+00:00,Global,Synthetic credential stuffing activity observed in demo telemetry; high volume of brute force attempts against login endpoints from shared infrastructure. ,Credential Access,T1110 (Brute Force),,,8
THR-2025-1042,2025-02-14T23:27:29+00:00,Synthetic Account Takeover Risk Indicator,Account Security,IP ADDRESS,203.0.113.234,Security Vendor,55,HIGH,56,MONITORING,2025-02-09T23:27:29+00:00,2025-02-14T23:27:29+00:00,Global,Synthetic indicator from demo account-monitoring telemetry. Context is limited. ,Persistence,T1136 (Create Account),,,6
THR-2025-1043,2025-01-30T23:27:29+00:00,Demo SQL Injection Attempt Indicator,Web Threats,IP ADDRESS,203.0.113.150,Community Submission,45,LOW,44,NEW,2025-01-30T23:27:29+00:00,2025-01-30T23:27:29+00:00,,Synthetic indicator observed in web-monitoring demo data. No specific technique context available. ,,,CVE-2026-900003,,7
THR-2025-1044,2025-10-27T23:27:29+00:00,Demo Password Spray Observation,Credential Theft,IP ADDRESS,198.51.100.174,Community Submission,50,CRITICAL,60,NEW,2025-10-20T23:27:29+00:00,2025-10-27T23:27:29+00:00,Unknown,Synthetic indicator observed during credential-abuse monitoring in demo telemetry. Context is limited. ,,,,,2
THR-2026-0827,2026-04-05T23:27:29+00:00,Synthetic C2 Callback Observation,Network Threats,IP ADDRESS,203.0.113.67,Public Threat Feed,50,HIGH,51,MONITORING,2026-03-22T23:27:29+00:00,2026-04-05T23:27:29+00:00,Unknown,Synthetic network indicator recorded in demo telemetry. Limited contextual evidence. ,,,,,3
THR-2025-1045,2025-08-07T23:27:29+00:00,Synthetic Exploitable Service Observation,Vulnerability Exposure,URL,https://example.net/secure-update/payment,Security Vendor,55,MEDIUM,47,FALSE_POSITIVE,2025-07-20T23:27:29+00:00,2025-08-07T23:27:29+00:00,Europe,Synthetic exploitable service observation; demo scanning metadata indicates exposure requiring patch review. ,Initial Access,T1190 (Exploit Public-Facing Application),CVE-2025-900029,,4
THR-2025-1046,2025-08-06T23:27:29+00:00,Synthetic Public Leak Domain Sighting,Data Exposure,URL,https://invoice.example.net/update-password,Public Threat Feed,35,MEDIUM,35,MONITORING,2025-07-24T23:27:29+00:00,2025-08-06T23:27:29+00:00,Asia-Pacific,Synthetic indicator associated with possible data-exposure monitoring in demo data. Context is limited. ,,,,,1
THR-2026-0828,2026-07-05T23:27:29+00:00,Synthetic Data Leak Observation,Data Exposure,URL,http://helpdesk.example.net/verify-account.html,Community Submission,60,LOW,46,FALSE_POSITIVE,2026-06-22T23:27:29+00:00,2026-07-05T23:27:29+00:00,Latin America,Synthetic indicator associated with possible data-exposure monitoring in demo data. Context is limited. ,,,,,4
THR-2025-1047,2025-07-02T23:27:29+00:00,Demo Unpatched Service Indicator,Vulnerability Exposure,CVE ID,CVE-2024-900025,Community Submission,45,LOW,44,MONITORING,2025-06-21T23:27:29+00:00,2025-07-02T23:27:29+00:00,Latin America,Synthetic vulnerability-related indicator from demo asset review. Detailed context pending. ,,,CVE-2024-900025,,8
THR-2025-1048,2025-12-14T23:27:29+00:00,Demo Malware Distribution Observation,Malware,FILE HASH,16d58810aa36c8108a714c8a3f59ff8171e67697452e89726d4caeee5aa623ee,Public Threat Feed,50,HIGH,54,CLOSED,2025-11-27T23:27:29+00:00,2025-12-14T23:27:29+00:00,Europe,"Synthetic hash observed in demo telemetry. No behavioural report is available, so classification remains general. ",,,,,5
THR-2025-1049,2025-01-13T23:27:29+00:00,Synthetic Malware Sample Hash,Malware,FILE HASH,42dafcab916108a3116d9cb07787593bd71f12dc8ae511a96f4e938bb5ce0645,Community Submission,40,LOW,38,NEW,2025-01-07T23:27:29+00:00,2025-01-13T23:27:29+00:00,Latin America,Synthetic malware hash observed in demo telemetry; sample behaves as a downloader that executes an obfuscated payload and establishes C2 callback traffic. ,Execution,T1204.002 (User Execution: Malicious File),,,8
THR-2025-1050,2025-05-28T23:27:29+00:00,Demo SMiShing Sender Observation,Social Engineering,FILE HASH,7857a32f6ebb54a179e4603b77ffe8c9,Public Threat Feed,40,LOW,38,CLOSED,2025-05-20T23:27:29+00:00,2025-05-28T23:27:29+00:00,,Synthetic indicator reported through the demo social-engineering reporting channel. Context is limited. ,,,,,9
THR-2025-1051,2025-02-16T23:27:29+00:00,Synthetic Public Leak Domain Sighting,Data Exposure,IP ADDRESS,203.0.113.167,Public Threat Feed,40,MEDIUM,40,MONITORING,2025-02-14T23:27:29+00:00,2025-02-16T23:27:29+00:00,Unknown,Synthetic e-mail collection behaviour observed in demo data; mailbox export activity was simulated. ,Collection,T1114 (Email Collection),,,1
THR-2025-1052,2025-07-23T23:27:29+00:00,Synthetic Phishing Lure Domain,Phishing,FILE HASH,8c38b9379f30465b8a0f8292bf3e3e845a5325f7,Internal SOC,70,CRITICAL,68,MONITORING,2025-07-05T23:27:29+00:00,2025-07-23T23:27:29+00:00,Global,Synthetic indicator of possible phishing relevance observed in demo telemetry. Insufficient behavioural context for further classification. ,,,,,6
THR-2026-0829,2026-04-03T23:27:29+00:00,Synthetic Phishing Lure Domain,Phishing,FILE HASH,761d33374be5d0a75fb632e313e5416621fec2c2ffbb81b1887b0c791b284b6d,Internal SOC,80,HIGH,64,MONITORING,2026-03-16T23:27:29+00:00,2026-04-03T23:27:29+00:00,Global,Synthetic phishing lure domain observed in demo telemetry; the domain mimics a login verification portal. Indicator is analysed as data only - never visited. ,Initial Access,T1566.002 (Phishing: Spearphishing Link),,,4
THR-2026-0830,2026-04-28T23:27:29+00:00,Synthetic Lookalike Domain Alert,Phishing,FILE HASH,fe78aa323a599ef94c5dcce4e2cf65ef,Security Vendor,70,CRITICAL,65,CLOSED,2026-04-14T23:27:29+00:00,2026-04-28T23:27:29+00:00,Asia-Pacific,Synthetic indicator of possible phishing relevance observed in demo telemetry. Insufficient behavioural context for further classification. ,,,,,1
THR-2025-1053,2025-09-28T23:27:29+00:00,Synthetic Lookalike Domain Alert,Phishing,URL,http://invoice.secure.invalid/password-reset/verify,Community Submission,40,HIGH,50,CLOSED,2025-09-02T23:27:29+00:00,2025-09-28T23:27:29+00:00,Unknown,Synthetic indicator of possible phishing relevance observed in demo telemetry. Insufficient behavioural context for further classification. ,,,,,8
THR-2026-0831,2026-02-05T23:27:29+00:00,Synthetic Exploit Kit Domain,Web Threats,URL,http://service.demo.invalid/password-reset/verify,Security Vendor,65,MEDIUM,51,CLOSED,2026-01-06T23:27:29+00:00,2026-02-05T23:27:29+00:00,Middle East & Africa,Synthetic drive-by domain observed in demo data; client browser exploitation behaviour was simulated. ,Initial Access,T1190 (Exploit Public-Facing Application),,,3
THR-2025-1054,2025-07-21T23:27:29+00:00,Synthetic Malware Sample Hash,Malware,FILE HASH,0b73b537b2e4ff180e78b17fdefef669ce18a47d297df2cf88d7b65d543828ab,Security Vendor,50,HIGH,48,MONITORING,2025-06-27T23:27:29+00:00,2025-07-21T23:27:29+00:00,North America,Synthetic malware hash observed in demo telemetry; sample behaves as a downloader that executes an obfuscated payload and establishes C2 callback traffic. ,Execution,T1204.002 (User Execution: Malicious File),CVE-2025-900006,,2
THR-2026-0832,2026-08-03T23:27:29+00:00,Demo SQL Injection Attempt Indicator,Web Threats,DOMAIN,signin.support.invalid,Security Vendor,75,CRITICAL,77,MONITORING,2026-07-23T23:27:29+00:00,2026-08-03T23:27:29+00:00,Latin America,Synthetic indicator observed in web-monitoring demo data. No specific technique context available. ,,,,,7
THR-2026-0833,2026-09-16T23:27:29+00:00,Demo Malware Distribution Observation,Malware,FILE HASH,caff0c3390051d72ee818393d383e9c36fe309499678600bd4e35b8070269aed,Unknown Source,35,MEDIUM,52,FALSE_POSITIVE,2026-08-18T23:27:29+00:00,2026-09-16T23:27:29+00:00,,Synthetic trojan hash sighted in demo data; associated with credential dumping behaviour in the sandbox report. ,,,,,9
THR-2026-0834,2026-03-13T23:27:29+00:00,Synthetic Trojan Hash Indicator,Malware,FILE HASH,da329beba8d7ecfd1ee5b9550715e7ab,Public Threat Feed,45,CRITICAL,55,MONITORING,2026-02-28T23:27:29+00:00,2026-03-13T23:27:29+00:00,Europe,Synthetic trojan hash sighted in demo data; associated with credential dumping behaviour in the sandbox report. ,,,CVE-2026-900012,,2
THR-2026-0835,2026-02-24T23:27:29+00:00,Demo Unpatched Service Indicator,Vulnerability Exposure,CVE ID,CVE-2024-900027,Unknown Source,35,CRITICAL,61,FALSE_POSITIVE,2026-02-04T23:27:29+00:00,2026-02-24T23:27:29+00:00,Unknown,Synthetic vulnerability exposure record; demo asset inventory shows an unpatched public-facing service with a known exploit path. Defensive awareness only. ,Initial Access,T1190 (Exploit Public-Facing Application),CVE-2024-900027,,9
THR-2025-1055,2025-12-27T23:27:29+00:00,Synthetic C2 Callback Observation,Network Threats,URL,https://wire-transfer.example.com/login,Internal SOC,80,CRITICAL,74,NEW,2025-12-13T23:27:29+00:00,2025-12-27T23:27:29+00:00,Middle East & Africa,Synthetic command-and-control channel observed in demo telemetry; host beacon traffic to a C2 endpoint was recorded. ,Command and Control,T1071 (Application Layer Protocol),,,6
THR-2025-1056,2025-04-22T23:27:29+00:00,Demo Drive-by Download Serving Domain,Web Threats,IP ADDRESS,2001:db8:532:::7668,Public Threat Feed,40,LOW,35,FALSE_POSITIVE,2025-04-03T23:27:29+00:00,2025-04-22T23:27:29+00:00,Latin America,Synthetic web attack indicator observed in demo telemetry; exploitation attempts against a public-facing application were recorded in demo logs. ,Initial Access,T1190 (Exploit Public-Facing Application),CVE-2024-900030,,4
THR-2026-0836,2026-08-04T23:27:29+00:00,Synthetic Lookalike Domain Alert,Phishing,URL,http://docusign-view.auth.invalid/document.html,Public Threat Feed,55,LOW,45,FALSE_POSITIVE,2026-07-12T23:27:29+00:00,2026-08-04T23:27:29+00:00,Asia-Pacific,Synthetic indicator of possible phishing relevance observed in demo telemetry. Insufficient behavioural context for further classification. ,,,,,2
THR-2026-0837,2026-01-30T23:27:29+00:00,Demo Phishing Campaign Indicator,Phishing,FILE HASH,128037338defa51153b4001be99c6426dd2384ec,Internal SOC,80,HIGH,64,NEW,2026-01-08T23:27:29+00:00,2026-01-30T23:27:29+00:00,Global,Synthetic credential-phishing URL observed sending users to a fake account verification page in demo logs. ,Initial Access,T1566.002 (Phishing: Spearphishing Link),,,4
THR-2025-1057,2025-04-02T23:27:29+00:00,Synthetic Phishing Infrastructure Sighting,Phishing,IP ADDRESS,192.0.2.174,Internal SOC,85,CRITICAL,74,UNDER_REVIEW,2025-03-08T23:27:29+00:00,2025-04-02T23:27:29+00:00,,Synthetic e-mail attachment campaign observed in demo telemetry distributing phishing documents with credential harvest links. ,Initial Access,T1566.002 (Phishing: Spearphishing Link),,,5
THR-2025-1058,2025-11-13T23:27:29+00:00,Synthetic Lookalike Domain Alert,Phishing,URL,http://example.com/attachment/invoice-2026.zip.html,Community Submission,50,CRITICAL,59,MONITORING,2025-10-28T23:27:29+00:00,2025-11-13T23:27:29+00:00,Middle East & Africa,Synthetic indicator of possible phishing relevance observed in demo telemetry. Insufficient behavioural context for further classification. ,,,,,4
THR-2026-0838,2026-10-02T23:27:29+00:00,Demo Ransomware C2 Observation,Ransomware,FILE HASH,71a0b5052ab2bdba6a4b2f21904e56fc1c2c83d8,Internal SOC,90,LOW,65,MONITORING,2026-09-02T23:27:29+00:00,2026-10-02T23:27:29+00:00,Asia-Pacific,Synthetic indicator tentatively associated with ransomware activity in demo data. Behavioural context is not yet available. ,,,,,4
THR-2026-0839,2026-08-17T23:27:29+00:00,Synthetic Malware Sample Hash,Malware,FILE HASH,810c2a4030298094e736fec88f934764bf732a75cd0988c81b4a5966b339d1fe,Security Vendor,75,CRITICAL,73,CLOSED,2026-07-20T23:27:29+00:00,2026-08-17T23:27:29+00:00,Asia-Pacific,Synthetic trojan hash sighted in demo data; associated with credential dumping behaviour in the sandbox report. ,,,,,4
THR-2024-0173,2024-11-28T23:27:29+00:00,Demo Abnormal Login Pattern Observation,Account Security,IP ADDRESS,203.0.113.52,Security Vendor,55,CRITICAL,63,MONITORING,2024-11-14T23:27:29+00:00,2024-11-28T23:27:29+00:00,Latin America,Synthetic account takeover risk indicator; demo telemetry shows compromised valid accounts used from unusual locations. ,Persistence,T1136 (Create Account),,,9
THR-2026-0840,2026-05-07T23:27:29+00:00,Demo Unpatched Service Indicator,Vulnerability Exposure,URL,https://mail.auth.invalid/account/confirm,Community Submission,60,INFORMATIONAL,38,CLOSED,2026-04-12T23:27:29+00:00,2026-05-07T23:27:29+00:00,Europe,Synthetic exploitable service observation; demo scanning metadata indicates exposure requiring patch review. ,Initial Access,T1190 (Exploit Public-Facing Application),CVE-2025-900003,,3
THR-2025-1059,2025-04-06T23:27:29+00:00,Demo Port Scan Activity Indicator,Network Threats,IP ADDRESS,203.0.113.101,Internal SOC,75,CRITICAL,73,MONITORING,2025-03-12T23:27:29+00:00,2025-04-06T23:27:29+00:00,Asia-Pacific,Synthetic scanning behaviour observed in demo data; network service scan attempts were logged from this address. ,Discovery,T1046 (Network Service Discovery),,,6
THR-2024-0174,2024-12-20T23:27:29+00:00,Synthetic Trojan Hash Indicator,Malware,IP ADDRESS,198.51.100.38,Research Report,55,CRITICAL,61,MONITORING,2024-11-20T23:27:29+00:00,2024-12-20T23:27:29+00:00,North America,Synthetic malware hash observed in demo telemetry; sample behaves as a downloader that executes an obfuscated payload and establishes C2 callback traffic. ,Execution,T1204.002 (User Execution: Malicious File),,,5
THR-2025-1060,2025-05-24T23:27:29+00:00,Synthetic C2 Callback Observation,Network Threats,IP ADDRESS,2001:db8:b58:::6260,Research Report,55,MEDIUM,50,CLOSED,2025-05-06T23:27:29+00:00,2025-05-24T23:27:29+00:00,Europe,Synthetic network indicator recorded in demo telemetry. Limited contextual evidence. ,,,,,8
THR-2024-0175,2025-01-08T23:27:29+00:00,Demo Malware Distribution Observation,Malware,FILE HASH,533ffe566e9b1ab22e8ebcf78bcbd04efb428d948fb9eb17de39c36efb6c0fea,Public Threat Feed,40,LOW,36,NEW,2024-12-14T23:27:29+00:00,2025-01-08T23:27:29+00:00,North America,"Synthetic hash observed in demo telemetry. No behavioural report is available, so classification remains general. ",,,,,5
THR-2026-0841,2026-03-28T23:27:29+00:00,Synthetic Phishing Lure Domain,Phishing,DOMAIN,password.support.invalid,Research Report,60,LOW,40,MONITORING,2026-03-11T23:27:29+00:00,2026-03-28T23:27:29+00:00,,Synthetic e-mail attachment campaign observed in demo telemetry distributing phishing documents with credential harvest links. ,Initial Access,T1566.002 (Phishing: Spearphishing Link),,,1
THR-2025-1061,2025-12-03T23:27:29+00:00,Synthetic Exploitable Service Observation,Vulnerability Exposure,CVE ID,CVE-2026-900004,Research Report,65,HIGH,62,NEW,2025-11-09T23:27:29+00:00,2025-12-03T23:27:29+00:00,Global,Synthetic exploitable service observation; demo scanning metadata indicates exposure requiring patch review. ,Initial Access,T1190 (Exploit Public-Facing Application),CVE-2026-900004,,7
THR-2025-1062,2025-06-25T23:27:29+00:00,Demo Unpatched Service Indicator,Vulnerability Exposure,CVE ID,CVE-2024-900002,Research Report,50,HIGH,47,CLOSED,2025-06-18T23:27:29+00:00,2025-06-25T23:27:29+00:00,Latin America,Synthetic vulnerability-related indicator from demo asset review. Detailed context pending. ,,,CVE-2024-900002,,1
THR-2026-0842,2026-07-08T23:27:29+00:00,Demo Ransomware Payload Hash,Ransomware,FILE HASH,953eeb348e5609fe6416fdc5b09eec8f,Unknown Source,30,INFORMATIONAL,30,UNDER_REVIEW,2026-06-23T23:27:29+00:00,2026-07-08T23:27:29+00:00,Unknown,Synthetic ransomware indicator observed in demo data; associated with service stop behaviour prior to encryption and data extortion staging. ,Impact,T1486 (Data Encrypted for Impact),,,2
THR-2026-0843,2026-09-14T23:27:29+00:00,Synthetic Phishing Lure Domain,Phishing,URL,http://secure.auth.invalid/update-password,Internal SOC,90,MEDIUM,72,CLOSED,2026-08-24T23:27:29+00:00,2026-09-14T23:27:29+00:00,Europe,Synthetic indicator of possible phishing relevance observed in demo telemetry. Insufficient behavioural context for further classification. ,,,,,8
THR-2025-1063,2025-04-07T23:27:29+00:00,Synthetic Fake Portal Domain,Phishing,FILE HASH,2d7d8613648753326518483a75dd7fde,Internal SOC,65,INFORMATIONAL,35,UNDER_REVIEW,2025-03-21T23:27:29+00:00,2025-04-07T23:27:29+00:00,Unknown,Synthetic phishing lure domain observed in demo telemetry; the domain mimics a login verification portal. Indicator is analysed as data only - never visited. ,Initial Access,T1566.002 (Phishing: Spearphishing Link),,,1
THR-2024-0176,2024-12-06T23:27:29+00:00,Synthetic Exploitable Service Observation,Vulnerability Exposure,CVE ID,CVE-2026-900008,Internal SOC,85,INFORMATIONAL,47,NEW,2024-11-08T23:27:29+00:00,2024-12-06T23:27:29+00:00,Europe,Synthetic vulnerability exposure record; demo asset inventory shows an unpatched public-facing service with a known exploit path. Defensive awareness only. ,Initial Access,T1190 (Exploit Public-Facing Application),CVE-2026-900008,,3
THR-2025-1064,2025-12-15T23:27:29+00:00,Synthetic Fake Portal Domain,Phishing,FILE HASH,6ae3f5c3efc20f81898424037bf097d6,Security Vendor,65,HIGH,62,MONITORING,2025-11-18T23:27:29+00:00,2025-12-15T23:27:29+00:00,Unknown,Synthetic indicator of possible phishing relevance observed in demo telemetry. Insufficient behavioural context for further classification. ,,,,,7
THR-2025-1065,2025-04-22T23:27:29+00:00,Synthetic Phishing Infrastructure Sighting,Phishing,URL,https://login.support.invalid/update-password,Research Report,55,HIGH,56,MONITORING,2025-04-22T23:27:29+00:00,2025-04-22T23:27:29+00:00,Europe,Synthetic indicator of possible phishing relevance observed in demo telemetry. Insufficient behavioural context for further classification. ,,,,,9
THR-2024-0177,2025-01-09T23:27:29+00:00,Synthetic Trojan Hash Indicator,Malware,IP ADDRESS,192.0.2.203,Research Report,55,CRITICAL,63,MONITORING,2024-12-16T23:27:29+00:00,2025-01-09T23:27:29+00:00,Asia-Pacific,Synthetic trojan hash sighted in demo data; associated with credential dumping behaviour in the sandbox report. ,,,,,9
THR-2025-1066,2025-08-18T23:27:29+00:00,Synthetic Web Injection Observation,Web Threats,IP ADDRESS,192.0.2.173,Research Report,55,HIGH,54,UNDER_REVIEW,2025-08-07T23:27:29+00:00,2025-08-18T23:27:29+00:00,Unknown,Synthetic web attack indicator observed in demo telemetry; exploitation attempts against a public-facing application were recorded in demo logs. ,Initial Access,T1190 (Exploit Public-Facing Application),,,2
THR-2024-0178,2024-11-09T23:27:29+00:00,Synthetic Credential Stuffing Observation,Credential Theft,IP ADDRESS,192.0.2.45,Community Submission,40,HIGH,47,CLOSED,2024-11-09T23:27:29+00:00,2024-11-09T23:27:29+00:00,Global,Synthetic credential-harvesting page observed in demo telemetry; the page mimics a password store sign-in form. ,Credential Access,T1555 (Credentials from Password Stores),,,4
THR-2026-0844,2026-08-09T23:27:29+00:00,Synthetic Web Injection Observation,Web Threats,IP ADDRESS,2001:db8:c27:::8810,Research Report,75,LOW,53,MONITORING,2026-07-26T23:27:29+00:00,2026-08-09T23:27:29+00:00,Middle East & Africa,Synthetic indicator observed in web-monitoring demo data. No specific technique context available. ,,,,,3
THR-2026-0845,2026-04-01T23:27:29+00:00,Demo Drive-by Download Serving Domain,Web Threats,IP ADDRESS,198.51.100.177,Security Vendor,65,LOW,49,CLOSED,2026-03-04T23:27:29+00:00,2026-04-01T23:27:29+00:00,Latin America,Synthetic indicator observed in web-monitoring demo data. No specific technique context available. ,,,CVE-2025-900016,,6
THR-2026-0846,2026-07-13T23:27:29+00:00,Demo Vishing Campaign Indicator,Social Engineering,DOMAIN,mail.example.net,Security Vendor,80,HIGH,76,NEW,2026-06-14T23:27:29+00:00,2026-07-13T23:27:29+00:00,North America,Synthetic SMiShing campaign indicator observed in demo data; messages impersonate a delivery service with a QR code lure. ,Initial Access,T1566.003 (Phishing: Spearphishing Voice),,,8
THR-2025-1067,2025-02-18T23:27:29+00:00,Demo Credential Phishing Observation,Phishing,URL,https://verify.demo.invalid/document.html,Security Vendor,50,INFORMATIONAL,29,MONITORING,2025-02-18T23:27:29+00:00,2025-02-18T23:27:29+00:00,Middle East & Africa,Synthetic phishing lure domain observed in demo telemetry; the domain mimics a login verification portal. Indicator is analysed as data only - never visited. ,Initial Access,T1566.002 (Phishing: Spearphishing Link),,,1
THR-2026-0847,2026-05-07T23:27:29+00:00,Synthetic Trojan Hash Indicator,Malware,IP ADDRESS,198.51.100.154,Internal SOC,95,HIGH,78,MONITORING,2026-04-17T23:27:29+00:00,2026-05-07T23:27:29+00:00,Latin America,"Synthetic hash observed in demo telemetry. No behavioural report is available, so classification remains general. ",,,,,7
THR-2025-1068,2025-12-08T23:27:29+00:00,Synthetic Ransomware Sample,Ransomware,IP ADDRESS,192.0.2.130,Internal SOC,85,MEDIUM,67,MONITORING,2025-11-27T23:27:29+00:00,2025-12-08T23:27:29+00:00,Europe,Synthetic indicator tentatively associated with ransomware activity in demo data. Behavioural context is not yet available. ,,,,,8
THR-2025-1069,2025-05-13T23:27:29+00:00,Synthetic C2 Callback Observation,Network Threats,IP ADDRESS,203.0.113.122,Public Threat Feed,40,HIGH,50,MONITORING,2025-04-26T23:27:29+00:00,2025-05-13T23:27:29+00:00,Unknown,Synthetic scanning behaviour observed in demo data; network service scan attempts were logged from this address. ,Discovery,T1046 (Network Service Discovery),,,8
THR-2025-1070,2025-09-20T23:27:29+00:00,Demo Phishing Campaign Indicator,Phishing,IP ADDRESS,192.0.2.4,Internal SOC,75,MEDIUM,58,MONITORING,2025-08-27T23:27:29+00:00,2025-09-20T23:27:29+00:00,Middle East & Africa,Synthetic indicator of possible phishing relevance observed in demo telemetry. Insufficient behavioural context for further classification. ,,,,,4
THR-2026-0848,2026-06-22T23:27:29+00:00,Synthetic Trojan Hash Indicator,Malware,FILE HASH,3adf4ca86edd8347fccbae93121c29287ca49e61,Public Threat Feed,55,CRITICAL,60,UNDER_REVIEW,2026-06-03T23:27:29+00:00,2026-06-22T23:27:29+00:00,Latin America,"Synthetic hash observed in demo telemetry. No behavioural report is available, so classification remains general. ",,,,,2
THR-2025-1071,2025-03-16T23:27:29+00:00,Synthetic Credential Stuffing Observation,Credential Theft,URL,http://mail.invalid/update-password,Internal SOC,65,INFORMATIONAL,36,NEW,2025-02-27T23:27:29+00:00,2025-03-16T23:27:29+00:00,Unknown,Synthetic indicator observed during credential-abuse monitoring in demo telemetry. Context is limited. ,,,,,2
THR-2026-0849,2026-08-30T23:27:29+00:00,Demo Password Spray Observation,Credential Theft,IP ADDRESS,192.0.2.232,Research Report,75,LOW,58,MONITORING,2026-08-20T23:27:29+00:00,2026-08-30T23:27:29+00:00,Unknown,Synthetic indicator observed during credential-abuse monitoring in demo telemetry. Context is limited. ,,,,,9
THR-2025-1072,2025-07-03T23:27:29+00:00,Demo Abnormal Login Pattern Observation,Account Security,IP ADDRESS,198.51.100.202,Public Threat Feed,45,LOW,44,NEW,2025-06-25T23:27:29+00:00,2025-07-03T23:27:29+00:00,,Synthetic fraudulent account creation observed in demo telemetry; a new account was created outside standard process. ,Persistence,T1136 (Create Account),,,7
THR-2026-0850,2026-07-23T23:27:29+00:00,Synthetic C2 Callback Observation,Network Threats,IP ADDRESS,203.0.113.34,Public Threat Feed,60,INFORMATIONAL,43,MONITORING,2026-07-20T23:27:29+00:00,2026-07-23T23:27:29+00:00,North America,Synthetic scanning behaviour observed in demo data; network service scan attempts were logged from this address. ,Discovery,T1046 (Network Service Discovery),,,4
THR-2026-0851,2026-01-29T23:27:29+00:00,Synthetic Fake Portal Domain,Phishing,URL,https://verify.mail.invalid/update-password,Internal SOC,80,LOW,56,MONITORING,2026-01-12T23:27:29+00:00,2026-01-29T23:27:29+00:00,Middle East & Africa,Synthetic credential-phishing URL observed sending users to a fake account verification page in demo logs. ,Initial Access,T1566.002 (Phishing: Spearphishing Link),,,7
THR-2025-1073,2025-02-28T23:27:29+00:00,Synthetic C2 Callback Observation,Network Threats,IP ADDRESS,192.0.2.112,Research Report,60,MEDIUM,52,FALSE_POSITIVE,2025-02-01T23:27:29+00:00,2025-02-28T23:27:29+00:00,North America,Synthetic command-and-control channel observed in demo telemetry; host beacon traffic to a C2 endpoint was recorded. ,Command and Control,T1071 (Application Layer Protocol),,,4
THR-2026-0852,2026-10-04T23:27:29+00:00,Synthetic C2 Callback Observation,Network Threats,IP ADDRESS,2001:db8:103:::9003,Security Vendor,75,HIGH,75,UNDER_REVIEW,2026-09-17T23:27:29+00:00,2026-10-04T23:27:29+00:00,Europe,Synthetic command-and-control channel observed in demo telemetry; host beacon traffic to a C2 endpoint was recorded. ,Command and Control,T1071 (Application Layer Protocol),,,7
THR-2026-0853,2026-08-27T23:27:29+00:00,Synthetic Fake Portal Domain,Phishing,URL,http://portal.invalid/account/confirm,Security Vendor,75,LOW,58,MONITORING,2026-08-18T23:27:29+00:00,2026-08-27T23:27:29+00:00,North America,Synthetic indicator of possible phishing relevance observed in demo telemetry. Insufficient behavioural context for further classification. ,,,,,6
THR-2025-1074,2025-05-03T23:27:29+00:00,Synthetic Backdoor Beacon Observation,Malware,IP ADDRESS,192.0.2.82,Public Threat Feed,45,HIGH,55,CLOSED,2025-04-09T23:27:29+00:00,2025-05-03T23:27:29+00:00,Global,"Synthetic hash observed in demo telemetry. No behavioural report is available, so classification remains general. ",,,,,6
THR-2025-1075,2025-07-18T23:27:29+00:00,Demo Credential Phishing Observation,Phishing,FILE HASH,74d1992729bf884cc19774d3b99f0f7e9d5074b0cadf0d133e6d54ff1767a5f1,Security Vendor,50,LOW,35,FALSE_POSITIVE,2025-07-02T23:27:29+00:00,2025-07-18T23:27:29+00:00,Unknown,Synthetic credential-phishing URL observed sending users to a fake account verification page in demo logs. ,Initial Access,T1566.002 (Phishing: Spearphishing Link),,,1
THR-2026-0854,2026-08-07T23:27:29+00:00,Synthetic Ransomware Sample,Ransomware,IP ADDRESS,198.51.100.182,Security Vendor,75,MEDIUM,61,CLOSED,2026-07-28T23:27:29+00:00,2026-08-07T23:27:29+00:00,Middle East & Africa,Synthetic ransomware sample observed in demo telemetry; the sample attempts file encryption of user documents and inhibits system recovery options. ,Impact,T1486 (Data Encrypted for Impact),,,4
THR-2026-0855,2026-08-15T23:27:29+00:00,Demo Abnormal Login Pattern Observation,Account Security,IP ADDRESS,198.51.100.13,Public Threat Feed,60,HIGH,62,MONITORING,2026-07-16T23:27:29+00:00,2026-08-15T23:27:29+00:00,Europe,Synthetic indicator from demo account-monitoring telemetry. Context is limited. ,Persistence,T1136 (Create Account),,,5
THR-2025-1076,2025-07-16T23:27:29+00:00,Synthetic Malware Sample Hash,Malware,FILE HASH,50a2f64e81613cfcc40f0323f68a3e523054d9337c9068ddf365a0e7b48d254e,Public Threat Feed,40,CRITICAL,55,FALSE_POSITIVE,2025-06-28T23:27:29+00:00,2025-07-16T23:27:29+00:00,Global,Synthetic trojan hash sighted in demo data; associated with credential dumping behaviour in the sandbox report. ,,,,,5
THR-2025-1077,2025-05-10T23:27:29+00:00,Synthetic Fraudulent Account Creation Indicator,Account Security,IP ADDRESS,192.0.2.238,Internal SOC,70,INFORMATIONAL,40,NEW,2025-05-10T23:27:29+00:00,2025-05-10T23:27:29+00:00,Unknown,Synthetic fraudulent account creation observed in demo telemetry; a new account was created outside standard process. ,Persistence,T1136 (Create Account),,,4
THR-2024-0179,2025-01-03T23:27:29+00:00,Demo Credential Phishing Observation,Phishing,URL,http://wire-transfer.updates.invalid/secure-update/payment,Community Submission,35,HIGH,43,CLOSED,2024-12-05T23:27:29+00:00,2025-01-03T23:27:29+00:00,Europe,Synthetic e-mail attachment campaign observed in demo telemetry distributing phishing documents with credential harvest links. ,Initial Access,T1566.002 (Phishing: Spearphishing Link),,,2
THR-2024-0180,2025-01-02T23:27:29+00:00,Synthetic Public Leak Domain Sighting,Data Exposure,IP ADDRESS,203.0.113.101,Research Report,60,HIGH,61,MONITORING,2024-12-24T23:27:29+00:00,2025-01-02T23:27:29+00:00,Asia-Pacific,Synthetic e-mail collection behaviour observed in demo data; mailbox export activity was simulated. ,Collection,T1114 (Email Collection),,,6
THR-2025-1078,2025-05-22T23:27:29+00:00,Synthetic Phishing Infrastructure Sighting,Phishing,URL,https://hr-notice.auth.invalid/secure-update/payment,Security Vendor,55,MEDIUM,50,NEW,2025-05-17T23:27:29+00:00,2025-05-22T23:27:29+00:00,Asia-Pacific,Synthetic indicator of possible phishing relevance observed in demo telemetry. Insufficient behavioural context for further classification. ,,,,,8
THR-2026-0856,2026-10-04T23:27:29+00:00,Demo Vishing Campaign Indicator,Social Engineering,IP ADDRESS,192.0.2.20,Security Vendor,80,HIGH,75,MONITORING,2026-09-27T23:27:29+00:00,2026-10-04T23:27:29+00:00,Latin America,Synthetic SMiShing campaign indicator observed in demo data; messages impersonate a delivery service with a QR code lure. ,Initial Access,T1566.003 (Phishing: Spearphishing Voice),,,3
THR-2026-0857,2026-08-01T23:27:29+00:00,Demo Ransomware C2 Observation,Ransomware,FILE HASH,cf19ae9257e14bcf3cf1037346840bf7,Internal SOC,85,CRITICAL,75,CLOSED,2026-07-27T23:27:29+00:00,2026-08-01T23:27:29+00:00,Middle East & Africa,Synthetic indicator tentatively associated with ransomware activity in demo data. Behavioural context is not yet available. ,,,,,2
THR-2026-0858,2026-08-05T23:27:29+00:00,Synthetic Phishing Infrastructure Sighting,Phishing,IP ADDRESS,203.0.113.79,Unknown Source,40,MEDIUM,52,CLOSED,2026-08-03T23:27:29+00:00,2026-08-05T23:27:29+00:00,North America,Synthetic credential-phishing URL observed sending users to a fake account verification page in demo logs. ,Initial Access,T1566.002 (Phishing: Spearphishing Link),,,4
THR-2025-1079,2025-05-19T23:27:29+00:00,Synthetic Vulnerability Exposure Record,Vulnerability Exposure,CVE ID,CVE-2026-900007,Internal SOC,75,HIGH,67,CLOSED,2025-04-25T23:27:29+00:00,2025-05-19T23:27:29+00:00,Asia-Pacific,Synthetic vulnerability exposure record; demo asset inventory shows an unpatched public-facing service with a known exploit path. Defensive awareness only. ,Initial Access,T1190 (Exploit Public-Facing Application),CVE-2026-900007,,6
THR-2025-1080,2025-04-08T23:27:29+00:00,Synthetic Credential Harvester Sighting,Credential Theft,URL,https://mail.invalid/verify-account.html,Public Threat Feed,40,LOW,38,FALSE_POSITIVE,2025-03-22T23:27:29+00:00,2025-04-08T23:27:29+00:00,Global,Synthetic indicator observed during credential-abuse monitoring in demo telemetry. Context is limited. ,,,,,8
THR-2025-1081,2025-04-04T23:27:29+00:00,Demo SMiShing Sender Observation,Social Engineering,FILE HASH,ef96d5b727b32cd7fba09b3a260b37ff90d7633f4080e07c45a4766e258c8668,Security Vendor,55,CRITICAL,59,CLOSED,2025-04-04T23:27:29+00:00,2025-04-04T23:27:29+00:00,Middle East & Africa,Synthetic voice-phishing (vishing) attempt observed in demo telemetry; impersonation of the IT helpdesk was reported. ,Initial Access,T1566.003 (Phishing: Spearphishing Voice),,,4
THR-2025-1082,2025-04-10T23:27:29+00:00,Synthetic Phishing Lure Domain,Phishing,URL,https://notify.support.invalid/team/share,Public Threat Feed,40,MEDIUM,44,CLOSED,2025-03-15T23:27:29+00:00,2025-04-10T23:27:29+00:00,,Synthetic indicator of possible phishing relevance observed in demo telemetry. Insufficient behavioural context for further classification. ,,,,,7
THR-2026-0859,2026-08-20T23:27:29+00:00,Synthetic Phishing Infrastructure Sighting,Phishing,URL,http://secure.invalid/account/confirm,Internal SOC,85,MEDIUM,61,UNDER_REVIEW,2026-08-18T23:27:29+00:00,2026-08-20T23:27:29+00:00,Asia-Pacific,Synthetic phishing lure domain observed in demo telemetry; the domain mimics a login verification portal. Indicator is analysed as data only - never visited. ,Initial Access,T1566.002 (Phishing: Spearphishing Link),,,1
THR-2026-0860,2026-01-28T23:27:29+00:00,Synthetic Beaconing Host Indicator,Network Threats,IP ADDRESS,2001:db8:67b:::5767,Internal SOC,80,INFORMATIONAL,50,CLOSED,2026-01-26T23:27:29+00:00,2026-01-28T23:27:29+00:00,Unknown,Synthetic network indicator recorded in demo telemetry. Limited contextual evidence. ,,,,,9
THR-2025-1083,2025-04-06T23:27:29+00:00,Synthetic Fake Portal Domain,Phishing,URL,https://service.billing.invalid/team/share,Public Threat Feed,40,INFORMATIONAL,29,CLOSED,2025-03-16T23:27:29+00:00,2025-04-06T23:27:29+00:00,North America,Synthetic indicator of possible phishing relevance observed in demo telemetry. Insufficient behavioural context for further classification. ,,,,,4
THR-2025-1084,2025-04-15T23:27:29+00:00,Synthetic Ransomware Note Indicator,Ransomware,FILE HASH,96065bc1415bb00cfd424b6d23dd3baa80fad4cc5ae16ec70f03af3cd3a3f1c7,Security Vendor,55,HIGH,53,CLOSED,2025-04-13T23:27:29+00:00,2025-04-15T23:27:29+00:00,Latin America,Synthetic indicator tentatively associated with ransomware activity in demo data. Behavioural context is not yet available. ,,,,,4
THR-2025-1085,2025-09-22T23:27:29+00:00,Synthetic Lookalike Domain Alert,Phishing,FILE HASH,767a11ae405412b287244c9e15d01bff,Security Vendor,55,MEDIUM,45,FALSE_POSITIVE,2025-09-02T23:27:29+00:00,2025-09-22T23:27:29+00:00,Asia-Pacific,Synthetic indicator of possible phishing relevance observed in demo telemetry. Insufficient behavioural context for further classification. ,,,,,3
THR-2026-0861,2026-09-23T23:27:29+00:00,Synthetic Ransomware Note Indicator,Ransomware,FILE HASH,4badc8ed832aa59b229a4164822d928c3cf222146eca0eab3afd09903804028a,Internal SOC,90,INFORMATIONAL,55,NEW,2026-09-09T23:27:29+00:00,2026-09-23T23:27:29+00:00,,Synthetic ransomware sample observed in demo telemetry; the sample attempts file encryption of user documents and inhibits system recovery options. ,Impact,T1486 (Data Encrypted for Impact),,,3
THR-2026-0862,2026-07-07T23:27:29+00:00,Demo SQL Injection Attempt Indicator,Web Threats,IP ADDRESS,198.51.100.237,Public Threat Feed,60,MEDIUM,58,UNDER_REVIEW,2026-06-08T23:27:29+00:00,2026-07-07T23:27:29+00:00,Unknown,Synthetic indicator observed in web-monitoring demo data. No specific technique context available. ,,,,,8
THR-2025-1086,2025-11-11T23:27:29+00:00,Synthetic Loader Hash Sighting,Malware,IP ADDRESS,198.51.100.175,Unknown Source,25,CRITICAL,52,UNDER_REVIEW,2025-11-06T23:27:29+00:00,2025-11-11T23:27:29+00:00,Middle East & Africa,"Synthetic hash observed in demo telemetry. No behavioural report is available, so classification remains general. ",,,CVE-2025-900008,,5
THR-2025-1087,2025-01-30T23:27:29+00:00,Synthetic Credential Harvester Sighting,Credential Theft,URL,http://payment.billing.invalid/account/confirm,Research Report,50,HIGH,48,UNDER_REVIEW,2025-01-05T23:27:29+00:00,2025-01-30T23:27:29+00:00,Middle East & Africa,Synthetic credential-harvesting page observed in demo telemetry; the page mimics a password store sign-in form. ,Credential Access,T1555 (Credentials from Password Stores),,,2
THR-2025-1088,2025-08-22T23:27:29+00:00,Synthetic Account Takeover Risk Indicator,Account Security,IP ADDRESS,198.51.100.18,Research Report,60,HIGH,62,UNDER_REVIEW,2025-08-10T23:27:29+00:00,2025-08-22T23:27:29+00:00,Unknown,Synthetic fraudulent account creation observed in demo telemetry; a new account was created outside standard process. ,Persistence,T1136 (Create Account),,,7
THR-2026-0863,2026-01-31T23:27:29+00:00,Demo Port Scan Activity Indicator,Network Threats,IP ADDRESS,198.51.100.96,Security Vendor,70,INFORMATIONAL,49,MONITORING,2026-01-26T23:27:29+00:00,2026-01-31T23:27:29+00:00,Latin America,Synthetic command-and-control channel observed in demo telemetry; host beacon traffic to a C2 endpoint was recorded. ,Command and Control,T1071 (Application Layer Protocol),,,7
THR-2026-0864,2026-09-21T23:27:29+00:00,Demo Credential Phishing Observation,Phishing,FILE HASH,a9de0e326d7f7b86e7ac873cfdbee5c8c1da44af9920a61ae6a0286a9f1f9190,Community Submission,60,INFORMATIONAL,49,NEW,2026-08-28T23:27:29+00:00,2026-09-21T23:27:29+00:00,Asia-Pacific,Synthetic indicator of possible phishing relevance observed in demo telemetry. Insufficient behavioural context for further classification. ,,,,,7
THR-2025-1089,2025-10-27T23:27:29+00:00,Synthetic Data Leak Observation,Data Exposure,URL,http://billing.login.invalid/invoice/view.html,Research Report,60,LOW,40,MONITORING,2025-10-18T23:27:29+00:00,2025-10-27T23:27:29+00:00,,Synthetic indicator associated with possible data-exposure monitoring in demo data. Context is limited. ,,,,,1
THR-2024-0181,2024-12-03T23:27:29+00:00,Synthetic Exploitable Service Observation,Vulnerability Exposure,CVE ID,CVE-2024-900020,Security Vendor,50,HIGH,48,FALSE_POSITIVE,2024-11-03T23:27:29+00:00,2024-12-03T23:27:29+00:00,Asia-Pacific,Synthetic vulnerability-related indicator from demo asset review. Detailed context pending. ,,,CVE-2024-900020,,2
THR-2026-0865,2026-05-19T23:27:29+00:00,Demo Downloader Hash Observation,Malware,IP ADDRESS,198.51.100.107,Internal SOC,90,HIGH,68,NEW,2026-05-19T23:27:29+00:00,2026-05-19T23:27:29+00:00,Middle East & Africa,"Synthetic hash observed in demo telemetry. No behavioural report is available, so classification remains general. ",,,CVE-2025-900018,,3
THR-2026-0866,2026-07-13T23:27:29+00:00,Synthetic Vulnerability Exposure Record,Vulnerability Exposure,CVE ID,CVE-2025-900014,Public Threat Feed,60,MEDIUM,54,NEW,2026-07-02T23:27:29+00:00,2026-07-13T23:27:29+00:00,Latin America,Synthetic vulnerability exposure record; demo asset inventory shows an unpatched public-facing service with a known exploit path. Defensive awareness only. ,Initial Access,T1190 (Exploit Public-Facing Application),CVE-2025-900014,,3
THR-2026-0867,2026-06-10T23:27:29+00:00,Demo SQL Injection Attempt Indicator,Web Threats,URL,https://secure.example.net/document.html,Public Threat Feed,60,LOW,50,NEW,2026-05-25T23:27:29+00:00,2026-06-10T23:27:29+00:00,Global,Synthetic indicator observed in web-monitoring demo data. No specific technique context available. ,,,,,9
THR-2025-1090,2025-05-16T23:27:29+00:00,Synthetic Exploit Kit Domain,Web Threats,IP ADDRESS,203.0.113.74,Public Threat Feed,35,MEDIUM,37,UNDER_REVIEW,2025-05-06T23:27:29+00:00,2025-05-16T23:27:29+00:00,Europe,Synthetic web attack indicator observed in demo telemetry; exploitation attempts against a public-facing application were recorded in demo logs. ,Initial Access,T1190 (Exploit Public-Facing Application),,,2
THR-2025-1091,2025-08-10T23:27:29+00:00,Demo Unpatched Service Indicator,Vulnerability Exposure,CVE ID,CVE-2026-900006,Research Report,70,HIGH,64,UNDER_REVIEW,2025-08-09T23:27:29+00:00,2025-08-10T23:27:29+00:00,North America,Synthetic vulnerability-related indicator from demo asset review. Detailed context pending. ,,,CVE-2026-900006,,9
THR-2026-0868,2026-03-28T23:27:29+00:00,Synthetic Lookalike Domain Alert,Phishing,URL,http://docusign-view.mail.invalid/login,Security Vendor,65,MEDIUM,56,MONITORING,2026-03-27T23:27:29+00:00,2026-03-28T23:27:29+00:00,Latin America,Synthetic e-mail attachment campaign observed in demo telemetry distributing phishing documents with credential harvest links. ,Initial Access,T1566.002 (Phishing: Spearphishing Link),,,8
THR-2025-1092,2025-05-25T23:27:29+00:00,Synthetic Lookalike Domain Alert,Phishing,URL,https://login.invalid/account/confirm,Security Vendor,55,LOW,41,MONITORING,2025-05-25T23:27:29+00:00,2025-05-25T23:27:29+00:00,Europe,Synthetic e-mail attachment campaign observed in demo telemetry distributing phishing documents with credential harvest links. ,Initial Access,T1566.002 (Phishing: Spearphishing Link),,,4
THR-2025-1093,2025-02-09T23:27:29+00:00,Demo Password Spray Observation,Credential Theft,IP ADDRESS,198.51.100.43,Security Vendor,55,MEDIUM,50,MONITORING,2025-01-24T23:27:29+00:00,2025-02-09T23:27:29+00:00,Unknown,Synthetic credential-harvesting page observed in demo telemetry; the page mimics a password store sign-in form. ,Credential Access,T1555 (Credentials from Password Stores),,,8
THR-2024-0182,2025-01-23T23:27:29+00:00,Synthetic Web Injection Observation,Web Threats,IP ADDRESS,2001:db8:bdc:::4882,Security Vendor,55,INFORMATIONAL,38,MONITORING,2024-12-27T23:27:29+00:00,2025-01-23T23:27:29+00:00,Global,Synthetic indicator observed in web-monitoring demo data. No specific technique context available. ,,,,,7
THR-2025-1094,2025-07-25T23:27:29+00:00,Demo Ransomware C2 Observation,Ransomware,IP ADDRESS,203.0.113.136,Research Report,55,LOW,44,MONITORING,2025-06-30T23:27:29+00:00,2025-07-25T23:27:29+00:00,Unknown,Synthetic indicator tentatively associated with ransomware activity in demo data. Behavioural context is not yet available. ,,,,,8
THR-2025-1095,2025-01-21T23:27:29+00:00,Demo Vishing Campaign Indicator,Social Engineering,URL,http://signin.updates.invalid/team/share,Internal SOC,65,CRITICAL,61,NEW,2025-01-11T23:27:29+00:00,2025-01-21T23:27:29+00:00,Global,Synthetic voice-phishing (vishing) attempt observed in demo telemetry; impersonation of the IT helpdesk was reported. ,Initial Access,T1566.003 (Phishing: Spearphishing Voice),,,2
THR-2025-1096,2025-02-03T23:27:29+00:00,Demo Password Spray Observation,Credential Theft,URL,http://billing.portal.invalid/team/share,Community Submission,40,MEDIUM,44,UNDER_REVIEW,2025-01-28T23:27:29+00:00,2025-02-03T23:27:29+00:00,Middle East & Africa,Synthetic credential stuffing activity observed in demo telemetry; high volume of brute force attempts against login endpoints from shared infrastructure. ,Credential Access,T1110 (Brute Force),,,7
THR-2026-0869,2026-05-04T23:27:29+00:00,Synthetic Fake Portal Domain,Phishing,FILE HASH,0eb0db969e5818fcea9b9981736f5e03866259ce,Research Report,75,HIGH,67,MONITORING,2026-05-03T23:27:29+00:00,2026-05-04T23:27:29+00:00,,Synthetic credential-phishing URL observed sending users to a fake account verification page in demo logs. ,Initial Access,T1566.002 (Phishing: Spearphishing Link),,,7
THR-2025-1097,2025-10-29T23:27:29+00:00,Synthetic Phishing Infrastructure Sighting,Phishing,DOMAIN,billing.login.invalid,Research Report,65,LOW,50,MONITORING,2025-10-14T23:27:29+00:00,2025-10-29T23:27:29+00:00,Latin America,Synthetic phishing lure domain observed in demo telemetry; the domain mimics a login verification portal. Indicator is analysed as data only - never visited. ,Initial Access,T1566.002 (Phishing: Spearphishing Link),,,9
THR-2026-0870,2026-06-19T23:27:29+00:00,Demo Malware Distribution Observation,Malware,FILE HASH,f32f3ef91e50e86541d271493c34b467fdea5b0bad2e1b062482546b670c7fcd,Research Report,75,MEDIUM,61,MONITORING,2026-05-27T23:27:29+00:00,2026-06-19T23:27:29+00:00,,Synthetic malware hash observed in demo telemetry; sample behaves as a downloader that executes an obfuscated payload and establishes C2 callback traffic. ,Execution,T1204.002 (User Execution: Malicious File),,,7
THR-2026-0871,2026-05-19T23:27:29+00:00,Synthetic Phishing Lure Domain,Phishing,EMAIL DOMAIN,hr-notice.demo.invalid,Research Report,75,MEDIUM,58,MONITORING,2026-05-10T23:27:29+00:00,2026-05-19T23:27:29+00:00,Europe,Synthetic indicator of possible phishing relevance observed in demo telemetry. Insufficient behavioural context for further classification. ,,,,,4
THR-2025-1098,2025-04-20T23:27:29+00:00,Synthetic Backdoor Beacon Observation,Malware,FILE HASH,3c2a4d95b9d280f9babb51f9bb082d95fd08ad3e,Internal SOC,70,CRITICAL,64,MONITORING,2025-03-30T23:27:29+00:00,2025-04-20T23:27:29+00:00,Middle East & Africa,"Synthetic hash observed in demo telemetry. No behavioural report is available, so classification remains general. ",,,,,3
THR-2026-0872,2026-02-03T23:27:29+00:00,Synthetic Phishing Infrastructure Sighting,Phishing,URL,http://portal.support.invalid/auth/check,Internal SOC,80,LOW,54,NEW,2026-01-21T23:27:29+00:00,2026-02-03T23:27:29+00:00,Asia-Pacific,Synthetic indicator of possible phishing relevance observed in demo telemetry. Insufficient behavioural context for further classification. ,,,,,5
THR-2025-1099,2025-09-02T23:27:29+00:00,Synthetic Account Takeover Risk Indicator,Account Security,IP ADDRESS,198.51.100.240,Community Submission,40,LOW,34,CLOSED,2025-08-07T23:27:29+00:00,2025-09-02T23:27:29+00:00,Europe,Synthetic fraudulent account creation observed in demo telemetry; a new account was created outside standard process. ,Persistence,T1136 (Create Account),,,3
THR-2024-0183,2024-12-24T23:27:29+00:00,Synthetic Fake Portal Domain,Phishing,FILE HASH,94e3d19114758c16a741bfa0f6d9150f8e9d573ae13c3734820bddff1538c237,Internal SOC,70,MEDIUM,51,MONITORING,2024-11-27T23:27:29+00:00,2024-12-24T23:27:29+00:00,Unknown,Synthetic indicator of possible phishing relevance observed in demo telemetry. Insufficient behavioural context for further classification. ,,,,,3
THR-2025-1100,2025-06-30T23:27:29+00:00,Synthetic Phishing Infrastructure Sighting,Phishing,URL,http://secure.example.org/portal/verify,Public Threat Feed,40,LOW,38,CLOSED,2025-06-22T23:27:29+00:00,2025-06-30T23:27:29+00:00,Middle East & Africa,Synthetic e-mail attachment campaign observed in demo telemetry distributing phishing documents with credential harvest links. ,Initial Access,T1566.002 (Phishing: Spearphishing Link),,,9
THR-2025-1101,2025-09-21T23:27:29+00:00,Synthetic Malware Sample Hash,Malware,FILE HASH,ae96fad3e39048fbb5b2e55a2e500ced,Community Submission,35,INFORMATIONAL,23,NEW,2025-09-06T23:27:29+00:00,2025-09-21T23:27:29+00:00,Latin America,"Synthetic hash observed in demo telemetry. No behavioural report is available, so classification remains general. ",,,,,1
THR-2026-0873,2026-09-08T23:27:29+00:00,Synthetic Ransomware Sample,Ransomware,IP ADDRESS,192.0.2.2,Research Report,75,CRITICAL,74,CLOSED,2026-08-16T23:27:29+00:00,2026-09-08T23:27:29+00:00,,Synthetic indicator tentatively associated with ransomware activity in demo data. Behavioural context is not yet available. ,,,,,3
THR-2026-0874,2026-05-08T23:27:29+00:00,Synthetic Ransomware Note Indicator,Ransomware,FILE HASH,dc873763a883b0fc1ffd909d540e53fc91f9b8871f345e958d24631adaaaa2ce,Security Vendor,70,HIGH,60,UNDER_REVIEW,2026-04-17T23:27:29+00:00,2026-05-08T23:27:29+00:00,Europe,Synthetic indicator tentatively associated with ransomware activity in demo data. Behavioural context is not yet available. ,,,,,2
THR-2026-0875,2026-09-27T23:27:29+00:00,Synthetic Vulnerability Exposure Record,Vulnerability Exposure,URL,https://demo.invalid/attachment/invoice-2026.zip.html,Research Report,75,LOW,59,UNDER_REVIEW,2026-09-27T23:27:29+00:00,2026-09-27T23:27:29+00:00,Latin America,Synthetic vulnerability-related indicator from demo asset review. Detailed context pending. ,,,CVE-2026-900018,,4
THR-2025-1102,2025-03-28T23:27:29+00:00,Synthetic Phishing Infrastructure Sighting,Phishing,FILE HASH,152664343ec24c3f13e507c04903488a171753f8479a195dd9b59a7abc40e7a1,Public Threat Feed,40,INFORMATIONAL,32,MONITORING,2025-02-27T23:27:29+00:00,2025-03-28T23:27:29+00:00,,Synthetic phishing lure domain observed in demo telemetry; the domain mimics a login verification portal. Indicator is analysed as data only - never visited. ,Initial Access,T1566.002 (Phishing: Spearphishing Link),,,9
THR-2026-0876,2026-02-17T23:27:29+00:00,Synthetic Phishing Infrastructure Sighting,Phishing,IP ADDRESS,192.0.2.243,Research Report,70,INFORMATIONAL,42,UNDER_REVIEW,2026-02-06T23:27:29+00:00,2026-02-17T23:27:29+00:00,Unknown,Synthetic indicator of possible phishing relevance observed in demo telemetry. Insufficient behavioural context for further classification. ,,,,,2
THR-2026-0877,2026-09-22T23:27:29+00:00,Synthetic Public Leak Domain Sighting,Data Exposure,IP ADDRESS,192.0.2.140,Research Report,80,MEDIUM,72,UNDER_REVIEW,2026-09-09T23:27:29+00:00,2026-09-22T23:27:29+00:00,North America,Synthetic exfiltration observation in demo telemetry; large outbound transfer attempts to an external endpoint were recorded. ,Exfiltration,T1048 (Exfiltration Over Alternative Protocol),,,8
THR-2026-0878,2026-02-22T23:27:29+00:00,Synthetic Phishing Lure Domain,Phishing,URL,https://invoice.mail.invalid/invoice/view.html,Security Vendor,65,HIGH,57,MONITORING,2026-02-15T23:27:29+00:00,2026-02-22T23:27:29+00:00,Global,Synthetic phishing lure domain observed in demo telemetry; the domain mimics a login verification portal. Indicator is analysed as data only - never visited. ,Initial Access,T1566.002 (Phishing: Spearphishing Link),,,3
THR-2026-0879,2026-06-01T23:27:29+00:00,Synthetic Public Leak Domain Sighting,Data Exposure,URL,https://update.updates.invalid/update-password,Community Submission,60,HIGH,60,UNDER_REVIEW,2026-05-29T23:27:29+00:00,2026-06-01T23:27:29+00:00,Europe,Synthetic e-mail collection behaviour observed in demo data; mailbox export activity was simulated. ,Collection,T1114 (Email Collection),,,5
THR-2025-1103,2025-03-23T23:27:29+00:00,Demo Phishing Campaign Indicator,Phishing,FILE HASH,6679f66dc5cdc2a05a126cacb9fde632,Community Submission,40,LOW,35,UNDER_REVIEW,2025-03-09T23:27:29+00:00,2025-03-23T23:27:29+00:00,Latin America,Synthetic credential-phishing URL observed sending users to a fake account verification page in demo logs. ,Initial Access,T1566.002 (Phishing: Spearphishing Link),,,4
THR-2025-1104,2025-07-13T23:27:29+00:00,Demo Ransomware Payload Hash,Ransomware,FILE HASH,a3ca353142e0826b018c4dfaf2d16d162a0c9cad7623cbbf272e8e7c4ab02ccd,Internal SOC,70,LOW,45,UNDER_REVIEW,2025-07-08T23:27:29+00:00,2025-07-13T23:27:29+00:00,Latin America,Synthetic indicator tentatively associated with ransomware activity in demo data. Behavioural context is not yet available. ,,,,,3
THR-2024-0184,2024-12-14T23:27:29+00:00,Demo Exfiltration Endpoint Indicator,Data Exposure,IP ADDRESS,192.0.2.160,Community Submission,45,MEDIUM,49,CLOSED,2024-12-14T23:27:29+00:00,2024-12-14T23:27:29+00:00,Europe,Synthetic indicator associated with possible data-exposure monitoring in demo data. Context is limited. ,,,,,6
THR-2025-1105,2025-12-28T23:27:29+00:00,Synthetic Fake Portal Domain,Phishing,FILE HASH,6e824eda0a1602ce79a6ea6a7533e8b9c83f09f5ea486bf4bb109a2df1a0eb29,Security Vendor,65,LOW,48,UNDER_REVIEW,2025-12-06T23:27:29+00:00,2025-12-28T23:27:29+00:00,Unknown,Synthetic indicator of possible phishing relevance observed in demo telemetry. Insufficient behavioural context for further classification. ,,,,,5
THR-2025-1106,2025-12-12T23:27:29+00:00,Synthetic Data Leak Observation,Data Exposure,URL,http://update.example.com/auth/check,Community Submission,45,INFORMATIONAL,30,NEW,2025-11-20T23:27:29+00:00,2025-12-12T23:27:29+00:00,Latin America,Synthetic indicator associated with possible data-exposure monitoring in demo data. Context is limited. ,,,,,2
THR-2025-1107,2025-02-24T23:27:29+00:00,Demo Ransomware C2 Observation,Ransomware,IP ADDRESS,203.0.113.199,Public Threat Feed,45,CRITICAL,62,FALSE_POSITIVE,2025-02-02T23:27:29+00:00,2025-02-24T23:27:29+00:00,Europe,Synthetic indicator tentatively associated with ransomware activity in demo data. Behavioural context is not yet available. ,,,,,7
THR-2025-1108,2025-06-05T23:27:29+00:00,Synthetic Data Leak Observation,Data Exposure,DOMAIN,portal.example.com,Public Threat Feed,35,LOW,31,MONITORING,2025-05-14T23:27:29+00:00,2025-06-05T23:27:29+00:00,Unknown,Synthetic exfiltration observation in demo telemetry; large outbound transfer attempts to an external endpoint were recorded. ,Exfiltration,T1048 (Exfiltration Over Alternative Protocol),,,2
THR-2026-0880,2026-07-03T23:27:29+00:00,Synthetic Web Injection Observation,Web Threats,IP ADDRESS,203.0.113.176,Community Submission,60,HIGH,56,NEW,2026-06-19T23:27:29+00:00,2026-07-03T23:27:29+00:00,Unknown,Synthetic web attack indicator observed in demo telemetry; exploitation attempts against a public-facing application were recorded in demo logs. ,Initial Access,T1190 (Exploit Public-Facing Application),,,3
THR-2025-1109,2026-01-09T23:27:29+00:00,Synthetic Ransomware Note Indicator,Ransomware,FILE HASH,32b9d91175d0ea29d6bbe112d5c550df9c649606,Public Threat Feed,50,HIGH,56,CLOSED,2025-12-19T23:27:29+00:00,2026-01-09T23:27:29+00:00,Latin America,Synthetic indicator tentatively associated with ransomware activity in demo data. Behavioural context is not yet available. ,,,,,8
THR-2025-1110,2025-10-20T23:27:29+00:00,Synthetic Fraudulent Account Creation Indicator,Account Security,IP ADDRESS,198.51.100.253,Research Report,65,HIGH,58,MONITORING,2025-10-18T23:27:29+00:00,2025-10-20T23:27:29+00:00,,Synthetic indicator from demo account-monitoring telemetry. Context is limited. ,Persistence,T1136 (Create Account),,,4
THR-2025-1111,2026-01-05T23:27:29+00:00,Synthetic Vulnerability Exposure Record,Vulnerability Exposure,CVE ID,CVE-2026-900029,Public Threat Feed,50,HIGH,51,MONITORING,2025-12-30T23:27:29+00:00,2026-01-05T23:27:29+00:00,Middle East & Africa,Synthetic vulnerability exposure record; demo asset inventory shows an unpatched public-facing service with a known exploit path. Defensive awareness only. ,Initial Access,T1190 (Exploit Public-Facing Application),CVE-2026-900029,,3
THR-2026-0881,2026-07-04T23:27:29+00:00,Synthetic Phishing Lure Domain,Phishing,FILE HASH,54ae4970b1253611cfb1c470a938e48c7c075229f9cc4007b9d8bf72f9bba9f8,Security Vendor,75,HIGH,67,UNDER_REVIEW,2026-07-02T23:27:29+00:00,2026-07-04T23:27:29+00:00,Asia-Pacific,Synthetic phishing lure domain observed in demo telemetry; the domain mimics a login verification portal. Indicator is analysed as data only - never visited. ,Initial Access,T1566.002 (Phishing: Spearphishing Link),,,8
THR-2025-1112,2025-09-10T23:27:29+00:00,Synthetic Exploit Kit Domain,Web Threats,IP ADDRESS,198.51.100.212,Public Threat Feed,40,HIGH,50,NEW,2025-09-05T23:27:29+00:00,2025-09-10T23:27:29+00:00,Latin America,Synthetic indicator observed in web-monitoring demo data. No specific technique context available. ,,,,,6
THR-2025-1113,2025-07-25T23:27:29+00:00,Synthetic Malware Sample Hash,Malware,FILE HASH,3406e0b26a7a61865cdabea9be731180b10a7eb70cc734920edde64b77b17b52,Unknown Source,10,MEDIUM,28,FALSE_POSITIVE,2025-07-09T23:27:29+00:00,2025-07-25T23:27:29+00:00,Unknown,"Synthetic hash observed in demo telemetry. No behavioural report is available, so classification remains general. ",,,,,2
THR-2025-1114,2025-04-07T23:27:29+00:00,Synthetic Phishing Infrastructure Sighting,Phishing,URL,http://verify.login.invalid/update-password,Unknown Source,15,MEDIUM,36,FALSE_POSITIVE,2025-03-16T23:27:29+00:00,2025-04-07T23:27:29+00:00,Unknown,Synthetic credential-phishing URL observed sending users to a fake account verification page in demo logs. ,Initial Access,T1566.002 (Phishing: Spearphishing Link),,,9
THR-2024-0185,2025-01-09T23:27:29+00:00,Demo SQL Injection Attempt Indicator,Web Threats,IP ADDRESS,203.0.113.108,Public Threat Feed,40,HIGH,50,CLOSED,2024-12-31T23:27:29+00:00,2025-01-09T23:27:29+00:00,Middle East & Africa,Synthetic drive-by domain observed in demo data; client browser exploitation behaviour was simulated. ,Initial Access,T1190 (Exploit Public-Facing Application),,,6
THR-2026-0882,2026-05-23T23:27:29+00:00,Demo SQL Injection Attempt Indicator,Web Threats,URL,http://login.updates.invalid/invoice/view.html,Security Vendor,75,MEDIUM,56,UNDER_REVIEW,2026-05-13T23:27:29+00:00,2026-05-23T23:27:29+00:00,Middle East & Africa,Synthetic indicator observed in web-monitoring demo data. No specific technique context available. ,,,,,3
THR-2025-1115,2025-07-16T23:27:29+00:00,Demo Port Scan Activity Indicator,Network Threats,IP ADDRESS,203.0.113.162,Unknown Source,20,MEDIUM,38,MONITORING,2025-06-29T23:27:29+00:00,2025-07-16T23:27:29+00:00,Middle East & Africa,Synthetic scanning behaviour observed in demo data; network service scan attempts were logged from this address. ,Discovery,T1046 (Network Service Discovery),,,4
THR-2025-1116,2025-07-02T23:27:29+00:00,Synthetic Fake Portal Domain,Phishing,DOMAIN,team-share.billing.invalid,Security Vendor,55,LOW,44,CLOSED,2025-06-20T23:27:29+00:00,2025-07-02T23:27:29+00:00,,Synthetic indicator of possible phishing relevance observed in demo telemetry. Insufficient behavioural context for further classification. ,,,,,6
THR-2025-1117,2026-01-07T23:27:29+00:00,Synthetic CEO Fraud Domain,Social Engineering,IP ADDRESS,203.0.113.78,Internal SOC,80,LOW,59,CLOSED,2025-12-20T23:27:29+00:00,2026-01-07T23:27:29+00:00,Asia-Pacific,Synthetic indicator reported through the demo social-engineering reporting channel. Context is limited. ,,,,,6
THR-2026-0883,2026-02-14T23:27:29+00:00,Synthetic Phishing Infrastructure Sighting,Phishing,IP ADDRESS,198.51.100.16,Security Vendor,60,CRITICAL,59,MONITORING,2026-02-11T23:27:29+00:00,2026-02-14T23:27:29+00:00,,Synthetic credential-phishing URL observed sending users to a fake account verification page in demo logs. ,Initial Access,T1566.002 (Phishing: Spearphishing Link),,,1
THR-2025-1118,2025-10-30T23:27:29+00:00,Synthetic Phishing Lure Domain,Phishing,FILE HASH,50e0db2f466fea05372d9020f702d7eec1cc7754d53f44f7267effb0b2902394,Security Vendor,60,HIGH,52,CLOSED,2025-10-24T23:27:29+00:00,2025-10-30T23:27:29+00:00,,Synthetic phishing lure domain observed in demo telemetry; the domain mimics a login verification portal. Indicator is analysed as data only - never visited. ,Initial Access,T1566.002 (Phishing: Spearphishing Link),,,1
THR-2026-0884,2026-05-31T23:27:29+00:00,Synthetic Vulnerability Exposure Record,Vulnerability Exposure,CVE ID,CVE-2024-900023,Internal SOC,90,LOW,56,CLOSED,2026-05-04T23:27:29+00:00,2026-05-31T23:27:29+00:00,,Synthetic vulnerability-related indicator from demo asset review. Detailed context pending. ,,,CVE-2024-900023,,3
THR-2025-1119,2025-05-18T23:27:29+00:00,Synthetic Credential Harvester Sighting,Credential Theft,IP ADDRESS,192.0.2.121,Research Report,60,LOW,50,NEW,2025-04-24T23:27:29+00:00,2025-05-18T23:27:29+00:00,Latin America,Synthetic credential-harvesting page observed in demo telemetry; the page mimics a password store sign-in form. ,Credential Access,T1555 (Credentials from Password Stores),,,7
THR-2025-1120,2025-05-02T23:27:29+00:00,Demo Port Scan Activity Indicator,Network Threats,URL,https://updates.invalid/secure/login,Internal SOC,70,MEDIUM,56,NEW,2025-05-01T23:27:29+00:00,2025-05-02T23:27:29+00:00,Latin America,Synthetic scanning behaviour observed in demo data; network service scan attempts were logged from this address. ,Discovery,T1046 (Network Service Discovery),,,8
THR-2026-0885,2026-05-20T23:27:29+00:00,Demo Credential Phishing Observation,Phishing,URL,http://support.example.com/portal/verify,Research Report,75,MEDIUM,58,FALSE_POSITIVE,2026-04-29T23:27:29+00:00,2026-05-20T23:27:29+00:00,Global,Synthetic credential-phishing URL observed sending users to a fake account verification page in demo logs. ,Initial Access,T1566.002 (Phishing: Spearphishing Link),,,4
THR-2026-0886,2026-08-16T23:27:29+00:00,Synthetic Credential Stuffing Observation,Credential Theft,URL,http://portal-verify.example.net/login,Security Vendor,75,LOW,56,NEW,2026-07-18T23:27:29+00:00,2026-08-16T23:27:29+00:00,Europe,Synthetic indicator observed during credential-abuse monitoring in demo telemetry. Context is limited. ,,,,,5
THR-2026-0887,2026-10-04T23:27:29+00:00,Synthetic Phishing Lure Domain,Phishing,IP ADDRESS,203.0.113.38,Internal SOC,95,MEDIUM,80,UNDER_REVIEW,2026-09-21T23:27:29+00:00,2026-10-04T23:27:29+00:00,North America,Synthetic credential-phishing URL observed sending users to a fake account verification page in demo logs. ,Initial Access,T1566.002 (Phishing: Spearphishing Link),,,8
THR-2026-0888,2026-02-12T23:27:29+00:00,Synthetic C2 Callback Observation,Network Threats,IP ADDRESS,198.51.100.138,Community Submission,50,MEDIUM,45,CLOSED,2026-02-02T23:27:29+00:00,2026-02-12T23:27:29+00:00,Unknown,Synthetic command-and-control channel observed in demo telemetry; host beacon traffic to a C2 endpoint was recorded. ,Command and Control,T1071 (Application Layer Protocol),,,3
THR-2025-1121,2025-08-25T23:27:29+00:00,Synthetic Malware Sample Hash,Malware,FILE HASH,2efe0c8b4eed1d6b10d901ce4d163b17514a28f149c6b30a921e0a9d25636483,Public Threat Feed,35,HIGH,43,UNDER_REVIEW,2025-08-11T23:27:29+00:00,2025-08-25T23:27:29+00:00,,"Synthetic hash observed in demo telemetry. No behavioural report is available, so classification remains general. ",,,,,2
THR-2026-0889,2026-03-15T23:27:29+00:00,Synthetic Credential Stuffing Observation,Credential Theft,IP ADDRESS,203.0.113.12,Internal SOC,85,MEDIUM,62,MONITORING,2026-02-19T23:27:29+00:00,2026-03-15T23:27:29+00:00,Europe,Synthetic indicator observed during credential-abuse monitoring in demo telemetry. Context is limited. ,,,,,3
THR-2025-1122,2025-03-11T23:27:29+00:00,Synthetic Fraudulent Account Creation Indicator,Account Security,IP ADDRESS,192.0.2.75,Internal SOC,75,LOW,55,MONITORING,2025-03-10T23:27:29+00:00,2025-03-11T23:27:29+00:00,Latin America,Synthetic fraudulent account creation observed in demo telemetry; a new account was created outside standard process. ,Persistence,T1136 (Create Account),,,7
THR-2025-1123,2025-09-17T23:27:29+00:00,Synthetic Credential Harvester Sighting,Credential Theft,IP ADDRESS,203.0.113.10,Security Vendor,50,HIGH,48,FALSE_POSITIVE,2025-08-30T23:27:29+00:00,2025-09-17T23:27:29+00:00,Middle East & Africa,Synthetic indicator observed during credential-abuse monitoring in demo telemetry. Context is limited. ,,,,,2
THR-2025-1124,2025-08-23T23:27:29+00:00,Demo Malware Distribution Observation,Malware,FILE HASH,1ef04bef7011e329ce450a2ffa0a723e,Public Threat Feed,35,LOW,31,FALSE_POSITIVE,2025-08-23T23:27:29+00:00,2025-08-23T23:27:29+00:00,Global,Synthetic trojan hash sighted in demo data; associated with credential dumping behaviour in the sandbox report. ,,,,,2
THR-2025-1125,2025-07-20T23:27:29+00:00,Synthetic Ransomware Sample,Ransomware,FILE HASH,d7693321ec31dd22b1a4739a1e9f0a08,Security Vendor,55,MEDIUM,50,MONITORING,2025-07-12T23:27:29+00:00,2025-07-20T23:27:29+00:00,Latin America,Synthetic ransomware sample observed in demo telemetry; the sample attempts file encryption of user documents and inhibits system recovery options. ,Impact,T1486 (Data Encrypted for Impact),,,6
THR-2025-1126,2025-08-26T23:27:29+00:00,Synthetic Exploitable Service Observation,Vulnerability Exposure,CVE ID,CVE-2026-900010,Internal SOC,70,MEDIUM,56,MONITORING,2025-07-31T23:27:29+00:00,2025-08-26T23:27:29+00:00,Middle East & Africa,Synthetic vulnerability-related indicator from demo asset review. Detailed context pending. ,,,CVE-2026-900010,,7
